deployment_id,environment,timestamp,pipeline_run,duration_seconds,status,rollback,linked_pr,linked_adr
DEP-0001,staging,2021-01-12 00:13:00,https://github.com/novatech-solutions/atlaspay-backend/actions/runs/38818,155,Failed,False,PR-0001,ADR-0001
DEP-0002,staging,2021-01-12 01:22:00,https://github.com/novatech-solutions/atlaspay-backend/actions/runs/38818,147,Success,False,PR-0001,ADR-0001
DEP-0003,production,2021-01-12 15:22:00,https://github.com/novatech-solutions/atlaspay-backend/actions/runs/72853,104,Success,False,PR-0001,ADR-0001
DEP-0004,staging,2021-01-19 00:14:00,https://github.com/novatech-solutions/novacommerce-core/actions/runs/99815,111,Success,False,PR-0003,
DEP-0005,production,2021-01-19 07:14:00,https://github.com/novatech-solutions/novacommerce-core/actions/runs/42055,198,Success,False,PR-0003,
DEP-0006,staging,2021-01-20 00:18:00,https://github.com/novatech-solutions/platform-infra/actions/runs/18258,130,Success,False,PR-0002,ADR-0003
DEP-0007,production,2021-01-20 15:18:00,https://github.com/novatech-solutions/platform-infra/actions/runs/13852,346,Success,False,PR-0002,ADR-0003
DEP-0008,staging,2021-01-21 00:26:00,https://github.com/novatech-solutions/atlaspay-backend/actions/runs/55853,229,Success,False,PR-0004,
DEP-0009,production,2021-01-21 13:26:00,https://github.com/novatech-solutions/atlaspay-backend/actions/runs/54053,162,Success,False,PR-0004,
DEP-0010,staging,2021-01-22 00:15:00,https://github.com/novatech-solutions/atlaspay-backend/actions/runs/76357,121,Success,False,PR-0008,ADR-0001
DEP-0011,production,2021-01-22 14:15:00,https://github.com/novatech-solutions/atlaspay-backend/actions/runs/21563,282,Success,False,PR-0008,ADR-0001
DEP-0012,staging,2021-01-24 00:09:00,https://github.com/novatech-solutions/cloudsync-apps/actions/runs/54612,234,Success,False,PR-0005,
DEP-0013,production,2021-01-24 17:09:00,https://github.com/novatech-solutions/cloudsync-apps/actions/runs/54311,91,Success,False,PR-0005,
DEP-0014,staging,2021-01-25 00:05:00,https://github.com/novatech-solutions/novacommerce-core/actions/runs/15493,112,Success,False,PR-0010,
DEP-0015,production,2021-01-25 23:05:00,https://github.com/novatech-solutions/novacommerce-core/actions/runs/73076,121,Success,False,PR-0010,
DEP-0016,staging,2021-01-27 00:09:00,https://github.com/novatech-solutions/security-tools/actions/runs/98189,234,Success,False,PR-0011,ADR-0002
DEP-0017,production,2021-01-27 17:09:00,https://github.com/novatech-solutions/security-tools/actions/runs/60692,217,Success,False,PR-0011,ADR-0002
DEP-0018,staging,2021-01-28 00:18:00,https://github.com/novatech-solutions/security-tools/actions/runs/22821,109,Success,False,PR-0012,ADR-0002
DEP-0019,production,2021-01-28 07:18:00,https://github.com/novatech-solutions/security-tools/actions/runs/33399,297,Success,False,PR-0012,ADR-0002
DEP-0020,staging,2021-01-28 00:27:00,https://github.com/novatech-solutions/security-tools/actions/runs/36772,123,Success,False,PR-0014,ADR-0002
DEP-0021,production,2021-01-28 18:27:00,https://github.com/novatech-solutions/security-tools/actions/runs/50336,261,Success,False,PR-0014,ADR-0002
DEP-0022,staging,2021-01-29 00:20:00,https://github.com/novatech-solutions/atlaspay-backend/actions/runs/20413,231,Success,False,PR-0007,ADR-0001
DEP-0023,production,2021-01-29 06:20:00,https://github.com/novatech-solutions/atlaspay-backend/actions/runs/57000,190,Success,False,PR-0007,ADR-0001
DEP-0024,staging,2021-01-30 00:24:00,https://github.com/novatech-solutions/insightcrm-core/actions/runs/91002,108,Success,False,PR-0016,ADR-0005
DEP-0025,production,2021-01-30 08:24:00,https://github.com/novatech-solutions/insightcrm-core/actions/runs/68318,172,Success,False,PR-0016,ADR-0005
DEP-0026,staging,2021-01-31 00:10:00,https://github.com/novatech-solutions/security-tools/actions/runs/79808,98,Success,False,PR-0019,ADR-0006
DEP-0027,production,2021-01-31 17:10:00,https://github.com/novatech-solutions/security-tools/actions/runs/64614,269,Success,False,PR-0019,ADR-0006
DEP-0028,staging,2021-02-03 00:16:00,https://github.com/novatech-solutions/cloudsync-core/actions/runs/11800,157,Success,False,PR-0021,
DEP-0029,production,2021-02-03 10:16:00,https://github.com/novatech-solutions/cloudsync-core/actions/runs/46909,327,Success,False,PR-0021,
DEP-0030,staging,2021-02-05 00:14:00,https://github.com/novatech-solutions/platform-infra/actions/runs/60410,64,Success,False,PR-0015,ADR-0003
DEP-0031,production,2021-02-05 09:14:00,https://github.com/novatech-solutions/platform-infra/actions/runs/41423,195,Success,False,PR-0015,ADR-0003
DEP-0032,staging,2021-02-05 00:15:00,https://github.com/novatech-solutions/insightcrm-core/actions/runs/90989,100,Success,False,PR-0023,ADR-0005
DEP-0033,production,2021-02-05 19:15:00,https://github.com/novatech-solutions/insightcrm-core/actions/runs/47220,227,Success,False,PR-0023,ADR-0005
DEP-0034,staging,2021-02-05 00:09:00,https://github.com/novatech-solutions/insightcrm-core/actions/runs/15821,143,Success,False,PR-0026,ADR-0005
DEP-0035,production,2021-02-05 13:09:00,https://github.com/novatech-solutions/insightcrm-core/actions/runs/38216,249,Success,False,PR-0026,ADR-0005
DEP-0036,staging,2021-02-07 00:29:00,https://github.com/novatech-solutions/fusionerp-monolith/actions/runs/39217,211,Success,False,PR-0017,ADR-0009
DEP-0037,production,2021-02-07 22:29:00,https://github.com/novatech-solutions/fusionerp-monolith/actions/runs/13474,289,Success,False,PR-0017,ADR-0009
DEP-0038,staging,2021-02-08 00:17:00,https://github.com/novatech-solutions/platform-infra/actions/runs/35733,168,Success,False,PR-0020,ADR-0004
DEP-0039,production,2021-02-08 18:17:00,https://github.com/novatech-solutions/platform-infra/actions/runs/91289,207,Success,False,PR-0020,ADR-0004
DEP-0040,staging,2021-02-11 00:08:00,https://github.com/novatech-solutions/atlaspay-backend/actions/runs/48754,209,Success,False,PR-0006,ADR-0001
DEP-0041,production,2021-02-11 16:08:00,https://github.com/novatech-solutions/atlaspay-backend/actions/runs/96145,347,Success,False,PR-0006,ADR-0001
DEP-0042,staging,2021-02-11 00:20:00,https://github.com/novatech-solutions/security-tools/actions/runs/57172,125,Success,False,PR-0027,ADR-0006
DEP-0043,production,2021-02-11 14:20:00,https://github.com/novatech-solutions/security-tools/actions/runs/35179,97,Success,False,PR-0027,ADR-0006
DEP-0044,staging,2021-02-11 00:26:00,https://github.com/novatech-solutions/visionai-engine/actions/runs/81105,222,Success,False,PR-0030,ADR-0007
DEP-0045,production,2021-02-11 14:26:00,https://github.com/novatech-solutions/visionai-engine/actions/runs/57263,287,Success,False,PR-0030,ADR-0007
DEP-0046,staging,2021-02-12 00:23:00,https://github.com/novatech-solutions/cloudsync-apps/actions/runs/88266,212,Success,False,PR-0025,
DEP-0047,production,2021-02-12 10:23:00,https://github.com/novatech-solutions/cloudsync-apps/actions/runs/92736,148,Success,False,PR-0025,
DEP-0048,staging,2021-02-14 00:10:00,https://github.com/novatech-solutions/fusionerp-monolith/actions/runs/48645,165,Success,False,PR-0034,ADR-0009
DEP-0049,production,2021-02-14 11:10:00,https://github.com/novatech-solutions/fusionerp-monolith/actions/runs/78116,235,Failed,True,PR-0034,ADR-0009
DEP-0050,staging,2021-02-14 00:09:00,https://github.com/novatech-solutions/fusionerp-monolith/actions/runs/84181,91,Success,False,PR-0036,ADR-0009
DEP-0051,production,2021-02-15 00:09:00,https://github.com/novatech-solutions/fusionerp-monolith/actions/runs/93107,131,Success,False,PR-0036,ADR-0009
DEP-0052,staging,2021-02-14 00:08:00,https://github.com/novatech-solutions/fusionerp-monolith/actions/runs/44510,210,Success,False,PR-0037,ADR-0009
DEP-0053,production,2021-02-14 04:08:00,https://github.com/novatech-solutions/fusionerp-monolith/actions/runs/62332,206,Success,False,PR-0037,ADR-0009
DEP-0054,staging,2021-02-15 00:14:00,https://github.com/novatech-solutions/fusionerp-monolith/actions/runs/71698,174,Success,False,PR-0028,
DEP-0055,production,2021-02-15 06:14:00,https://github.com/novatech-solutions/fusionerp-monolith/actions/runs/81090,151,Success,False,PR-0028,
DEP-0056,staging,2021-02-15 00:21:00,https://github.com/novatech-solutions/fusionerp-monolith/actions/runs/15684,139,Failed,False,PR-0039,ADR-0008
DEP-0057,staging,2021-02-15 01:37:00,https://github.com/novatech-solutions/fusionerp-monolith/actions/runs/15684,126,Success,False,PR-0039,ADR-0008
DEP-0058,production,2021-02-15 10:37:00,https://github.com/novatech-solutions/fusionerp-monolith/actions/runs/82953,90,Success,False,PR-0039,ADR-0008
DEP-0059,staging,2021-02-16 00:10:00,https://github.com/novatech-solutions/visionai-engine/actions/runs/99632,82,Failed,False,PR-0031,ADR-0007
DEP-0060,staging,2021-02-16 01:17:00,https://github.com/novatech-solutions/visionai-engine/actions/runs/99632,86,Success,False,PR-0031,ADR-0007
DEP-0061,production,2021-02-16 05:17:00,https://github.com/novatech-solutions/visionai-engine/actions/runs/56252,163,Success,False,PR-0031,ADR-0007
DEP-0062,staging,2021-02-16 00:21:00,https://github.com/novatech-solutions/fusionerp-monolith/actions/runs/99483,94,Success,False,PR-0040,
DEP-0063,production,2021-02-16 22:21:00,https://github.com/novatech-solutions/fusionerp-monolith/actions/runs/32362,224,Success,False,PR-0040,
DEP-0064,staging,2021-02-17 00:19:00,https://github.com/novatech-solutions/security-tools/actions/runs/76457,223,Failed,False,PR-0009,ADR-0002
DEP-0065,staging,2021-02-17 01:43:00,https://github.com/novatech-solutions/security-tools/actions/runs/76457,204,Success,False,PR-0009,ADR-0002
DEP-0066,production,2021-02-17 10:43:00,https://github.com/novatech-solutions/security-tools/actions/runs/33036,136,Success,False,PR-0009,ADR-0002
DEP-0067,staging,2021-02-17 00:22:00,https://github.com/novatech-solutions/cloudsync-core/actions/runs/84110,215,Success,False,PR-0043,ADR-0010
DEP-0068,production,2021-02-17 12:22:00,https://github.com/novatech-solutions/cloudsync-core/actions/runs/93360,145,Success,False,PR-0043,ADR-0010
DEP-0069,staging,2021-02-17 00:26:00,https://github.com/novatech-solutions/cloudsync-core/actions/runs/93678,138,Failed,False,PR-0046,ADR-0010
DEP-0070,staging,2021-02-17 01:54:00,https://github.com/novatech-solutions/cloudsync-core/actions/runs/93678,137,Success,False,PR-0046,ADR-0010
DEP-0071,production,2021-02-17 16:54:00,https://github.com/novatech-solutions/cloudsync-core/actions/runs/40036,306,Success,False,PR-0046,ADR-0010
DEP-0072,staging,2021-02-19 00:17:00,https://github.com/novatech-solutions/platform-infra/actions/runs/38533,188,Success,False,PR-0013,ADR-0003
DEP-0073,production,2021-02-19 16:17:00,https://github.com/novatech-solutions/platform-infra/actions/runs/15534,324,Success,False,PR-0013,ADR-0003
DEP-0074,staging,2021-02-19 00:27:00,https://github.com/novatech-solutions/fusionerp-monolith/actions/runs/26138,176,Success,False,PR-0041,ADR-0008
DEP-0075,production,2021-02-19 21:27:00,https://github.com/novatech-solutions/fusionerp-monolith/actions/runs/12965,275,Success,False,PR-0041,ADR-0008
DEP-0076,staging,2021-02-19 00:17:00,https://github.com/novatech-solutions/cloudsync-core/actions/runs/24544,107,Success,False,PR-0042,ADR-0010
DEP-0077,production,2021-02-20 00:17:00,https://github.com/novatech-solutions/cloudsync-core/actions/runs/38704,93,Failed,True,PR-0042,ADR-0010
DEP-0078,staging,2021-02-20 00:16:00,https://github.com/novatech-solutions/atlaspay-backend/actions/runs/90887,121,Success,False,PR-0045,
DEP-0079,production,2021-02-20 21:16:00,https://github.com/novatech-solutions/atlaspay-backend/actions/runs/20874,259,Success,False,PR-0045,
DEP-0080,staging,2021-02-24 00:24:00,https://github.com/novatech-solutions/platform-infra/actions/runs/66695,234,Success,False,PR-0018,ADR-0004
DEP-0081,production,2021-02-24 21:24:00,https://github.com/novatech-solutions/platform-infra/actions/runs/59063,225,Success,False,PR-0018,ADR-0004
DEP-0082,staging,2021-02-24 00:09:00,https://github.com/novatech-solutions/fusionerp-monolith/actions/runs/57471,153,Success,False,PR-0038,ADR-0008
DEP-0083,production,2021-02-24 17:09:00,https://github.com/novatech-solutions/fusionerp-monolith/actions/runs/40535,178,Success,False,PR-0038,ADR-0008
DEP-0084,staging,2021-02-25 00:29:00,https://github.com/novatech-solutions/insightcrm-web/actions/runs/84488,76,Success,False,PR-0049,
DEP-0085,production,2021-02-25 22:29:00,https://github.com/novatech-solutions/insightcrm-web/actions/runs/51204,354,Success,False,PR-0049,
DEP-0086,staging,2021-02-27 00:29:00,https://github.com/novatech-solutions/cloudsync-core/actions/runs/32216,100,Failed,False,PR-0044,ADR-0012
DEP-0087,staging,2021-02-27 01:37:00,https://github.com/novatech-solutions/cloudsync-core/actions/runs/32216,89,Success,False,PR-0044,ADR-0012
DEP-0088,production,2021-02-27 21:37:00,https://github.com/novatech-solutions/cloudsync-core/actions/runs/33860,107,Success,False,PR-0044,ADR-0012
DEP-0089,staging,2021-03-01 00:16:00,https://github.com/novatech-solutions/insightcrm-core/actions/runs/47155,201,Success,False,PR-0022,ADR-0005
DEP-0090,production,2021-03-01 12:16:00,https://github.com/novatech-solutions/insightcrm-core/actions/runs/51201,253,Success,False,PR-0022,ADR-0005
DEP-0091,staging,2021-03-01 00:14:00,https://github.com/novatech-solutions/novacommerce-core/actions/runs/52126,69,Success,False,PR-0048,ADR-0014
DEP-0092,production,2021-03-01 10:14:00,https://github.com/novatech-solutions/novacommerce-core/actions/runs/69267,347,Success,False,PR-0048,ADR-0014
DEP-0093,staging,2021-03-02 00:10:00,https://github.com/novatech-solutions/security-tools/actions/runs/24501,207,Success,False,PR-0024,ADR-0006
DEP-0094,production,2021-03-02 06:10:00,https://github.com/novatech-solutions/security-tools/actions/runs/68711,295,Success,False,PR-0024,ADR-0006
DEP-0095,staging,2021-03-02 00:12:00,https://github.com/novatech-solutions/insightcrm-web/actions/runs/98625,153,Success,False,PR-0055,
DEP-0096,production,2021-03-02 22:12:00,https://github.com/novatech-solutions/insightcrm-web/actions/runs/92821,104,Success,False,PR-0055,
DEP-0097,staging,2021-03-06 00:18:00,https://github.com/novatech-solutions/visionai-engine/actions/runs/37013,97,Success,False,PR-0029,ADR-0007
DEP-0098,production,2021-03-06 02:18:00,https://github.com/novatech-solutions/visionai-engine/actions/runs/67728,128,Success,False,PR-0029,ADR-0007
DEP-0099,staging,2021-03-07 00:07:00,https://github.com/novatech-solutions/visionai-engine/actions/runs/56669,150,Success,False,PR-0051,ADR-0011
DEP-0100,production,2021-03-07 16:07:00,https://github.com/novatech-solutions/visionai-engine/actions/runs/27376,186,Success,False,PR-0051,ADR-0011
DEP-0101,staging,2021-03-07 00:24:00,https://github.com/novatech-solutions/novacommerce-web/actions/runs/25650,226,Success,False,PR-0054,ADR-0017
DEP-0102,production,2021-03-07 13:24:00,https://github.com/novatech-solutions/novacommerce-web/actions/runs/19249,154,Success,False,PR-0054,ADR-0017
DEP-0103,staging,2021-03-07 00:16:00,https://github.com/novatech-solutions/platform-infra/actions/runs/71964,222,Success,False,PR-0066,ADR-0013
DEP-0104,production,2021-03-07 09:16:00,https://github.com/novatech-solutions/platform-infra/actions/runs/36888,282,Success,False,PR-0066,ADR-0013
DEP-0105,staging,2021-03-08 00:20:00,https://github.com/novatech-solutions/fusionerp-monolith/actions/runs/16672,185,Success,False,PR-0032,ADR-0008
DEP-0106,production,2021-03-08 08:20:00,https://github.com/novatech-solutions/fusionerp-monolith/actions/runs/64240,198,Success,False,PR-0032,ADR-0008
DEP-0107,staging,2021-03-08 00:17:00,https://github.com/novatech-solutions/visionai-engine/actions/runs/66028,192,Success,False,PR-0056,ADR-0011
DEP-0108,production,2021-03-08 22:17:00,https://github.com/novatech-solutions/visionai-engine/actions/runs/60591,155,Success,False,PR-0056,ADR-0011
DEP-0109,staging,2021-03-08 00:25:00,https://github.com/novatech-solutions/atlaspay-backend/actions/runs/99238,89,Success,False,PR-0067,ADR-0016
DEP-0110,production,2021-03-08 15:25:00,https://github.com/novatech-solutions/atlaspay-backend/actions/runs/43796,347,Success,False,PR-0067,ADR-0016
DEP-0111,staging,2021-03-09 00:05:00,https://github.com/novatech-solutions/fusionerp-monolith/actions/runs/79655,77,Success,False,PR-0033,ADR-0009
DEP-0112,production,2021-03-09 21:05:00,https://github.com/novatech-solutions/fusionerp-monolith/actions/runs/81590,259,Success,False,PR-0033,ADR-0009
DEP-0113,staging,2021-03-10 00:15:00,https://github.com/novatech-solutions/visionai-engine/actions/runs/77402,189,Success,False,PR-0053,ADR-0011
DEP-0114,production,2021-03-10 21:15:00,https://github.com/novatech-solutions/visionai-engine/actions/runs/68473,153,Success,False,PR-0053,ADR-0011
DEP-0115,staging,2021-03-10 00:10:00,https://github.com/novatech-solutions/novacommerce-core/actions/runs/17595,166,Success,False,PR-0061,ADR-0014
DEP-0116,production,2021-03-10 01:10:00,https://github.com/novatech-solutions/novacommerce-core/actions/runs/21780,240,Success,False,PR-0061,ADR-0014
DEP-0117,staging,2021-03-10 00:05:00,https://github.com/novatech-solutions/novacommerce-core/actions/runs/83007,203,Success,False,PR-0065,ADR-0015
DEP-0118,production,2021-03-10 06:05:00,https://github.com/novatech-solutions/novacommerce-core/actions/runs/13676,320,Success,False,PR-0065,ADR-0015
DEP-0119,staging,2021-03-11 00:12:00,https://github.com/novatech-solutions/cloudsync-core/actions/runs/21326,182,Success,False,PR-0035,ADR-0010
DEP-0120,production,2021-03-11 19:12:00,https://github.com/novatech-solutions/cloudsync-core/actions/runs/43816,317,Success,False,PR-0035,ADR-0010
DEP-0121,staging,2021-03-11 00:15:00,https://github.com/novatech-solutions/novacommerce-core/actions/runs/89144,65,Success,False,PR-0063,ADR-0015
DEP-0122,production,2021-03-11 16:15:00,https://github.com/novatech-solutions/novacommerce-core/actions/runs/96636,226,Success,False,PR-0063,ADR-0015
DEP-0123,staging,2021-03-11 00:13:00,https://github.com/novatech-solutions/platform-infra/actions/runs/71963,237,Success,False,PR-0068,ADR-0013
DEP-0124,production,2021-03-11 22:13:00,https://github.com/novatech-solutions/platform-infra/actions/runs/99201,178,Failed,True,PR-0068,ADR-0013
DEP-0125,staging,2021-03-14 00:15:00,https://github.com/novatech-solutions/visionai-engine/actions/runs/64790,133,Success,False,PR-0064,
DEP-0126,production,2021-03-14 04:15:00,https://github.com/novatech-solutions/visionai-engine/actions/runs/92044,258,Success,False,PR-0064,
DEP-0127,staging,2021-03-16 00:15:00,https://github.com/novatech-solutions/novacommerce-web/actions/runs/92505,126,Success,False,PR-0076,ADR-0017
DEP-0128,production,2021-03-16 01:15:00,https://github.com/novatech-solutions/novacommerce-web/actions/runs/83418,314,Success,False,PR-0076,ADR-0017
DEP-0129,staging,2021-03-17 00:30:00,https://github.com/novatech-solutions/atlaspay-backend/actions/runs/17055,107,Success,False,PR-0069,ADR-0016
DEP-0130,production,2021-03-17 04:30:00,https://github.com/novatech-solutions/atlaspay-backend/actions/runs/25010,122,Success,False,PR-0069,ADR-0016
DEP-0131,staging,2021-03-17 00:12:00,https://github.com/novatech-solutions/novacommerce-web/actions/runs/95466,191,Failed,False,PR-0071,ADR-0017
DEP-0132,staging,2021-03-17 01:39:00,https://github.com/novatech-solutions/novacommerce-web/actions/runs/95466,185,Success,False,PR-0071,ADR-0017
DEP-0133,production,2021-03-17 21:39:00,https://github.com/novatech-solutions/novacommerce-web/actions/runs/19773,146,Success,False,PR-0071,ADR-0017
DEP-0134,staging,2021-03-17 00:29:00,https://github.com/novatech-solutions/novacommerce-web/actions/runs/52373,218,Success,False,PR-0072,ADR-0017
DEP-0135,production,2021-03-17 21:29:00,https://github.com/novatech-solutions/novacommerce-web/actions/runs/56185,153,Success,False,PR-0072,ADR-0017
DEP-0136,staging,2021-03-19 00:30:00,https://github.com/novatech-solutions/visionai-engine/actions/runs/44458,112,Success,False,PR-0075,ADR-0018
DEP-0137,production,2021-03-19 11:30:00,https://github.com/novatech-solutions/visionai-engine/actions/runs/82156,118,Success,False,PR-0075,ADR-0018
DEP-0138,staging,2021-03-23 00:23:00,https://github.com/novatech-solutions/platform-infra/actions/runs/72945,235,Success,False,PR-0074,ADR-0020
DEP-0139,production,2021-03-23 03:23:00,https://github.com/novatech-solutions/platform-infra/actions/runs/73994,201,Success,False,PR-0074,ADR-0020
DEP-0140,staging,2021-03-24 00:29:00,https://github.com/novatech-solutions/visionai-engine/actions/runs/11586,179,Success,False,PR-0050,ADR-0011
DEP-0141,production,2021-03-24 22:29:00,https://github.com/novatech-solutions/visionai-engine/actions/runs/60337,121,Success,False,PR-0050,ADR-0011
DEP-0142,staging,2021-03-29 00:29:00,https://github.com/novatech-solutions/cloudsync-core/actions/runs/55020,73,Success,False,PR-0057,ADR-0012
DEP-0143,production,2021-03-29 23:29:00,https://github.com/novatech-solutions/cloudsync-core/actions/runs/47980,304,Success,False,PR-0057,ADR-0012
DEP-0144,staging,2021-03-29 00:05:00,https://github.com/novatech-solutions/visionai-engine/actions/runs/80830,82,Success,False,PR-0077,ADR-0018
DEP-0145,production,2021-03-29 08:05:00,https://github.com/novatech-solutions/visionai-engine/actions/runs/12883,231,Success,False,PR-0077,ADR-0018
DEP-0146,staging,2021-03-30 00:27:00,https://github.com/novatech-solutions/platform-infra/actions/runs/48524,228,Success,False,PR-0058,ADR-0013
DEP-0147,production,2021-03-31 00:27:00,https://github.com/novatech-solutions/platform-infra/actions/runs/91303,322,Success,False,PR-0058,ADR-0013
DEP-0148,staging,2021-03-30 00:05:00,https://github.com/novatech-solutions/security-tools/actions/runs/84075,192,Success,False,PR-0080,ADR-0019
DEP-0149,production,2021-03-30 07:05:00,https://github.com/novatech-solutions/security-tools/actions/runs/69574,141,Success,False,PR-0080,ADR-0019
DEP-0150,staging,2021-03-30 00:11:00,https://github.com/novatech-solutions/security-tools/actions/runs/66786,134,Success,False,PR-0084,
DEP-0151,production,2021-03-30 04:11:00,https://github.com/novatech-solutions/security-tools/actions/runs/30487,273,Success,False,PR-0084,
DEP-0152,staging,2021-03-31 00:09:00,https://github.com/novatech-solutions/novacommerce-core/actions/runs/18745,80,Success,False,PR-0059,ADR-0014
DEP-0153,production,2021-03-31 08:09:00,https://github.com/novatech-solutions/novacommerce-core/actions/runs/48474,130,Success,False,PR-0059,ADR-0014
DEP-0154,staging,2021-03-31 00:22:00,https://github.com/novatech-solutions/novacommerce-core/actions/runs/28131,86,Success,False,PR-0060,ADR-0015
DEP-0155,production,2021-03-31 14:22:00,https://github.com/novatech-solutions/novacommerce-core/actions/runs/60419,158,Success,False,PR-0060,ADR-0015
DEP-0156,staging,2021-04-01 00:16:00,https://github.com/novatech-solutions/atlaspay-backend/actions/runs/52984,116,Success,False,PR-0062,ADR-0016
DEP-0157,production,2021-04-01 21:16:00,https://github.com/novatech-solutions/atlaspay-backend/actions/runs/80358,212,Success,False,PR-0062,ADR-0016
DEP-0158,staging,2021-04-03 00:11:00,https://github.com/novatech-solutions/security-tools/actions/runs/90790,226,Success,False,PR-0079,ADR-0019
DEP-0159,production,2021-04-03 14:11:00,https://github.com/novatech-solutions/security-tools/actions/runs/63462,255,Success,False,PR-0079,ADR-0019
DEP-0160,staging,2021-04-03 00:05:00,https://github.com/novatech-solutions/security-tools/actions/runs/90057,164,Success,False,PR-0081,ADR-0019
DEP-0161,production,2021-04-03 09:05:00,https://github.com/novatech-solutions/security-tools/actions/runs/76942,297,Success,False,PR-0081,ADR-0019
DEP-0162,staging,2021-04-03 00:25:00,https://github.com/novatech-solutions/fusionerp-monolith/actions/runs/16768,172,Success,False,PR-0083,
DEP-0163,production,2021-04-03 20:25:00,https://github.com/novatech-solutions/fusionerp-monolith/actions/runs/91200,131,Success,False,PR-0083,
DEP-0164,staging,2021-04-04 00:16:00,https://github.com/novatech-solutions/platform-infra/actions/runs/87299,230,Success,False,PR-0085,ADR-0020
DEP-0165,production,2021-04-04 14:16:00,https://github.com/novatech-solutions/platform-infra/actions/runs/33648,143,Success,False,PR-0085,ADR-0020
DEP-0166,staging,2021-04-05 00:25:00,https://github.com/novatech-solutions/security-tools/actions/runs/43655,124,Success,False,PR-0089,ADR-0022
DEP-0167,production,2021-04-05 21:25:00,https://github.com/novatech-solutions/security-tools/actions/runs/90844,220,Success,False,PR-0089,ADR-0022
DEP-0168,staging,2021-04-06 00:11:00,https://github.com/novatech-solutions/novacommerce-web/actions/runs/82482,226,Success,False,PR-0070,ADR-0017
DEP-0169,production,2021-04-06 10:11:00,https://github.com/novatech-solutions/novacommerce-web/actions/runs/44371,347,Success,False,PR-0070,ADR-0017
DEP-0170,staging,2021-04-06 00:13:00,https://github.com/novatech-solutions/atlaspay-backend/actions/runs/32103,75,Success,False,PR-0087,
DEP-0171,production,2021-04-06 08:13:00,https://github.com/novatech-solutions/atlaspay-backend/actions/runs/25010,332,Success,False,PR-0087,
DEP-0172,staging,2021-04-06 00:30:00,https://github.com/novatech-solutions/platform-infra/actions/runs/53235,158,Success,False,PR-0088,
DEP-0173,production,2021-04-06 22:30:00,https://github.com/novatech-solutions/platform-infra/actions/runs/82896,166,Success,False,PR-0088,
DEP-0174,staging,2021-04-07 00:18:00,https://github.com/novatech-solutions/platform-infra/actions/runs/19995,79,Success,False,PR-0086,ADR-0020
DEP-0175,production,2021-04-07 17:18:00,https://github.com/novatech-solutions/platform-infra/actions/runs/90757,299,Success,False,PR-0086,ADR-0020
DEP-0176,staging,2021-04-09 00:07:00,https://github.com/novatech-solutions/visionai-engine/actions/runs/81674,78,Success,False,PR-0073,ADR-0018
DEP-0177,production,2021-04-09 23:07:00,https://github.com/novatech-solutions/visionai-engine/actions/runs/94931,139,Success,False,PR-0073,ADR-0018
DEP-0178,staging,2021-04-10 00:29:00,https://github.com/novatech-solutions/cloudsync-apps/actions/runs/17212,195,Success,False,PR-0093,
DEP-0179,production,2021-04-10 04:29:00,https://github.com/novatech-solutions/cloudsync-apps/actions/runs/70167,235,Success,False,PR-0093,
DEP-0180,staging,2021-04-12 00:05:00,https://github.com/novatech-solutions/fusionerp-monolith/actions/runs/45086,224,Success,False,PR-0098,ADR-0021
DEP-0181,production,2021-04-12 09:05:00,https://github.com/novatech-solutions/fusionerp-monolith/actions/runs/43458,219,Success,False,PR-0098,ADR-0021
DEP-0182,staging,2021-04-13 00:15:00,https://github.com/novatech-solutions/fusionerp-monolith/actions/runs/98308,118,Success,False,PR-0096,ADR-0021
DEP-0183,production,2021-04-13 05:15:00,https://github.com/novatech-solutions/fusionerp-monolith/actions/runs/27547,330,Success,False,PR-0096,ADR-0021
DEP-0184,staging,2021-04-13 00:07:00,https://github.com/novatech-solutions/security-tools/actions/runs/18427,237,Failed,False,PR-0100,ADR-0022
DEP-0185,staging,2021-04-13 01:13:00,https://github.com/novatech-solutions/security-tools/actions/runs/18427,238,Success,False,PR-0100,ADR-0022
DEP-0186,production,2021-04-13 04:13:00,https://github.com/novatech-solutions/security-tools/actions/runs/10992,134,Failed,True,PR-0100,ADR-0022
DEP-0187,staging,2021-04-15 00:23:00,https://github.com/novatech-solutions/visionai-engine/actions/runs/99020,235,Success,False,PR-0090,ADR-0024
DEP-0188,production,2021-04-15 05:23:00,https://github.com/novatech-solutions/visionai-engine/actions/runs/93852,358,Success,False,PR-0090,ADR-0024
DEP-0189,staging,2021-04-15 00:09:00,https://github.com/novatech-solutions/fusionerp-monolith/actions/runs/56753,147,Success,False,PR-0092,
DEP-0190,production,2021-04-15 03:09:00,https://github.com/novatech-solutions/fusionerp-monolith/actions/runs/32626,312,Success,False,PR-0092,
DEP-0191,staging,2021-04-18 00:26:00,https://github.com/novatech-solutions/security-tools/actions/runs/10020,62,Success,False,PR-0078,ADR-0019
DEP-0192,production,2021-04-18 01:26:00,https://github.com/novatech-solutions/security-tools/actions/runs/81062,352,Success,False,PR-0078,ADR-0019
DEP-0193,staging,2021-04-19 00:28:00,https://github.com/novatech-solutions/novacommerce-core/actions/runs/94168,180,Success,False,PR-0099,ADR-0025
DEP-0194,production,2021-04-19 14:28:00,https://github.com/novatech-solutions/novacommerce-core/actions/runs/50409,144,Success,False,PR-0099,ADR-0025
DEP-0195,staging,2021-04-20 00:12:00,https://github.com/novatech-solutions/atlaspay-backend/actions/runs/31700,173,Success,False,PR-0097,
DEP-0196,production,2021-04-20 06:12:00,https://github.com/novatech-solutions/atlaspay-backend/actions/runs/52720,278,Success,False,PR-0097,
DEP-0197,staging,2021-04-21 00:18:00,https://github.com/novatech-solutions/visionai-engine/actions/runs/34891,235,Success,False,PR-0101,
DEP-0198,production,2021-04-21 03:18:00,https://github.com/novatech-solutions/visionai-engine/actions/runs/83884,232,Success,False,PR-0101,
DEP-0199,staging,2021-04-22 00:12:00,https://github.com/novatech-solutions/platform-infra/actions/runs/83209,197,Success,False,PR-0082,ADR-0020
DEP-0200,production,2021-04-22 03:12:00,https://github.com/novatech-solutions/platform-infra/actions/runs/36321,342,Success,False,PR-0082,ADR-0020
DEP-0201,staging,2021-04-23 00:09:00,https://github.com/novatech-solutions/atlaspay-backend/actions/runs/87445,78,Success,False,PR-0103,
DEP-0202,production,2021-04-23 22:09:00,https://github.com/novatech-solutions/atlaspay-backend/actions/runs/41043,110,Failed,True,PR-0103,
DEP-0203,staging,2021-04-23 00:19:00,https://github.com/novatech-solutions/fusionerp-monolith/actions/runs/42383,175,Failed,False,PR-0107,ADR-0027
DEP-0204,staging,2021-04-23 00:54:00,https://github.com/novatech-solutions/fusionerp-monolith/actions/runs/42383,161,Success,False,PR-0107,ADR-0027
DEP-0205,production,2021-04-23 01:54:00,https://github.com/novatech-solutions/fusionerp-monolith/actions/runs/35322,253,Success,False,PR-0107,ADR-0027
DEP-0206,staging,2021-04-25 00:30:00,https://github.com/novatech-solutions/platform-infra/actions/runs/51733,228,Success,False,PR-0105,ADR-0023
DEP-0207,production,2021-04-25 19:30:00,https://github.com/novatech-solutions/platform-infra/actions/runs/81276,259,Success,False,PR-0105,ADR-0023
DEP-0208,staging,2021-04-26 00:15:00,https://github.com/novatech-solutions/visionai-engine/actions/runs/97450,148,Success,False,PR-0112,ADR-0024
DEP-0209,production,2021-04-26 03:15:00,https://github.com/novatech-solutions/visionai-engine/actions/runs/15154,230,Success,False,PR-0112,ADR-0024
DEP-0210,staging,2021-04-28 00:26:00,https://github.com/novatech-solutions/platform-infra/actions/runs/66568,127,Success,False,PR-0108,ADR-0023
DEP-0211,production,2021-04-28 16:26:00,https://github.com/novatech-solutions/platform-infra/actions/runs/91631,324,Success,False,PR-0108,ADR-0023
DEP-0212,staging,2021-04-30 00:21:00,https://github.com/novatech-solutions/platform-infra/actions/runs/23644,80,Success,False,PR-0106,ADR-0023
DEP-0213,production,2021-04-30 17:21:00,https://github.com/novatech-solutions/platform-infra/actions/runs/22616,163,Failed,True,PR-0106,ADR-0023
DEP-0214,staging,2021-05-01 00:29:00,https://github.com/novatech-solutions/visionai-engine/actions/runs/67571,72,Failed,False,PR-0119,
DEP-0215,staging,2021-05-01 01:23:00,https://github.com/novatech-solutions/visionai-engine/actions/runs/67571,54,Success,False,PR-0119,
DEP-0216,production,2021-05-01 12:23:00,https://github.com/novatech-solutions/visionai-engine/actions/runs/51697,276,Success,False,PR-0119,
DEP-0217,staging,2021-05-02 00:22:00,https://github.com/novatech-solutions/novacommerce-core/actions/runs/99642,235,Success,False,PR-0111,ADR-0025
DEP-0218,production,2021-05-02 15:22:00,https://github.com/novatech-solutions/novacommerce-core/actions/runs/42997,113,Failed,True,PR-0111,ADR-0025
DEP-0219,staging,2021-05-03 00:09:00,https://github.com/novatech-solutions/visionai-engine/actions/runs/67408,237,Success,False,PR-0110,ADR-0024
DEP-0220,production,2021-05-03 15:09:00,https://github.com/novatech-solutions/visionai-engine/actions/runs/72719,298,Success,False,PR-0110,ADR-0024
DEP-0221,staging,2021-05-03 00:27:00,https://github.com/novatech-solutions/fusionerp-monolith/actions/runs/45549,155,Success,False,PR-0117,ADR-0027
DEP-0222,production,2021-05-03 19:27:00,https://github.com/novatech-solutions/fusionerp-monolith/actions/runs/73681,105,Success,False,PR-0117,ADR-0027
DEP-0223,staging,2021-05-04 00:30:00,https://github.com/novatech-solutions/novacommerce-core/actions/runs/93130,200,Success,False,PR-0114,ADR-0025
DEP-0224,production,2021-05-04 16:30:00,https://github.com/novatech-solutions/novacommerce-core/actions/runs/26654,343,Success,False,PR-0114,ADR-0025
DEP-0225,staging,2021-05-05 00:11:00,https://github.com/novatech-solutions/security-tools/actions/runs/69733,152,Success,False,PR-0094,ADR-0022
DEP-0226,production,2021-05-05 04:11:00,https://github.com/novatech-solutions/security-tools/actions/runs/62828,149,Failed,True,PR-0094,ADR-0022
DEP-0227,staging,2021-05-05 00:28:00,https://github.com/novatech-solutions/fusionerp-monolith/actions/runs/33577,171,Failed,False,PR-0095,ADR-0021
DEP-0228,staging,2021-05-05 01:36:00,https://github.com/novatech-solutions/fusionerp-monolith/actions/runs/33577,175,Success,False,PR-0095,ADR-0021
DEP-0229,production,2021-05-05 23:36:00,https://github.com/novatech-solutions/fusionerp-monolith/actions/runs/92658,357,Success,False,PR-0095,ADR-0021
DEP-0230,staging,2021-05-07 00:29:00,https://github.com/novatech-solutions/novacommerce-core/actions/runs/39996,182,Success,False,PR-0116,ADR-0025
DEP-0231,production,2021-05-07 09:29:00,https://github.com/novatech-solutions/novacommerce-core/actions/runs/95684,120,Success,False,PR-0116,ADR-0025
DEP-0232,staging,2021-05-09 00:30:00,https://github.com/novatech-solutions/fusionerp-monolith/actions/runs/81062,161,Success,False,PR-0118,ADR-0027
DEP-0233,production,2021-05-09 11:30:00,https://github.com/novatech-solutions/fusionerp-monolith/actions/runs/48088,239,Success,False,PR-0118,ADR-0027
DEP-0234,staging,2021-05-09 00:17:00,https://github.com/novatech-solutions/novacommerce-core/actions/runs/95766,221,Success,False,PR-0124,ADR-0031
DEP-0235,production,2021-05-09 21:17:00,https://github.com/novatech-solutions/novacommerce-core/actions/runs/76347,296,Success,False,PR-0124,ADR-0031
DEP-0236,staging,2021-05-09 00:21:00,https://github.com/novatech-solutions/fusionerp-monolith/actions/runs/89348,189,Success,False,PR-0125,ADR-0028
DEP-0237,production,2021-05-09 20:21:00,https://github.com/novatech-solutions/fusionerp-monolith/actions/runs/29078,212,Success,False,PR-0125,ADR-0028
DEP-0238,staging,2021-05-09 00:07:00,https://github.com/novatech-solutions/fusionerp-monolith/actions/runs/40073,231,Success,False,PR-0126,ADR-0028
DEP-0239,production,2021-05-09 07:07:00,https://github.com/novatech-solutions/fusionerp-monolith/actions/runs/48973,232,Success,False,PR-0126,ADR-0028
DEP-0240,staging,2021-05-10 00:09:00,https://github.com/novatech-solutions/cloudsync-core/actions/runs/52642,214,Success,False,PR-0122,ADR-0032
DEP-0241,production,2021-05-10 07:09:00,https://github.com/novatech-solutions/cloudsync-core/actions/runs/64565,267,Success,False,PR-0122,ADR-0032
DEP-0242,staging,2021-05-11 00:13:00,https://github.com/novatech-solutions/insightcrm-core/actions/runs/47121,63,Success,False,PR-0130,ADR-0029
DEP-0243,production,2021-05-11 10:13:00,https://github.com/novatech-solutions/insightcrm-core/actions/runs/13249,222,Success,False,PR-0130,ADR-0029
DEP-0244,staging,2021-05-12 00:29:00,https://github.com/novatech-solutions/novacommerce-core/actions/runs/48166,226,Success,False,PR-0121,ADR-0033
DEP-0245,production,2021-05-12 04:29:00,https://github.com/novatech-solutions/novacommerce-core/actions/runs/22023,200,Success,False,PR-0121,ADR-0033
DEP-0246,staging,2021-05-13 00:18:00,https://github.com/novatech-solutions/platform-infra/actions/runs/47727,158,Success,False,PR-0102,ADR-0023
DEP-0247,production,2021-05-13 04:18:00,https://github.com/novatech-solutions/platform-infra/actions/runs/18179,117,Success,False,PR-0102,ADR-0023
DEP-0248,staging,2021-05-14 00:12:00,https://github.com/novatech-solutions/fusionerp-monolith/actions/runs/12080,210,Success,False,PR-0123,ADR-0028
DEP-0249,production,2021-05-14 09:12:00,https://github.com/novatech-solutions/fusionerp-monolith/actions/runs/44833,315,Failed,True,PR-0123,ADR-0028
DEP-0250,staging,2021-05-15 00:30:00,https://github.com/novatech-solutions/visionai-engine/actions/runs/15126,93,Success,False,PR-0104,ADR-0024
DEP-0251,production,2021-05-15 14:30:00,https://github.com/novatech-solutions/visionai-engine/actions/runs/12815,292,Success,False,PR-0104,ADR-0024
DEP-0252,staging,2021-05-19 00:16:00,https://github.com/novatech-solutions/novacommerce-core/actions/runs/13427,188,Success,False,PR-0109,ADR-0025
DEP-0253,production,2021-05-19 23:16:00,https://github.com/novatech-solutions/novacommerce-core/actions/runs/64890,256,Success,False,PR-0109,ADR-0025
DEP-0254,staging,2021-05-19 00:23:00,https://github.com/novatech-solutions/insightcrm-core/actions/runs/83290,93,Failed,False,PR-0129,ADR-0030
DEP-0255,staging,2021-05-19 01:35:00,https://github.com/novatech-solutions/insightcrm-core/actions/runs/83290,110,Success,False,PR-0129,ADR-0030
DEP-0256,production,2021-05-19 05:35:00,https://github.com/novatech-solutions/insightcrm-core/actions/runs/75640,116,Success,False,PR-0129,ADR-0030
DEP-0257,staging,2021-05-19 00:21:00,https://github.com/novatech-solutions/atlaspay-frontend/actions/runs/28445,172,Success,False,PR-0132,ADR-0034
DEP-0258,production,2021-05-19 09:21:00,https://github.com/novatech-solutions/atlaspay-frontend/actions/runs/72570,121,Success,False,PR-0132,ADR-0034
DEP-0259,staging,2021-05-20 00:15:00,https://github.com/novatech-solutions/cloudsync-core/actions/runs/68284,203,Success,False,PR-0137,ADR-0032
DEP-0260,production,2021-05-20 15:15:00,https://github.com/novatech-solutions/cloudsync-core/actions/runs/88456,284,Success,False,PR-0137,ADR-0032
DEP-0261,staging,2021-05-21 00:18:00,https://github.com/novatech-solutions/atlaspay-backend/actions/runs/68326,160,Success,False,PR-0113,ADR-0026
DEP-0262,production,2021-05-21 08:18:00,https://github.com/novatech-solutions/atlaspay-backend/actions/runs/78428,251,Success,False,PR-0113,ADR-0026
DEP-0263,staging,2021-05-21 00:27:00,https://github.com/novatech-solutions/novacommerce-core/actions/runs/18132,171,Failed,False,PR-0138,ADR-0033
DEP-0264,staging,2021-05-21 01:02:00,https://github.com/novatech-solutions/novacommerce-core/actions/runs/18132,171,Success,False,PR-0138,ADR-0033
DEP-0265,production,2021-05-22 00:02:00,https://github.com/novatech-solutions/novacommerce-core/actions/runs/58705,360,Success,False,PR-0138,ADR-0033
DEP-0266,staging,2021-05-21 00:30:00,https://github.com/novatech-solutions/novacommerce-core/actions/runs/85408,129,Success,False,PR-0140,ADR-0033
DEP-0267,production,2021-05-21 03:30:00,https://github.com/novatech-solutions/novacommerce-core/actions/runs/55894,289,Success,False,PR-0140,ADR-0033
DEP-0268,staging,2021-05-23 00:07:00,https://github.com/novatech-solutions/fusionerp-monolith/actions/runs/86618,187,Success,False,PR-0115,ADR-0027
DEP-0269,production,2021-05-23 06:07:00,https://github.com/novatech-solutions/fusionerp-monolith/actions/runs/67821,163,Failed,True,PR-0115,ADR-0027
DEP-0270,staging,2021-05-23 00:07:00,https://github.com/novatech-solutions/atlaspay-backend/actions/runs/28581,141,Success,False,PR-0136,ADR-0036
DEP-0271,production,2021-05-23 13:07:00,https://github.com/novatech-solutions/atlaspay-backend/actions/runs/77269,152,Success,False,PR-0136,ADR-0036
DEP-0272,staging,2021-05-23 00:18:00,https://github.com/novatech-solutions/novacommerce-core/actions/runs/86682,230,Success,False,PR-0141,
DEP-0273,production,2021-05-23 14:18:00,https://github.com/novatech-solutions/novacommerce-core/actions/runs/28391,332,Success,False,PR-0141,
DEP-0274,staging,2021-05-26 00:05:00,https://github.com/novatech-solutions/novacommerce-core/actions/runs/43459,171,Failed,False,PR-0135,ADR-0031
DEP-0275,staging,2021-05-26 01:09:00,https://github.com/novatech-solutions/novacommerce-core/actions/runs/43459,171,Success,False,PR-0135,ADR-0031
DEP-0276,production,2021-05-26 10:09:00,https://github.com/novatech-solutions/novacommerce-core/actions/runs/38674,216,Success,False,PR-0135,ADR-0031
DEP-0277,staging,2021-05-26 00:09:00,https://github.com/novatech-solutions/atlaspay-frontend/actions/runs/22006,201,Success,False,PR-0144,ADR-0034
DEP-0278,production,2021-05-26 23:09:00,https://github.com/novatech-solutions/atlaspay-frontend/actions/runs/37366,298,Success,False,PR-0144,ADR-0034
DEP-0279,staging,2021-05-27 00:13:00,https://github.com/novatech-solutions/fusionerp-monolith/actions/runs/39899,83,Success,False,PR-0139,ADR-0037
DEP-0280,production,2021-05-27 01:13:00,https://github.com/novatech-solutions/fusionerp-monolith/actions/runs/99162,245,Success,False,PR-0139,ADR-0037
DEP-0281,staging,2021-05-29 00:12:00,https://github.com/novatech-solutions/fusionerp-monolith/actions/runs/58758,96,Success,False,PR-0120,ADR-0028
DEP-0282,production,2021-05-29 21:12:00,https://github.com/novatech-solutions/fusionerp-monolith/actions/runs/97582,148,Success,False,PR-0120,ADR-0028
DEP-0283,staging,2021-05-29 00:15:00,https://github.com/novatech-solutions/atlaspay-backend/actions/runs/88959,224,Success,False,PR-0148,ADR-0036
DEP-0284,production,2021-05-29 22:15:00,https://github.com/novatech-solutions/atlaspay-backend/actions/runs/82955,265,Success,False,PR-0148,ADR-0036
DEP-0285,staging,2021-06-01 00:30:00,https://github.com/novatech-solutions/atlaspay-frontend/actions/runs/75488,197,Failed,False,PR-0143,ADR-0034
DEP-0286,staging,2021-06-01 01:44:00,https://github.com/novatech-solutions/atlaspay-frontend/actions/runs/75488,201,Success,False,PR-0143,ADR-0034
DEP-0287,production,2021-06-01 07:44:00,https://github.com/novatech-solutions/atlaspay-frontend/actions/runs/46798,91,Success,False,PR-0143,ADR-0034
DEP-0288,staging,2021-06-02 00:18:00,https://github.com/novatech-solutions/insightcrm-core/actions/runs/18331,67,Success,False,PR-0127,ADR-0029
DEP-0289,production,2021-06-02 02:18:00,https://github.com/novatech-solutions/insightcrm-core/actions/runs/85063,123,Success,False,PR-0127,ADR-0029
DEP-0290,staging,2021-06-05 00:16:00,https://github.com/novatech-solutions/insightcrm-core/actions/runs/59249,77,Success,False,PR-0128,ADR-0030
DEP-0291,production,2021-06-05 03:16:00,https://github.com/novatech-solutions/insightcrm-core/actions/runs/29466,193,Success,False,PR-0128,ADR-0030
DEP-0292,staging,2021-06-08 00:23:00,https://github.com/novatech-solutions/novacommerce-core/actions/runs/52497,170,Success,False,PR-0131,ADR-0031
DEP-0293,production,2021-06-08 07:23:00,https://github.com/novatech-solutions/novacommerce-core/actions/runs/24785,287,Failed,True,PR-0131,ADR-0031
DEP-0294,staging,2021-06-08 00:14:00,https://github.com/novatech-solutions/cloudsync-core/actions/runs/20073,231,Success,False,PR-0147,ADR-0035
DEP-0295,production,2021-06-08 18:14:00,https://github.com/novatech-solutions/cloudsync-core/actions/runs/83280,335,Success,False,PR-0147,ADR-0035
DEP-0296,staging,2021-06-08 00:16:00,https://github.com/novatech-solutions/fusionerp-monolith/actions/runs/70802,118,Success,False,PR-0151,ADR-0037
DEP-0297,production,2021-06-08 10:16:00,https://github.com/novatech-solutions/fusionerp-monolith/actions/runs/60434,193,Success,False,PR-0151,ADR-0037
DEP-0298,staging,2021-06-09 00:25:00,https://github.com/novatech-solutions/cloudsync-core/actions/runs/18598,146,Success,False,PR-0133,ADR-0032
DEP-0299,production,2021-06-09 10:25:00,https://github.com/novatech-solutions/cloudsync-core/actions/runs/22780,288,Success,False,PR-0133,ADR-0032
DEP-0300,staging,2021-06-10 00:21:00,https://github.com/novatech-solutions/fusionerp-monolith/actions/runs/20425,233,Failed,False,PR-0155,
DEP-0301,staging,2021-06-10 00:59:00,https://github.com/novatech-solutions/fusionerp-monolith/actions/runs/20425,232,Success,False,PR-0155,
DEP-0302,production,2021-06-10 03:59:00,https://github.com/novatech-solutions/fusionerp-monolith/actions/runs/18750,171,Success,False,PR-0155,
DEP-0303,staging,2021-06-11 00:09:00,https://github.com/novatech-solutions/novacommerce-core/actions/runs/91929,227,Success,False,PR-0134,ADR-0033
DEP-0304,production,2021-06-11 20:09:00,https://github.com/novatech-solutions/novacommerce-core/actions/runs/81606,198,Success,False,PR-0134,ADR-0033
DEP-0305,staging,2021-06-15 00:19:00,https://github.com/novatech-solutions/fusionerp-monolith/actions/runs/99505,71,Success,False,PR-0158,
DEP-0306,production,2021-06-15 13:19:00,https://github.com/novatech-solutions/fusionerp-monolith/actions/runs/95181,210,Success,False,PR-0158,
DEP-0307,staging,2021-06-18 00:10:00,https://github.com/novatech-solutions/atlaspay-frontend/actions/runs/87251,189,Success,False,PR-0142,ADR-0034
DEP-0308,production,2021-06-18 15:10:00,https://github.com/novatech-solutions/atlaspay-frontend/actions/runs/70433,273,Success,False,PR-0142,ADR-0034
DEP-0309,staging,2021-06-19 00:12:00,https://github.com/novatech-solutions/visionai-engine/actions/runs/58168,178,Success,False,PR-0153,
DEP-0310,production,2021-06-19 14:12:00,https://github.com/novatech-solutions/visionai-engine/actions/runs/94337,241,Success,False,PR-0153,
DEP-0311,staging,2021-06-20 00:08:00,https://github.com/novatech-solutions/insightcrm-core/actions/runs/50373,211,Success,False,PR-0156,ADR-0038
DEP-0312,production,2021-06-20 12:08:00,https://github.com/novatech-solutions/insightcrm-core/actions/runs/26566,335,Success,False,PR-0156,ADR-0038
DEP-0313,staging,2021-06-21 00:29:00,https://github.com/novatech-solutions/cloudsync-core/actions/runs/10815,129,Success,False,PR-0145,ADR-0035
DEP-0314,production,2021-06-21 07:29:00,https://github.com/novatech-solutions/cloudsync-core/actions/runs/86598,224,Success,False,PR-0145,ADR-0035
DEP-0315,staging,2021-06-21 00:14:00,https://github.com/novatech-solutions/platform-infra/actions/runs/41016,109,Success,False,PR-0154,ADR-0039
DEP-0316,production,2021-06-21 01:14:00,https://github.com/novatech-solutions/platform-infra/actions/runs/43351,352,Success,False,PR-0154,ADR-0039
DEP-0317,staging,2021-06-22 00:28:00,https://github.com/novatech-solutions/atlaspay-backend/actions/runs/27712,99,Success,False,PR-0146,ADR-0036
DEP-0318,production,2021-06-22 12:28:00,https://github.com/novatech-solutions/atlaspay-backend/actions/runs/26419,220,Success,False,PR-0146,ADR-0036
DEP-0319,staging,2021-06-26 00:10:00,https://github.com/novatech-solutions/fusionerp-monolith/actions/runs/43981,78,Success,False,PR-0149,ADR-0037
DEP-0320,production,2021-06-26 03:10:00,https://github.com/novatech-solutions/fusionerp-monolith/actions/runs/36561,290,Success,False,PR-0149,ADR-0037
DEP-0321,staging,2021-06-27 00:09:00,https://github.com/novatech-solutions/insightcrm-core/actions/runs/79194,140,Success,False,PR-0157,ADR-0041
DEP-0322,production,2021-06-27 14:09:00,https://github.com/novatech-solutions/insightcrm-core/actions/runs/37666,210,Success,False,PR-0157,ADR-0041
DEP-0323,staging,2021-06-27 00:28:00,https://github.com/novatech-solutions/platform-infra/actions/runs/37991,227,Success,False,PR-0161,ADR-0039
DEP-0324,production,2021-06-27 01:28:00,https://github.com/novatech-solutions/platform-infra/actions/runs/92396,140,Success,False,PR-0161,ADR-0039
DEP-0325,staging,2021-07-04 00:12:00,https://github.com/novatech-solutions/visionai-engine/actions/runs/97962,91,Success,False,PR-0159,
DEP-0326,production,2021-07-04 21:12:00,https://github.com/novatech-solutions/visionai-engine/actions/runs/28308,342,Success,False,PR-0159,
DEP-0327,staging,2021-07-05 00:11:00,https://github.com/novatech-solutions/insightcrm-core/actions/runs/71521,167,Success,False,PR-0152,ADR-0038
DEP-0328,production,2021-07-05 23:11:00,https://github.com/novatech-solutions/insightcrm-core/actions/runs/77060,117,Success,False,PR-0152,ADR-0038
DEP-0329,staging,2021-07-08 00:10:00,https://github.com/novatech-solutions/cloudsync-apps/actions/runs/37695,91,Success,False,PR-0168,ADR-0043
DEP-0330,production,2021-07-09 00:10:00,https://github.com/novatech-solutions/cloudsync-apps/actions/runs/29901,180,Success,False,PR-0168,ADR-0043
DEP-0331,staging,2021-07-08 00:07:00,https://github.com/novatech-solutions/cloudsync-apps/actions/runs/23610,79,Success,False,PR-0171,ADR-0043
DEP-0332,production,2021-07-08 17:07:00,https://github.com/novatech-solutions/cloudsync-apps/actions/runs/96853,200,Success,False,PR-0171,ADR-0043
DEP-0333,staging,2021-07-08 00:28:00,https://github.com/novatech-solutions/platform-infra/actions/runs/86644,183,Success,False,PR-0172,ADR-0042
DEP-0334,production,2021-07-08 19:28:00,https://github.com/novatech-solutions/platform-infra/actions/runs/37080,202,Success,False,PR-0172,ADR-0042
DEP-0335,staging,2021-07-09 00:06:00,https://github.com/novatech-solutions/insightcrm-web/actions/runs/34673,76,Success,False,PR-0165,ADR-0040
DEP-0336,production,2021-07-09 17:06:00,https://github.com/novatech-solutions/insightcrm-web/actions/runs/92611,132,Success,False,PR-0165,ADR-0040
DEP-0337,staging,2021-07-10 00:25:00,https://github.com/novatech-solutions/platform-infra/actions/runs/12753,168,Success,False,PR-0163,ADR-0039
DEP-0338,production,2021-07-10 06:25:00,https://github.com/novatech-solutions/platform-infra/actions/runs/30086,351,Success,False,PR-0163,ADR-0039
DEP-0339,staging,2021-07-11 00:22:00,https://github.com/novatech-solutions/platform-infra/actions/runs/97017,228,Success,False,PR-0169,ADR-0042
DEP-0340,production,2021-07-12 00:22:00,https://github.com/novatech-solutions/platform-infra/actions/runs/81512,150,Success,False,PR-0169,ADR-0042
DEP-0341,staging,2021-07-13 00:08:00,https://github.com/novatech-solutions/insightcrm-core/actions/runs/51654,112,Success,False,PR-0170,ADR-0041
DEP-0342,production,2021-07-13 21:08:00,https://github.com/novatech-solutions/insightcrm-core/actions/runs/65267,355,Success,False,PR-0170,ADR-0041
DEP-0343,staging,2021-07-15 00:10:00,https://github.com/novatech-solutions/cloudsync-apps/actions/runs/58399,123,Failed,False,PR-0173,ADR-0043
DEP-0344,staging,2021-07-15 01:12:00,https://github.com/novatech-solutions/cloudsync-apps/actions/runs/58399,138,Success,False,PR-0173,ADR-0043
DEP-0345,production,2021-07-15 02:12:00,https://github.com/novatech-solutions/cloudsync-apps/actions/runs/69232,358,Success,False,PR-0173,ADR-0043
DEP-0346,staging,2021-07-21 00:20:00,https://github.com/novatech-solutions/platform-infra/actions/runs/67099,211,Success,False,PR-0160,ADR-0039
DEP-0347,production,2021-07-21 17:20:00,https://github.com/novatech-solutions/platform-infra/actions/runs/82939,298,Success,False,PR-0160,ADR-0039
DEP-0348,staging,2021-07-21 00:20:00,https://github.com/novatech-solutions/novacommerce-core/actions/runs/46631,105,Success,False,PR-0175,ADR-0044
DEP-0349,production,2021-07-21 10:20:00,https://github.com/novatech-solutions/novacommerce-core/actions/runs/30775,229,Success,False,PR-0175,ADR-0044
DEP-0350,staging,2021-07-23 00:11:00,https://github.com/novatech-solutions/insightcrm-web/actions/runs/79421,207,Success,False,PR-0177,
DEP-0351,production,2021-07-24 00:11:00,https://github.com/novatech-solutions/insightcrm-web/actions/runs/45624,285,Failed,True,PR-0177,
DEP-0352,staging,2021-07-24 00:21:00,https://github.com/novatech-solutions/novacommerce-web/actions/runs/86515,236,Success,False,PR-0182,
DEP-0353,production,2021-07-24 06:21:00,https://github.com/novatech-solutions/novacommerce-web/actions/runs/13837,331,Success,False,PR-0182,
DEP-0354,staging,2021-07-25 00:09:00,https://github.com/novatech-solutions/insightcrm-web/actions/runs/58842,184,Success,False,PR-0162,ADR-0040
DEP-0355,production,2021-07-25 09:09:00,https://github.com/novatech-solutions/insightcrm-web/actions/runs/93947,168,Failed,True,PR-0162,ADR-0040
DEP-0356,staging,2021-07-27 00:13:00,https://github.com/novatech-solutions/insightcrm-core/actions/runs/14846,201,Success,False,PR-0164,ADR-0041
DEP-0357,production,2021-07-27 03:13:00,https://github.com/novatech-solutions/insightcrm-core/actions/runs/80894,288,Success,False,PR-0164,ADR-0041
DEP-0358,staging,2021-07-27 00:23:00,https://github.com/novatech-solutions/security-tools/actions/runs/62646,113,Success,False,PR-0183,ADR-0046
DEP-0359,production,2021-07-27 07:23:00,https://github.com/novatech-solutions/security-tools/actions/runs/54022,145,Success,False,PR-0183,ADR-0046
DEP-0360,staging,2021-07-28 00:24:00,https://github.com/novatech-solutions/platform-infra/actions/runs/59176,190,Success,False,PR-0166,ADR-0042
DEP-0361,production,2021-07-28 14:24:00,https://github.com/novatech-solutions/platform-infra/actions/runs/45802,144,Success,False,PR-0166,ADR-0042
DEP-0362,staging,2021-07-28 00:06:00,https://github.com/novatech-solutions/security-tools/actions/runs/80618,129,Success,False,PR-0191,
DEP-0363,production,2021-07-28 09:06:00,https://github.com/novatech-solutions/security-tools/actions/runs/52514,231,Success,False,PR-0191,
DEP-0364,staging,2021-07-30 00:12:00,https://github.com/novatech-solutions/cloudsync-apps/actions/runs/34678,205,Success,False,PR-0167,ADR-0043
DEP-0365,production,2021-07-30 21:12:00,https://github.com/novatech-solutions/cloudsync-apps/actions/runs/34911,303,Success,False,PR-0167,ADR-0043
DEP-0366,staging,2021-07-30 00:11:00,https://github.com/novatech-solutions/visionai-engine/actions/runs/68319,234,Success,False,PR-0180,ADR-0049
DEP-0367,production,2021-07-30 02:11:00,https://github.com/novatech-solutions/visionai-engine/actions/runs/19395,126,Success,False,PR-0180,ADR-0049
DEP-0368,staging,2021-07-30 00:20:00,https://github.com/novatech-solutions/security-tools/actions/runs/59519,211,Success,False,PR-0188,ADR-0047
DEP-0369,production,2021-07-30 14:20:00,https://github.com/novatech-solutions/security-tools/actions/runs/50095,239,Success,False,PR-0188,ADR-0047
DEP-0370,staging,2021-07-30 00:26:00,https://github.com/novatech-solutions/security-tools/actions/runs/78082,155,Success,False,PR-0190,ADR-0047
DEP-0371,production,2021-07-30 22:26:00,https://github.com/novatech-solutions/security-tools/actions/runs/78762,120,Success,False,PR-0190,ADR-0047
DEP-0372,staging,2021-07-31 00:27:00,https://github.com/novatech-solutions/atlaspay-frontend/actions/runs/71681,149,Success,False,PR-0184,ADR-0045
DEP-0373,production,2021-07-31 04:27:00,https://github.com/novatech-solutions/atlaspay-frontend/actions/runs/60350,112,Success,False,PR-0184,ADR-0045
DEP-0374,staging,2021-07-31 00:08:00,https://github.com/novatech-solutions/novacommerce-web/actions/runs/33055,63,Success,False,PR-0187,ADR-0050
DEP-0375,production,2021-07-31 06:08:00,https://github.com/novatech-solutions/novacommerce-web/actions/runs/87241,263,Success,False,PR-0187,ADR-0050
DEP-0376,staging,2021-08-04 00:18:00,https://github.com/novatech-solutions/atlaspay-frontend/actions/runs/78291,149,Success,False,PR-0189,ADR-0048
DEP-0377,production,2021-08-04 11:18:00,https://github.com/novatech-solutions/atlaspay-frontend/actions/runs/33298,178,Success,False,PR-0189,ADR-0048
DEP-0378,staging,2021-08-04 00:29:00,https://github.com/novatech-solutions/insightcrm-core/actions/runs/13000,152,Success,False,PR-0192,ADR-0051
DEP-0379,production,2021-08-04 20:29:00,https://github.com/novatech-solutions/insightcrm-core/actions/runs/38111,237,Success,False,PR-0192,ADR-0051
DEP-0380,staging,2021-08-05 00:18:00,https://github.com/novatech-solutions/novacommerce-core/actions/runs/80003,129,Success,False,PR-0174,ADR-0044
DEP-0381,production,2021-08-05 17:18:00,https://github.com/novatech-solutions/novacommerce-core/actions/runs/79968,237,Success,False,PR-0174,ADR-0044
DEP-0382,staging,2021-08-08 00:26:00,https://github.com/novatech-solutions/insightcrm-core/actions/runs/61760,233,Success,False,PR-0200,ADR-0051
DEP-0383,production,2021-08-09 00:26:00,https://github.com/novatech-solutions/insightcrm-core/actions/runs/74978,145,Success,False,PR-0200,ADR-0051
DEP-0384,staging,2021-08-11 00:14:00,https://github.com/novatech-solutions/novacommerce-web/actions/runs/67827,140,Success,False,PR-0196,ADR-0050
DEP-0385,production,2021-08-11 13:14:00,https://github.com/novatech-solutions/novacommerce-web/actions/runs/66658,156,Success,False,PR-0196,ADR-0050
DEP-0386,staging,2021-08-11 00:25:00,https://github.com/novatech-solutions/insightcrm-web/actions/runs/88434,171,Success,False,PR-0199,
DEP-0387,production,2021-08-11 23:25:00,https://github.com/novatech-solutions/insightcrm-web/actions/runs/76480,108,Success,False,PR-0199,
DEP-0388,staging,2021-08-12 00:23:00,https://github.com/novatech-solutions/atlaspay-frontend/actions/runs/94979,119,Success,False,PR-0178,ADR-0045
DEP-0389,production,2021-08-12 02:23:00,https://github.com/novatech-solutions/atlaspay-frontend/actions/runs/90717,271,Success,False,PR-0178,ADR-0045
DEP-0390,staging,2021-08-13 00:27:00,https://github.com/novatech-solutions/visionai-engine/actions/runs/70968,68,Success,False,PR-0197,ADR-0049
DEP-0391,production,2021-08-13 15:27:00,https://github.com/novatech-solutions/visionai-engine/actions/runs/42871,314,Success,False,PR-0197,ADR-0049
DEP-0392,staging,2021-08-15 00:11:00,https://github.com/novatech-solutions/security-tools/actions/runs/84269,61,Success,False,PR-0181,ADR-0046
DEP-0393,production,2021-08-15 23:11:00,https://github.com/novatech-solutions/security-tools/actions/runs/52004,117,Success,False,PR-0181,ADR-0046
DEP-0394,staging,2021-08-17 00:15:00,https://github.com/novatech-solutions/novacommerce-web/actions/runs/24444,67,Success,False,PR-0195,ADR-0050
DEP-0395,production,2021-08-17 23:15:00,https://github.com/novatech-solutions/novacommerce-web/actions/runs/37079,192,Failed,True,PR-0195,ADR-0050
DEP-0396,staging,2021-08-18 00:11:00,https://github.com/novatech-solutions/security-tools/actions/runs/39798,134,Success,False,PR-0185,ADR-0047
DEP-0397,production,2021-08-19 00:11:00,https://github.com/novatech-solutions/security-tools/actions/runs/27574,330,Success,False,PR-0185,ADR-0047
DEP-0398,staging,2021-08-19 00:26:00,https://github.com/novatech-solutions/atlaspay-frontend/actions/runs/91578,133,Success,False,PR-0186,ADR-0048
DEP-0399,production,2021-08-19 14:26:00,https://github.com/novatech-solutions/atlaspay-frontend/actions/runs/75665,139,Success,False,PR-0186,ADR-0048
DEP-0400,staging,2021-08-20 00:21:00,https://github.com/novatech-solutions/cloudsync-apps/actions/runs/12653,125,Success,False,PR-0201,ADR-0054
DEP-0401,production,2021-08-20 05:21:00,https://github.com/novatech-solutions/cloudsync-apps/actions/runs/98934,153,Success,False,PR-0201,ADR-0054
DEP-0402,staging,2021-08-23 00:06:00,https://github.com/novatech-solutions/novacommerce-core/actions/runs/51925,193,Success,False,PR-0202,ADR-0055
DEP-0403,production,2021-08-23 05:06:00,https://github.com/novatech-solutions/novacommerce-core/actions/runs/37267,176,Success,False,PR-0202,ADR-0055
DEP-0404,staging,2021-08-25 00:07:00,https://github.com/novatech-solutions/novacommerce-core/actions/runs/78181,239,Success,False,PR-0206,
DEP-0405,production,2021-08-25 23:07:00,https://github.com/novatech-solutions/novacommerce-core/actions/runs/71562,262,Success,False,PR-0206,
DEP-0406,staging,2021-08-25 00:20:00,https://github.com/novatech-solutions/novacommerce-web/actions/runs/46873,200,Success,False,PR-0209,ADR-0052
DEP-0407,production,2021-08-25 14:20:00,https://github.com/novatech-solutions/novacommerce-web/actions/runs/58729,106,Success,False,PR-0209,ADR-0052
DEP-0408,staging,2021-08-26 00:14:00,https://github.com/novatech-solutions/novacommerce-core/actions/runs/21495,238,Success,False,PR-0211,ADR-0053
DEP-0409,production,2021-08-26 03:14:00,https://github.com/novatech-solutions/novacommerce-core/actions/runs/76941,290,Success,False,PR-0211,ADR-0053
DEP-0410,staging,2021-08-26 00:10:00,https://github.com/novatech-solutions/fusionerp-monolith/actions/runs/39734,162,Success,False,PR-0213,
DEP-0411,production,2021-08-27 00:10:00,https://github.com/novatech-solutions/fusionerp-monolith/actions/runs/76759,130,Success,False,PR-0213,
DEP-0412,staging,2021-08-28 00:22:00,https://github.com/novatech-solutions/cloudsync-core/actions/runs/67463,204,Success,False,PR-0208,
DEP-0413,production,2021-08-28 23:22:00,https://github.com/novatech-solutions/cloudsync-core/actions/runs/24165,221,Success,False,PR-0208,
DEP-0414,staging,2021-08-29 00:22:00,https://github.com/novatech-solutions/visionai-engine/actions/runs/26559,188,Success,False,PR-0193,ADR-0049
DEP-0415,production,2021-08-29 15:22:00,https://github.com/novatech-solutions/visionai-engine/actions/runs/23532,272,Success,False,PR-0193,ADR-0049
DEP-0416,staging,2021-08-29 00:29:00,https://github.com/novatech-solutions/visionai-engine/actions/runs/87324,88,Success,False,PR-0207,ADR-0058
DEP-0417,production,2021-08-29 09:29:00,https://github.com/novatech-solutions/visionai-engine/actions/runs/71195,161,Success,False,PR-0207,ADR-0058
DEP-0418,staging,2021-08-29 00:18:00,https://github.com/novatech-solutions/novacommerce-core/actions/runs/37515,129,Success,False,PR-0210,ADR-0053
DEP-0419,production,2021-08-29 20:18:00,https://github.com/novatech-solutions/novacommerce-core/actions/runs/58644,209,Success,False,PR-0210,ADR-0053
DEP-0420,staging,2021-08-30 00:19:00,https://github.com/novatech-solutions/novacommerce-web/actions/runs/79294,196,Success,False,PR-0194,ADR-0050
DEP-0421,production,2021-08-30 13:19:00,https://github.com/novatech-solutions/novacommerce-web/actions/runs/51594,190,Success,False,PR-0194,ADR-0050
DEP-0422,staging,2021-08-30 00:13:00,https://github.com/novatech-solutions/cloudsync-apps/actions/runs/71163,119,Success,False,PR-0214,ADR-0054
DEP-0423,production,2021-08-30 10:13:00,https://github.com/novatech-solutions/cloudsync-apps/actions/runs/50793,146,Success,False,PR-0214,ADR-0054
DEP-0424,staging,2021-08-31 00:27:00,https://github.com/novatech-solutions/novacommerce-core/actions/runs/34255,174,Failed,False,PR-0220,ADR-0055
DEP-0425,staging,2021-08-31 01:25:00,https://github.com/novatech-solutions/novacommerce-core/actions/runs/34255,170,Success,False,PR-0220,ADR-0055
DEP-0426,production,2021-08-31 23:25:00,https://github.com/novatech-solutions/novacommerce-core/actions/runs/26243,193,Success,False,PR-0220,ADR-0055
DEP-0427,staging,2021-09-03 00:27:00,https://github.com/novatech-solutions/insightcrm-core/actions/runs/80769,213,Success,False,PR-0198,ADR-0051
DEP-0428,production,2021-09-03 01:27:00,https://github.com/novatech-solutions/insightcrm-core/actions/runs/42475,155,Success,False,PR-0198,ADR-0051
DEP-0429,staging,2021-09-03 00:11:00,https://github.com/novatech-solutions/security-tools/actions/runs/23517,191,Success,False,PR-0223,ADR-0056
DEP-0430,production,2021-09-03 22:11:00,https://github.com/novatech-solutions/security-tools/actions/runs/53457,145,Success,False,PR-0223,ADR-0056
DEP-0431,staging,2021-09-04 00:16:00,https://github.com/novatech-solutions/platform-infra/actions/runs/38760,100,Success,False,PR-0222,ADR-0057
DEP-0432,production,2021-09-04 15:16:00,https://github.com/novatech-solutions/platform-infra/actions/runs/69255,321,Success,False,PR-0222,ADR-0057
DEP-0433,staging,2021-09-04 00:26:00,https://github.com/novatech-solutions/platform-infra/actions/runs/45533,65,Success,False,PR-0224,ADR-0057
DEP-0434,production,2021-09-04 22:26:00,https://github.com/novatech-solutions/platform-infra/actions/runs/80846,262,Success,False,PR-0224,ADR-0057
DEP-0435,staging,2021-09-04 00:22:00,https://github.com/novatech-solutions/visionai-engine/actions/runs/38386,81,Success,False,PR-0226,ADR-0058
DEP-0436,production,2021-09-04 13:22:00,https://github.com/novatech-solutions/visionai-engine/actions/runs/41922,167,Success,False,PR-0226,ADR-0058
DEP-0437,staging,2021-09-06 00:16:00,https://github.com/novatech-solutions/cloudsync-apps/actions/runs/62230,68,Success,False,PR-0215,ADR-0054
DEP-0438,production,2021-09-06 08:16:00,https://github.com/novatech-solutions/cloudsync-apps/actions/runs/69985,348,Success,False,PR-0215,ADR-0054
DEP-0439,staging,2021-09-06 00:19:00,https://github.com/novatech-solutions/cloudsync-apps/actions/runs/44083,146,Success,False,PR-0217,ADR-0054
DEP-0440,production,2021-09-07 00:19:00,https://github.com/novatech-solutions/cloudsync-apps/actions/runs/14912,236,Failed,True,PR-0217,ADR-0054
DEP-0441,staging,2021-09-09 00:05:00,https://github.com/novatech-solutions/visionai-engine/actions/runs/10494,77,Success,False,PR-0225,ADR-0058
DEP-0442,production,2021-09-09 22:05:00,https://github.com/novatech-solutions/visionai-engine/actions/runs/87416,338,Success,False,PR-0225,ADR-0058
DEP-0443,staging,2021-09-09 00:27:00,https://github.com/novatech-solutions/platform-infra/actions/runs/70176,145,Success,False,PR-0227,
DEP-0444,production,2021-09-09 14:27:00,https://github.com/novatech-solutions/platform-infra/actions/runs/98983,125,Success,False,PR-0227,
DEP-0445,staging,2021-09-12 00:23:00,https://github.com/novatech-solutions/visionai-engine/actions/runs/96444,166,Success,False,PR-0228,ADR-0058
DEP-0446,production,2021-09-12 13:23:00,https://github.com/novatech-solutions/visionai-engine/actions/runs/86212,194,Success,False,PR-0228,ADR-0058
DEP-0447,staging,2021-09-13 00:23:00,https://github.com/novatech-solutions/novacommerce-web/actions/runs/80449,186,Success,False,PR-0204,ADR-0052
DEP-0448,production,2021-09-13 22:23:00,https://github.com/novatech-solutions/novacommerce-web/actions/runs/93659,288,Success,False,PR-0204,ADR-0052
DEP-0449,staging,2021-09-13 00:27:00,https://github.com/novatech-solutions/platform-infra/actions/runs/74737,240,Success,False,PR-0229,ADR-0057
DEP-0450,production,2021-09-13 19:27:00,https://github.com/novatech-solutions/platform-infra/actions/runs/84319,111,Success,False,PR-0229,ADR-0057
DEP-0451,staging,2021-09-14 00:20:00,https://github.com/novatech-solutions/cloudsync-core/actions/runs/88539,196,Success,False,PR-0236,ADR-0059
DEP-0452,production,2021-09-14 21:20:00,https://github.com/novatech-solutions/cloudsync-core/actions/runs/75519,98,Success,False,PR-0236,ADR-0059
DEP-0453,staging,2021-09-15 00:26:00,https://github.com/novatech-solutions/novacommerce-core/actions/runs/77050,207,Success,False,PR-0205,ADR-0053
DEP-0454,production,2021-09-15 08:26:00,https://github.com/novatech-solutions/novacommerce-core/actions/runs/78200,214,Success,False,PR-0205,ADR-0053
DEP-0455,staging,2021-09-16 00:07:00,https://github.com/novatech-solutions/platform-infra/actions/runs/34803,87,Success,False,PR-0234,ADR-0060
DEP-0456,production,2021-09-16 13:07:00,https://github.com/novatech-solutions/platform-infra/actions/runs/10715,233,Success,False,PR-0234,ADR-0060
DEP-0457,staging,2021-09-18 00:21:00,https://github.com/novatech-solutions/insightcrm-core/actions/runs/89894,80,Success,False,PR-0232,
DEP-0458,production,2021-09-18 11:21:00,https://github.com/novatech-solutions/insightcrm-core/actions/runs/59609,166,Success,False,PR-0232,
DEP-0459,staging,2021-09-19 00:13:00,https://github.com/novatech-solutions/cloudsync-apps/actions/runs/47474,183,Success,False,PR-0212,ADR-0054
DEP-0460,production,2021-09-19 09:13:00,https://github.com/novatech-solutions/cloudsync-apps/actions/runs/35332,300,Success,False,PR-0212,ADR-0054
DEP-0461,staging,2021-09-21 00:28:00,https://github.com/novatech-solutions/cloudsync-core/actions/runs/28946,105,Success,False,PR-0235,ADR-0059
DEP-0462,production,2021-09-21 21:28:00,https://github.com/novatech-solutions/cloudsync-core/actions/runs/12944,258,Success,False,PR-0235,ADR-0059
DEP-0463,staging,2021-09-22 00:16:00,https://github.com/novatech-solutions/novacommerce-core/actions/runs/71087,157,Success,False,PR-0216,ADR-0055
DEP-0464,production,2021-09-23 00:16:00,https://github.com/novatech-solutions/novacommerce-core/actions/runs/96583,356,Success,False,PR-0216,ADR-0055
DEP-0465,staging,2021-09-22 00:14:00,https://github.com/novatech-solutions/atlaspay-backend/actions/runs/11508,202,Success,False,PR-0233,ADR-0061
DEP-0466,production,2021-09-22 12:14:00,https://github.com/novatech-solutions/atlaspay-backend/actions/runs/72803,224,Success,False,PR-0233,ADR-0061
DEP-0467,staging,2021-09-23 00:14:00,https://github.com/novatech-solutions/visionai-engine/actions/runs/26725,67,Success,False,PR-0237,
DEP-0468,production,2021-09-23 18:14:00,https://github.com/novatech-solutions/visionai-engine/actions/runs/39420,166,Failed,True,PR-0237,
DEP-0469,staging,2021-09-24 00:14:00,https://github.com/novatech-solutions/security-tools/actions/runs/96746,116,Success,False,PR-0218,ADR-0056
DEP-0470,production,2021-09-24 15:14:00,https://github.com/novatech-solutions/security-tools/actions/runs/48820,138,Success,False,PR-0218,ADR-0056
DEP-0471,staging,2021-09-26 00:10:00,https://github.com/novatech-solutions/platform-infra/actions/runs/35234,132,Success,False,PR-0219,ADR-0057
DEP-0472,production,2021-09-26 22:10:00,https://github.com/novatech-solutions/platform-infra/actions/runs/17882,353,Success,False,PR-0219,ADR-0057
DEP-0473,staging,2021-09-28 00:30:00,https://github.com/novatech-solutions/visionai-engine/actions/runs/33346,178,Success,False,PR-0221,ADR-0058
DEP-0474,production,2021-09-28 22:30:00,https://github.com/novatech-solutions/visionai-engine/actions/runs/80181,170,Success,False,PR-0221,ADR-0058
DEP-0475,staging,2021-09-28 00:22:00,https://github.com/novatech-solutions/insightcrm-core/actions/runs/84941,68,Success,False,PR-0238,ADR-0062
DEP-0476,production,2021-09-28 13:22:00,https://github.com/novatech-solutions/insightcrm-core/actions/runs/51486,304,Success,False,PR-0238,ADR-0062
DEP-0477,staging,2021-10-03 00:20:00,https://github.com/novatech-solutions/insightcrm-core/actions/runs/54122,235,Success,False,PR-0241,
DEP-0478,production,2021-10-03 08:20:00,https://github.com/novatech-solutions/insightcrm-core/actions/runs/24300,251,Success,False,PR-0241,
DEP-0479,staging,2021-10-04 00:10:00,https://github.com/novatech-solutions/atlaspay-backend/actions/runs/73540,63,Failed,False,PR-0240,ADR-0061
DEP-0480,staging,2021-10-04 00:48:00,https://github.com/novatech-solutions/atlaspay-backend/actions/runs/73540,48,Success,False,PR-0240,ADR-0061
DEP-0481,production,2021-10-04 11:48:00,https://github.com/novatech-solutions/atlaspay-backend/actions/runs/53248,114,Success,False,PR-0240,ADR-0061
DEP-0482,staging,2021-10-06 00:17:00,https://github.com/novatech-solutions/cloudsync-core/actions/runs/29678,107,Success,False,PR-0230,ADR-0059
DEP-0483,production,2021-10-06 09:17:00,https://github.com/novatech-solutions/cloudsync-core/actions/runs/40266,108,Success,False,PR-0230,ADR-0059
DEP-0484,staging,2021-10-06 00:10:00,https://github.com/novatech-solutions/atlaspay-backend/actions/runs/21020,236,Success,False,PR-0242,ADR-0061
DEP-0485,production,2021-10-06 08:10:00,https://github.com/novatech-solutions/atlaspay-backend/actions/runs/70811,187,Success,False,PR-0242,ADR-0061
DEP-0486,staging,2021-10-06 00:22:00,https://github.com/novatech-solutions/atlaspay-backend/actions/runs/17807,64,Success,False,PR-0245,ADR-0061
DEP-0487,production,2021-10-06 13:22:00,https://github.com/novatech-solutions/atlaspay-backend/actions/runs/90750,95,Success,False,PR-0245,ADR-0061
DEP-0488,staging,2021-10-06 00:26:00,https://github.com/novatech-solutions/cloudsync-core/actions/runs/85018,97,Success,False,PR-0247,ADR-0064
DEP-0489,production,2021-10-06 08:26:00,https://github.com/novatech-solutions/cloudsync-core/actions/runs/52810,275,Success,False,PR-0247,ADR-0064
DEP-0490,staging,2021-10-07 00:16:00,https://github.com/novatech-solutions/platform-infra/actions/runs/86904,220,Success,False,PR-0231,ADR-0060
DEP-0491,production,2021-10-07 07:16:00,https://github.com/novatech-solutions/platform-infra/actions/runs/14972,93,Success,False,PR-0231,ADR-0060
DEP-0492,staging,2021-10-07 00:27:00,https://github.com/novatech-solutions/atlaspay-backend/actions/runs/27483,195,Success,False,PR-0250,ADR-0063
DEP-0493,production,2021-10-07 22:27:00,https://github.com/novatech-solutions/atlaspay-backend/actions/runs/45044,243,Success,False,PR-0250,ADR-0063
DEP-0494,staging,2021-10-08 00:26:00,https://github.com/novatech-solutions/novacommerce-core/actions/runs/25880,211,Success,False,PR-0253,
DEP-0495,production,2021-10-08 08:26:00,https://github.com/novatech-solutions/novacommerce-core/actions/runs/23240,286,Success,False,PR-0253,
DEP-0496,staging,2021-10-09 00:05:00,https://github.com/novatech-solutions/insightcrm-core/actions/runs/96044,141,Success,False,PR-0243,
DEP-0497,production,2021-10-09 16:05:00,https://github.com/novatech-solutions/insightcrm-core/actions/runs/85859,152,Success,False,PR-0243,
DEP-0498,staging,2021-10-10 00:11:00,https://github.com/novatech-solutions/security-tools/actions/runs/60083,60,Success,False,PR-0254,
DEP-0499,production,2021-10-10 09:11:00,https://github.com/novatech-solutions/security-tools/actions/runs/24299,281,Failed,True,PR-0254,
DEP-0500,staging,2021-10-12 00:08:00,https://github.com/novatech-solutions/insightcrm-core/actions/runs/32301,106,Success,False,PR-0249,ADR-0062
DEP-0501,production,2021-10-12 10:08:00,https://github.com/novatech-solutions/insightcrm-core/actions/runs/85643,174,Success,False,PR-0249,ADR-0062
DEP-0502,staging,2021-10-12 00:16:00,https://github.com/novatech-solutions/atlaspay-backend/actions/runs/26665,66,Success,False,PR-0251,ADR-0063
DEP-0503,production,2021-10-12 08:16:00,https://github.com/novatech-solutions/atlaspay-backend/actions/runs/25869,170,Success,False,PR-0251,ADR-0063
DEP-0504,staging,2021-10-12 00:11:00,https://github.com/novatech-solutions/cloudsync-core/actions/runs/99369,223,Success,False,PR-0262,ADR-0064
DEP-0505,production,2021-10-12 05:11:00,https://github.com/novatech-solutions/cloudsync-core/actions/runs/76490,251,Success,False,PR-0262,ADR-0064
DEP-0506,staging,2021-10-13 00:08:00,https://github.com/novatech-solutions/atlaspay-backend/actions/runs/74868,107,Success,False,PR-0252,ADR-0063
DEP-0507,production,2021-10-13 08:08:00,https://github.com/novatech-solutions/atlaspay-backend/actions/runs/28022,178,Success,False,PR-0252,ADR-0063
DEP-0508,staging,2021-10-14 00:08:00,https://github.com/novatech-solutions/cloudsync-core/actions/runs/21117,218,Success,False,PR-0261,ADR-0064
DEP-0509,production,2021-10-14 13:08:00,https://github.com/novatech-solutions/cloudsync-core/actions/runs/21061,116,Success,False,PR-0261,ADR-0064
DEP-0510,staging,2021-10-16 00:24:00,https://github.com/novatech-solutions/novacommerce-core/actions/runs/54493,208,Success,False,PR-0255,
DEP-0511,production,2021-10-16 08:24:00,https://github.com/novatech-solutions/novacommerce-core/actions/runs/10008,137,Success,False,PR-0255,
DEP-0512,staging,2021-10-18 00:15:00,https://github.com/novatech-solutions/cloudsync-core/actions/runs/94086,188,Success,False,PR-0266,
DEP-0513,production,2021-10-18 10:15:00,https://github.com/novatech-solutions/cloudsync-core/actions/runs/96772,181,Failed,True,PR-0266,
DEP-0514,staging,2021-10-19 00:22:00,https://github.com/novatech-solutions/visionai-engine/actions/runs/95584,135,Success,False,PR-0267,
DEP-0515,production,2021-10-19 08:22:00,https://github.com/novatech-solutions/visionai-engine/actions/runs/95535,151,Success,False,PR-0267,
DEP-0516,staging,2021-10-20 00:24:00,https://github.com/novatech-solutions/cloudsync-core/actions/runs/26012,236,Success,False,PR-0257,ADR-0064
DEP-0517,production,2021-10-20 20:24:00,https://github.com/novatech-solutions/cloudsync-core/actions/runs/89481,329,Success,False,PR-0257,ADR-0064
DEP-0518,staging,2021-10-21 00:30:00,https://github.com/novatech-solutions/platform-infra/actions/runs/73637,82,Success,False,PR-0264,ADR-0065
DEP-0519,production,2021-10-21 14:30:00,https://github.com/novatech-solutions/platform-infra/actions/runs/87933,144,Success,False,PR-0264,ADR-0065
DEP-0520,staging,2021-10-22 00:25:00,https://github.com/novatech-solutions/atlaspay-backend/actions/runs/24159,86,Success,False,PR-0239,ADR-0061
DEP-0521,production,2021-10-22 12:25:00,https://github.com/novatech-solutions/atlaspay-backend/actions/runs/24938,197,Success,False,PR-0239,ADR-0061
DEP-0522,staging,2021-10-22 00:18:00,https://github.com/novatech-solutions/platform-infra/actions/runs/20270,73,Success,False,PR-0259,ADR-0065
DEP-0523,production,2021-10-22 22:18:00,https://github.com/novatech-solutions/platform-infra/actions/runs/49537,90,Success,False,PR-0259,ADR-0065
DEP-0524,staging,2021-10-22 00:26:00,https://github.com/novatech-solutions/security-tools/actions/runs/78395,203,Failed,False,PR-0265,
DEP-0525,staging,2021-10-22 01:04:00,https://github.com/novatech-solutions/security-tools/actions/runs/78395,184,Success,False,PR-0265,
DEP-0526,production,2021-10-22 15:04:00,https://github.com/novatech-solutions/security-tools/actions/runs/59864,268,Success,False,PR-0265,
DEP-0527,staging,2021-10-23 00:09:00,https://github.com/novatech-solutions/platform-infra/actions/runs/92545,67,Success,False,PR-0260,ADR-0065
DEP-0528,production,2021-10-23 01:09:00,https://github.com/novatech-solutions/platform-infra/actions/runs/92821,186,Success,False,PR-0260,ADR-0065
DEP-0529,staging,2021-10-23 00:10:00,https://github.com/novatech-solutions/novacommerce-web/actions/runs/66806,108,Success,False,PR-0268,
DEP-0530,production,2021-10-23 12:10:00,https://github.com/novatech-solutions/novacommerce-web/actions/runs/89940,194,Success,False,PR-0268,
DEP-0531,staging,2021-10-24 00:19:00,https://github.com/novatech-solutions/security-tools/actions/runs/26550,223,Success,False,PR-0263,
DEP-0532,production,2021-10-24 02:19:00,https://github.com/novatech-solutions/security-tools/actions/runs/59641,251,Success,False,PR-0263,
DEP-0533,staging,2021-10-26 00:16:00,https://github.com/novatech-solutions/fusionerp-monolith/actions/runs/91114,178,Success,False,PR-0269,
DEP-0534,production,2021-10-26 23:16:00,https://github.com/novatech-solutions/fusionerp-monolith/actions/runs/68284,307,Success,False,PR-0269,
DEP-0535,staging,2021-10-28 00:07:00,https://github.com/novatech-solutions/atlaspay-backend/actions/runs/70806,96,Success,False,PR-0246,ADR-0063
DEP-0536,production,2021-10-28 20:07:00,https://github.com/novatech-solutions/atlaspay-backend/actions/runs/12481,228,Success,False,PR-0246,ADR-0063
DEP-0537,staging,2021-10-28 00:08:00,https://github.com/novatech-solutions/insightcrm-core/actions/runs/85566,149,Success,False,PR-0248,ADR-0062
DEP-0538,production,2021-10-28 15:08:00,https://github.com/novatech-solutions/insightcrm-core/actions/runs/42515,193,Success,False,PR-0248,ADR-0062
DEP-0539,staging,2021-10-31 00:25:00,https://github.com/novatech-solutions/security-tools/actions/runs/92591,139,Success,False,PR-0270,ADR-0069
DEP-0540,production,2021-10-31 19:25:00,https://github.com/novatech-solutions/security-tools/actions/runs/70053,112,Success,False,PR-0270,ADR-0069
DEP-0541,staging,2021-11-02 00:26:00,https://github.com/novatech-solutions/insightcrm-core/actions/runs/82895,161,Success,False,PR-0271,ADR-0071
DEP-0542,production,2021-11-02 14:26:00,https://github.com/novatech-solutions/insightcrm-core/actions/runs/71946,350,Success,False,PR-0271,ADR-0071
DEP-0543,staging,2021-11-04 00:22:00,https://github.com/novatech-solutions/visionai-engine/actions/runs/85282,89,Success,False,PR-0280,ADR-0066
DEP-0544,production,2021-11-04 06:22:00,https://github.com/novatech-solutions/visionai-engine/actions/runs/98107,121,Success,False,PR-0280,ADR-0066
DEP-0545,staging,2021-11-05 00:09:00,https://github.com/novatech-solutions/cloudsync-core/actions/runs/81187,96,Success,False,PR-0256,ADR-0064
DEP-0546,production,2021-11-05 23:09:00,https://github.com/novatech-solutions/cloudsync-core/actions/runs/45140,113,Success,False,PR-0256,ADR-0064
DEP-0547,staging,2021-11-07 00:05:00,https://github.com/novatech-solutions/platform-infra/actions/runs/66173,83,Success,False,PR-0258,ADR-0065
DEP-0548,production,2021-11-07 13:05:00,https://github.com/novatech-solutions/platform-infra/actions/runs/96059,356,Success,False,PR-0258,ADR-0065
DEP-0549,staging,2021-11-07 00:13:00,https://github.com/novatech-solutions/atlaspay-backend/actions/runs/23143,75,Success,False,PR-0272,
DEP-0550,production,2021-11-07 11:13:00,https://github.com/novatech-solutions/atlaspay-backend/actions/runs/31753,156,Success,False,PR-0272,
DEP-0551,staging,2021-11-07 00:15:00,https://github.com/novatech-solutions/platform-infra/actions/runs/77942,127,Success,False,PR-0273,
DEP-0552,production,2021-11-07 04:15:00,https://github.com/novatech-solutions/platform-infra/actions/runs/63408,99,Success,False,PR-0273,
DEP-0553,staging,2021-11-07 00:05:00,https://github.com/novatech-solutions/visionai-engine/actions/runs/89933,225,Success,False,PR-0279,ADR-0066
DEP-0554,production,2021-11-07 18:05:00,https://github.com/novatech-solutions/visionai-engine/actions/runs/81996,314,Success,False,PR-0279,ADR-0066
DEP-0555,staging,2021-11-08 00:07:00,https://github.com/novatech-solutions/platform-infra/actions/runs/14665,181,Success,False,PR-0282,ADR-0068
DEP-0556,production,2021-11-08 11:07:00,https://github.com/novatech-solutions/platform-infra/actions/runs/49467,312,Success,False,PR-0282,ADR-0068
DEP-0557,staging,2021-11-08 00:24:00,https://github.com/novatech-solutions/insightcrm-core/actions/runs/22594,233,Success,False,PR-0287,ADR-0071
DEP-0558,production,2021-11-08 16:24:00,https://github.com/novatech-solutions/insightcrm-core/actions/runs/32315,153,Success,False,PR-0287,ADR-0071
DEP-0559,staging,2021-11-08 00:17:00,https://github.com/novatech-solutions/security-tools/actions/runs/51106,84,Success,False,PR-0288,ADR-0070
DEP-0560,production,2021-11-08 08:17:00,https://github.com/novatech-solutions/security-tools/actions/runs/39533,273,Success,False,PR-0288,ADR-0070
DEP-0561,staging,2021-11-08 00:11:00,https://github.com/novatech-solutions/security-tools/actions/runs/12741,113,Success,False,PR-0292,ADR-0069
DEP-0562,production,2021-11-08 20:11:00,https://github.com/novatech-solutions/security-tools/actions/runs/88821,303,Success,False,PR-0292,ADR-0069
DEP-0563,staging,2021-11-09 00:19:00,https://github.com/novatech-solutions/platform-infra/actions/runs/35850,226,Success,False,PR-0289,ADR-0068
DEP-0564,production,2021-11-09 07:19:00,https://github.com/novatech-solutions/platform-infra/actions/runs/16547,180,Success,False,PR-0289,ADR-0068
DEP-0565,staging,2021-11-10 00:21:00,https://github.com/novatech-solutions/visionai-engine/actions/runs/15673,99,Success,False,PR-0277,ADR-0067
DEP-0566,production,2021-11-10 21:21:00,https://github.com/novatech-solutions/visionai-engine/actions/runs/54305,222,Success,False,PR-0277,ADR-0067
DEP-0567,staging,2021-11-10 00:24:00,https://github.com/novatech-solutions/insightcrm-core/actions/runs/43845,108,Success,False,PR-0286,ADR-0071
DEP-0568,production,2021-11-10 09:24:00,https://github.com/novatech-solutions/insightcrm-core/actions/runs/67293,273,Success,False,PR-0286,ADR-0071
DEP-0569,staging,2021-11-12 00:16:00,https://github.com/novatech-solutions/security-tools/actions/runs/20351,153,Success,False,PR-0290,ADR-0069
DEP-0570,production,2021-11-12 19:16:00,https://github.com/novatech-solutions/security-tools/actions/runs/41941,221,Success,False,PR-0290,ADR-0069
DEP-0571,staging,2021-11-13 00:29:00,https://github.com/novatech-solutions/insightcrm-core/actions/runs/14552,148,Success,False,PR-0291,ADR-0071
DEP-0572,production,2021-11-13 09:29:00,https://github.com/novatech-solutions/insightcrm-core/actions/runs/97619,241,Failed,True,PR-0291,ADR-0071
DEP-0573,staging,2021-11-14 00:25:00,https://github.com/novatech-solutions/visionai-engine/actions/runs/83832,240,Success,False,PR-0283,ADR-0066
DEP-0574,production,2021-11-15 00:25:00,https://github.com/novatech-solutions/visionai-engine/actions/runs/99953,161,Success,False,PR-0283,ADR-0066
DEP-0575,staging,2021-11-15 00:05:00,https://github.com/novatech-solutions/platform-infra/actions/runs/51966,131,Success,False,PR-0284,ADR-0068
DEP-0576,production,2021-11-15 12:05:00,https://github.com/novatech-solutions/platform-infra/actions/runs/33930,134,Success,False,PR-0284,ADR-0068
DEP-0577,staging,2021-11-15 00:29:00,https://github.com/novatech-solutions/security-tools/actions/runs/22831,78,Success,False,PR-0293,
DEP-0578,production,2021-11-15 15:29:00,https://github.com/novatech-solutions/security-tools/actions/runs/86502,235,Success,False,PR-0293,
DEP-0579,staging,2021-11-17 00:14:00,https://github.com/novatech-solutions/cloudsync-core/actions/runs/34083,93,Success,False,PR-0294,
DEP-0580,production,2021-11-17 17:14:00,https://github.com/novatech-solutions/cloudsync-core/actions/runs/97451,261,Success,False,PR-0294,
DEP-0581,staging,2021-11-18 00:21:00,https://github.com/novatech-solutions/fusionerp-monolith/actions/runs/30353,135,Success,False,PR-0300,
DEP-0582,production,2021-11-18 15:21:00,https://github.com/novatech-solutions/fusionerp-monolith/actions/runs/38776,300,Failed,True,PR-0300,
DEP-0583,staging,2021-11-18 00:05:00,https://github.com/novatech-solutions/insightcrm-core/actions/runs/52044,217,Success,False,PR-0301,
DEP-0584,production,2021-11-18 21:05:00,https://github.com/novatech-solutions/insightcrm-core/actions/runs/67864,245,Success,False,PR-0301,
DEP-0585,staging,2021-11-19 00:22:00,https://github.com/novatech-solutions/platform-infra/actions/runs/47363,157,Success,False,PR-0299,
DEP-0586,production,2021-11-19 03:22:00,https://github.com/novatech-solutions/platform-infra/actions/runs/81608,190,Success,False,PR-0299,
DEP-0587,staging,2021-11-22 00:22:00,https://github.com/novatech-solutions/atlaspay-frontend/actions/runs/97861,189,Success,False,PR-0303,ADR-0073
DEP-0588,production,2021-11-22 03:22:00,https://github.com/novatech-solutions/atlaspay-frontend/actions/runs/83884,262,Success,False,PR-0303,ADR-0073
DEP-0589,staging,2021-11-23 00:29:00,https://github.com/novatech-solutions/visionai-engine/actions/runs/31515,86,Success,False,PR-0297,ADR-0072
DEP-0590,production,2021-11-23 04:29:00,https://github.com/novatech-solutions/visionai-engine/actions/runs/87472,348,Success,False,PR-0297,ADR-0072
DEP-0591,staging,2021-11-25 00:28:00,https://github.com/novatech-solutions/visionai-engine/actions/runs/30871,157,Success,False,PR-0298,ADR-0072
DEP-0592,production,2021-11-25 08:28:00,https://github.com/novatech-solutions/visionai-engine/actions/runs/66893,132,Failed,True,PR-0298,ADR-0072
DEP-0593,staging,2021-11-27 00:17:00,https://github.com/novatech-solutions/fusionerp-monolith/actions/runs/61143,154,Success,False,PR-0304,
DEP-0594,production,2021-11-27 08:17:00,https://github.com/novatech-solutions/fusionerp-monolith/actions/runs/39174,308,Success,False,PR-0304,
DEP-0595,staging,2021-11-27 00:05:00,https://github.com/novatech-solutions/atlaspay-frontend/actions/runs/48719,234,Success,False,PR-0307,ADR-0073
DEP-0596,production,2021-11-27 22:05:00,https://github.com/novatech-solutions/atlaspay-frontend/actions/runs/51909,193,Success,False,PR-0307,ADR-0073
DEP-0597,staging,2021-11-28 00:23:00,https://github.com/novatech-solutions/visionai-engine/actions/runs/20333,70,Success,False,PR-0274,ADR-0067
DEP-0598,production,2021-11-28 12:23:00,https://github.com/novatech-solutions/visionai-engine/actions/runs/11664,241,Success,False,PR-0274,ADR-0067
DEP-0599,staging,2021-11-28 00:19:00,https://github.com/novatech-solutions/visionai-engine/actions/runs/57861,221,Success,False,PR-0275,ADR-0066
DEP-0600,production,2021-11-28 11:19:00,https://github.com/novatech-solutions/visionai-engine/actions/runs/22027,236,Success,False,PR-0275,ADR-0066
DEP-0601,staging,2021-11-29 00:13:00,https://github.com/novatech-solutions/platform-infra/actions/runs/37610,173,Failed,False,PR-0276,ADR-0068
DEP-0602,staging,2021-11-29 01:04:00,https://github.com/novatech-solutions/platform-infra/actions/runs/37610,192,Success,False,PR-0276,ADR-0068
DEP-0603,production,2021-11-29 06:04:00,https://github.com/novatech-solutions/platform-infra/actions/runs/99056,189,Success,False,PR-0276,ADR-0068
DEP-0604,staging,2021-11-29 00:24:00,https://github.com/novatech-solutions/platform-infra/actions/runs/58306,98,Success,False,PR-0302,
DEP-0605,production,2021-11-29 16:24:00,https://github.com/novatech-solutions/platform-infra/actions/runs/23298,224,Success,False,PR-0302,
DEP-0606,staging,2021-11-30 00:26:00,https://github.com/novatech-solutions/security-tools/actions/runs/57704,168,Success,False,PR-0278,ADR-0069
DEP-0607,production,2021-11-30 14:26:00,https://github.com/novatech-solutions/security-tools/actions/runs/70691,251,Success,False,PR-0278,ADR-0069
DEP-0608,staging,2021-12-01 00:17:00,https://github.com/novatech-solutions/security-tools/actions/runs/37869,161,Success,False,PR-0281,ADR-0070
DEP-0609,production,2021-12-01 08:17:00,https://github.com/novatech-solutions/security-tools/actions/runs/76683,264,Success,False,PR-0281,ADR-0070
DEP-0610,staging,2021-12-02 00:17:00,https://github.com/novatech-solutions/insightcrm-core/actions/runs/21040,89,Success,False,PR-0285,ADR-0071
DEP-0611,production,2021-12-02 02:17:00,https://github.com/novatech-solutions/insightcrm-core/actions/runs/70238,299,Success,False,PR-0285,ADR-0071
DEP-0612,staging,2021-12-03 00:23:00,https://github.com/novatech-solutions/atlaspay-backend/actions/runs/90714,117,Success,False,PR-0310,ADR-0074
DEP-0613,production,2021-12-03 06:23:00,https://github.com/novatech-solutions/atlaspay-backend/actions/runs/30226,298,Success,False,PR-0310,ADR-0074
DEP-0614,staging,2021-12-04 00:12:00,https://github.com/novatech-solutions/platform-infra/actions/runs/65455,111,Success,False,PR-0308,
DEP-0615,production,2021-12-04 20:12:00,https://github.com/novatech-solutions/platform-infra/actions/runs/51360,347,Success,False,PR-0308,
DEP-0616,staging,2021-12-06 00:07:00,https://github.com/novatech-solutions/atlaspay-frontend/actions/runs/79050,107,Success,False,PR-0306,ADR-0073
DEP-0617,production,2021-12-06 07:07:00,https://github.com/novatech-solutions/atlaspay-frontend/actions/runs/68193,235,Failed,True,PR-0306,ADR-0073
DEP-0618,staging,2021-12-08 00:19:00,https://github.com/novatech-solutions/visionai-engine/actions/runs/75502,77,Success,False,PR-0295,ADR-0072
DEP-0619,production,2021-12-09 00:19:00,https://github.com/novatech-solutions/visionai-engine/actions/runs/64356,216,Success,False,PR-0295,ADR-0072
DEP-0620,staging,2021-12-09 00:28:00,https://github.com/novatech-solutions/platform-infra/actions/runs/16975,89,Failed,False,PR-0313,ADR-0077
DEP-0621,staging,2021-12-09 01:28:00,https://github.com/novatech-solutions/platform-infra/actions/runs/16975,103,Success,False,PR-0313,ADR-0077
DEP-0622,production,2021-12-09 15:28:00,https://github.com/novatech-solutions/platform-infra/actions/runs/58194,113,Success,False,PR-0313,ADR-0077
DEP-0623,staging,2021-12-11 00:11:00,https://github.com/novatech-solutions/novacommerce-core/actions/runs/14789,145,Success,False,PR-0311,ADR-0078
DEP-0624,production,2021-12-11 07:11:00,https://github.com/novatech-solutions/novacommerce-core/actions/runs/66125,141,Success,False,PR-0311,ADR-0078
DEP-0625,staging,2021-12-11 00:26:00,https://github.com/novatech-solutions/atlaspay-backend/actions/runs/96972,229,Success,False,PR-0314,ADR-0079
DEP-0626,production,2021-12-11 12:26:00,https://github.com/novatech-solutions/atlaspay-backend/actions/runs/92268,118,Success,False,PR-0314,ADR-0079
DEP-0627,staging,2021-12-11 00:26:00,https://github.com/novatech-solutions/novacommerce-core/actions/runs/50861,190,Success,False,PR-0317,ADR-0076
DEP-0628,production,2021-12-11 13:26:00,https://github.com/novatech-solutions/novacommerce-core/actions/runs/59335,342,Success,False,PR-0317,ADR-0076
DEP-0629,staging,2021-12-14 00:05:00,https://github.com/novatech-solutions/novacommerce-web/actions/runs/58620,231,Failed,False,PR-0321,
DEP-0630,staging,2021-12-14 01:29:00,https://github.com/novatech-solutions/novacommerce-web/actions/runs/58620,239,Success,False,PR-0321,
DEP-0631,production,2021-12-14 14:29:00,https://github.com/novatech-solutions/novacommerce-web/actions/runs/36701,103,Success,False,PR-0321,
DEP-0632,staging,2021-12-14 00:17:00,https://github.com/novatech-solutions/platform-infra/actions/runs/96668,111,Success,False,PR-0322,ADR-0077
DEP-0633,production,2021-12-14 06:17:00,https://github.com/novatech-solutions/platform-infra/actions/runs/80432,156,Success,False,PR-0322,ADR-0077
DEP-0634,staging,2021-12-15 00:29:00,https://github.com/novatech-solutions/novacommerce-core/actions/runs/28827,105,Success,False,PR-0318,ADR-0076
DEP-0635,production,2021-12-15 16:29:00,https://github.com/novatech-solutions/novacommerce-core/actions/runs/21427,162,Success,False,PR-0318,ADR-0076
DEP-0636,staging,2021-12-16 00:19:00,https://github.com/novatech-solutions/platform-infra/actions/runs/54122,159,Success,False,PR-0330,ADR-0077
DEP-0637,production,2021-12-16 14:19:00,https://github.com/novatech-solutions/platform-infra/actions/runs/89612,208,Success,False,PR-0330,ADR-0077
DEP-0638,staging,2021-12-18 00:06:00,https://github.com/novatech-solutions/atlaspay-backend/actions/runs/15803,234,Success,False,PR-0328,ADR-0079
DEP-0639,production,2021-12-18 16:06:00,https://github.com/novatech-solutions/atlaspay-backend/actions/runs/99208,344,Success,False,PR-0328,ADR-0079
DEP-0640,staging,2021-12-18 00:20:00,https://github.com/novatech-solutions/novacommerce-core/actions/runs/35594,230,Success,False,PR-0329,ADR-0078
DEP-0641,production,2021-12-18 14:20:00,https://github.com/novatech-solutions/novacommerce-core/actions/runs/64019,318,Success,False,PR-0329,ADR-0078
DEP-0642,staging,2021-12-18 00:07:00,https://github.com/novatech-solutions/platform-infra/actions/runs/66686,177,Failed,False,PR-0332,ADR-0077
DEP-0643,staging,2021-12-18 01:03:00,https://github.com/novatech-solutions/platform-infra/actions/runs/66686,179,Success,False,PR-0332,ADR-0077
DEP-0644,production,2021-12-19 00:03:00,https://github.com/novatech-solutions/platform-infra/actions/runs/92408,330,Success,False,PR-0332,ADR-0077
DEP-0645,staging,2021-12-19 00:08:00,https://github.com/novatech-solutions/novacommerce-core/actions/runs/30502,67,Success,False,PR-0319,ADR-0076
DEP-0646,production,2021-12-19 06:08:00,https://github.com/novatech-solutions/novacommerce-core/actions/runs/35660,155,Success,False,PR-0319,ADR-0076
DEP-0647,staging,2021-12-19 00:13:00,https://github.com/novatech-solutions/insightcrm-core/actions/runs/43446,209,Success,False,PR-0323,ADR-0080
DEP-0648,production,2021-12-19 11:13:00,https://github.com/novatech-solutions/insightcrm-core/actions/runs/44952,179,Success,False,PR-0323,ADR-0080
DEP-0649,staging,2021-12-20 00:27:00,https://github.com/novatech-solutions/cloudsync-core/actions/runs/69690,82,Success,False,PR-0316,ADR-0075
DEP-0650,production,2021-12-20 14:27:00,https://github.com/novatech-solutions/cloudsync-core/actions/runs/65402,184,Success,False,PR-0316,ADR-0075
DEP-0651,staging,2021-12-21 00:08:00,https://github.com/novatech-solutions/atlaspay-frontend/actions/runs/93404,194,Success,False,PR-0333,
DEP-0652,production,2021-12-21 03:08:00,https://github.com/novatech-solutions/atlaspay-frontend/actions/runs/94581,264,Success,False,PR-0333,
DEP-0653,staging,2021-12-22 00:20:00,https://github.com/novatech-solutions/atlaspay-frontend/actions/runs/83653,78,Success,False,PR-0305,ADR-0073
DEP-0654,production,2021-12-22 08:20:00,https://github.com/novatech-solutions/atlaspay-frontend/actions/runs/74370,98,Success,False,PR-0305,ADR-0073
DEP-0655,staging,2021-12-22 00:05:00,https://github.com/novatech-solutions/atlaspay-backend/actions/runs/25187,121,Success,False,PR-0326,ADR-0079
DEP-0656,production,2021-12-22 12:05:00,https://github.com/novatech-solutions/atlaspay-backend/actions/runs/73347,303,Success,False,PR-0326,ADR-0079
DEP-0657,staging,2021-12-25 00:05:00,https://github.com/novatech-solutions/atlaspay-backend/actions/runs/94852,123,Success,False,PR-0309,ADR-0074
DEP-0658,production,2021-12-25 22:05:00,https://github.com/novatech-solutions/atlaspay-backend/actions/runs/21358,258,Success,False,PR-0309,ADR-0074
DEP-0659,staging,2021-12-26 00:24:00,https://github.com/novatech-solutions/fusionerp-monolith/actions/runs/98714,199,Success,False,PR-0327,ADR-0082
DEP-0660,production,2021-12-26 13:24:00,https://github.com/novatech-solutions/fusionerp-monolith/actions/runs/33954,296,Success,False,PR-0327,ADR-0082
DEP-0661,staging,2021-12-26 00:14:00,https://github.com/novatech-solutions/atlaspay-backend/actions/runs/89282,200,Failed,False,PR-0331,ADR-0079
DEP-0662,staging,2021-12-26 01:07:00,https://github.com/novatech-solutions/atlaspay-backend/actions/runs/89282,206,Success,False,PR-0331,ADR-0079
DEP-0663,production,2021-12-27 01:07:00,https://github.com/novatech-solutions/atlaspay-backend/actions/runs/15624,122,Success,False,PR-0331,ADR-0079
DEP-0664,staging,2021-12-28 00:11:00,https://github.com/novatech-solutions/insightcrm-core/actions/runs/87110,198,Success,False,PR-0336,ADR-0080
DEP-0665,production,2021-12-28 15:11:00,https://github.com/novatech-solutions/insightcrm-core/actions/runs/60450,360,Success,False,PR-0336,ADR-0080
DEP-0666,staging,2021-12-30 00:11:00,https://github.com/novatech-solutions/fusionerp-monolith/actions/runs/13704,227,Success,False,PR-0334,ADR-0084
DEP-0667,production,2021-12-30 09:11:00,https://github.com/novatech-solutions/fusionerp-monolith/actions/runs/45118,241,Success,False,PR-0334,ADR-0084
DEP-0668,staging,2021-12-31 00:08:00,https://github.com/novatech-solutions/cloudsync-core/actions/runs/61906,79,Failed,False,PR-0312,ADR-0075
DEP-0669,staging,2021-12-31 01:03:00,https://github.com/novatech-solutions/cloudsync-core/actions/runs/61906,99,Success,False,PR-0312,ADR-0075
DEP-0670,production,2021-12-31 22:03:00,https://github.com/novatech-solutions/cloudsync-core/actions/runs/36372,140,Failed,True,PR-0312,ADR-0075
DEP-0671,staging,2022-01-01 00:30:00,https://github.com/novatech-solutions/visionai-engine/actions/runs/52975,111,Success,False,PR-0340,ADR-0085
DEP-0672,production,2022-01-01 10:30:00,https://github.com/novatech-solutions/visionai-engine/actions/runs/85158,189,Success,False,PR-0340,ADR-0085
DEP-0673,staging,2022-01-01 00:18:00,https://github.com/novatech-solutions/visionai-engine/actions/runs/48108,63,Success,False,PR-0344,ADR-0083
DEP-0674,production,2022-01-01 17:18:00,https://github.com/novatech-solutions/visionai-engine/actions/runs/83650,353,Success,False,PR-0344,ADR-0083
DEP-0675,staging,2022-01-02 00:05:00,https://github.com/novatech-solutions/novacommerce-core/actions/runs/72714,227,Success,False,PR-0338,ADR-0086
DEP-0676,production,2022-01-02 09:05:00,https://github.com/novatech-solutions/novacommerce-core/actions/runs/73543,357,Failed,True,PR-0338,ADR-0086
DEP-0677,staging,2022-01-02 00:16:00,https://github.com/novatech-solutions/insightcrm-core/actions/runs/17010,124,Success,False,PR-0339,ADR-0081
DEP-0678,production,2022-01-02 06:16:00,https://github.com/novatech-solutions/insightcrm-core/actions/runs/75758,214,Success,False,PR-0339,ADR-0081
DEP-0679,staging,2022-01-03 00:19:00,https://github.com/novatech-solutions/novacommerce-core/actions/runs/80577,115,Success,False,PR-0315,ADR-0076
DEP-0680,production,2022-01-03 20:19:00,https://github.com/novatech-solutions/novacommerce-core/actions/runs/70090,162,Success,False,PR-0315,ADR-0076
DEP-0681,staging,2022-01-03 00:23:00,https://github.com/novatech-solutions/fusionerp-monolith/actions/runs/97741,146,Success,False,PR-0343,ADR-0082
DEP-0682,production,2022-01-03 10:23:00,https://github.com/novatech-solutions/fusionerp-monolith/actions/runs/99951,224,Success,False,PR-0343,ADR-0082
DEP-0683,staging,2022-01-03 00:13:00,https://github.com/novatech-solutions/visionai-engine/actions/runs/90951,198,Success,False,PR-0346,ADR-0083
DEP-0684,production,2022-01-03 01:13:00,https://github.com/novatech-solutions/visionai-engine/actions/runs/36508,314,Success,False,PR-0346,ADR-0083
DEP-0685,staging,2022-01-07 00:25:00,https://github.com/novatech-solutions/fusionerp-monolith/actions/runs/87522,91,Success,False,PR-0349,ADR-0082
DEP-0686,production,2022-01-08 00:25:00,https://github.com/novatech-solutions/fusionerp-monolith/actions/runs/61879,157,Success,False,PR-0349,ADR-0082
DEP-0687,staging,2022-01-08 00:07:00,https://github.com/novatech-solutions/platform-infra/actions/runs/56211,239,Success,False,PR-0320,ADR-0077
DEP-0688,production,2022-01-08 22:07:00,https://github.com/novatech-solutions/platform-infra/actions/runs/32339,355,Success,False,PR-0320,ADR-0077
DEP-0689,staging,2022-01-08 00:14:00,https://github.com/novatech-solutions/platform-infra/actions/runs/62671,223,Success,False,PR-0360,
DEP-0690,production,2022-01-08 14:14:00,https://github.com/novatech-solutions/platform-infra/actions/runs/16160,199,Success,False,PR-0360,
DEP-0691,staging,2022-01-09 00:16:00,https://github.com/novatech-solutions/fusionerp-monolith/actions/runs/20983,192,Success,False,PR-0347,
DEP-0692,production,2022-01-09 14:16:00,https://github.com/novatech-solutions/fusionerp-monolith/actions/runs/90911,314,Success,False,PR-0347,
DEP-0693,staging,2022-01-10 00:23:00,https://github.com/novatech-solutions/novacommerce-core/actions/runs/70377,82,Success,False,PR-0324,ADR-0078
DEP-0694,production,2022-01-10 08:23:00,https://github.com/novatech-solutions/novacommerce-core/actions/runs/83384,191,Success,False,PR-0324,ADR-0078
DEP-0695,staging,2022-01-10 00:16:00,https://github.com/novatech-solutions/atlaspay-backend/actions/runs/42753,221,Success,False,PR-0325,ADR-0079
DEP-0696,production,2022-01-10 13:16:00,https://github.com/novatech-solutions/atlaspay-backend/actions/runs/68641,260,Success,False,PR-0325,ADR-0079
DEP-0697,staging,2022-01-10 00:06:00,https://github.com/novatech-solutions/fusionerp-monolith/actions/runs/17858,221,Success,False,PR-0345,ADR-0082
DEP-0698,production,2022-01-10 04:06:00,https://github.com/novatech-solutions/fusionerp-monolith/actions/runs/41774,107,Success,False,PR-0345,ADR-0082
DEP-0699,staging,2022-01-12 00:13:00,https://github.com/novatech-solutions/fusionerp-monolith/actions/runs/30127,169,Success,False,PR-0358,ADR-0089
DEP-0700,production,2022-01-12 20:13:00,https://github.com/novatech-solutions/fusionerp-monolith/actions/runs/63099,254,Success,False,PR-0358,ADR-0089
DEP-0701,staging,2022-01-13 00:10:00,https://github.com/novatech-solutions/visionai-engine/actions/runs/44325,121,Success,False,PR-0356,ADR-0085
DEP-0702,production,2022-01-13 07:10:00,https://github.com/novatech-solutions/visionai-engine/actions/runs/21591,318,Success,False,PR-0356,ADR-0085
DEP-0703,staging,2022-01-14 00:29:00,https://github.com/novatech-solutions/novacommerce-web/actions/runs/52296,64,Success,False,PR-0354,
DEP-0704,production,2022-01-14 16:29:00,https://github.com/novatech-solutions/novacommerce-web/actions/runs/19025,155,Success,False,PR-0354,
DEP-0705,staging,2022-01-14 00:12:00,https://github.com/novatech-solutions/visionai-engine/actions/runs/10341,168,Success,False,PR-0357,ADR-0087
DEP-0706,production,2022-01-14 13:12:00,https://github.com/novatech-solutions/visionai-engine/actions/runs/27447,320,Success,False,PR-0357,ADR-0087
DEP-0707,staging,2022-01-14 00:30:00,https://github.com/novatech-solutions/cloudsync-apps/actions/runs/68857,190,Success,False,PR-0364,ADR-0090
DEP-0708,production,2022-01-14 02:30:00,https://github.com/novatech-solutions/cloudsync-apps/actions/runs/58502,219,Success,False,PR-0364,ADR-0090
DEP-0709,staging,2022-01-14 00:17:00,https://github.com/novatech-solutions/insightcrm-core/actions/runs/52905,236,Success,False,PR-0365,ADR-0088
DEP-0710,production,2022-01-14 08:17:00,https://github.com/novatech-solutions/insightcrm-core/actions/runs/71658,115,Success,False,PR-0365,ADR-0088
DEP-0711,staging,2022-01-14 00:17:00,https://github.com/novatech-solutions/insightcrm-core/actions/runs/17294,239,Success,False,PR-0367,ADR-0088
DEP-0712,production,2022-01-14 16:17:00,https://github.com/novatech-solutions/insightcrm-core/actions/runs/15332,287,Success,False,PR-0367,ADR-0088
DEP-0713,staging,2022-01-15 00:22:00,https://github.com/novatech-solutions/novacommerce-core/actions/runs/50110,179,Success,False,PR-0359,ADR-0086
DEP-0714,production,2022-01-15 09:22:00,https://github.com/novatech-solutions/novacommerce-core/actions/runs/86822,255,Success,False,PR-0359,ADR-0086
DEP-0715,staging,2022-01-17 00:29:00,https://github.com/novatech-solutions/fusionerp-monolith/actions/runs/95882,153,Success,False,PR-0352,ADR-0084
DEP-0716,production,2022-01-17 16:29:00,https://github.com/novatech-solutions/fusionerp-monolith/actions/runs/98197,298,Success,False,PR-0352,ADR-0084
DEP-0717,staging,2022-01-17 00:08:00,https://github.com/novatech-solutions/novacommerce-core/actions/runs/95236,152,Failed,False,PR-0355,ADR-0086
DEP-0718,staging,2022-01-17 01:19:00,https://github.com/novatech-solutions/novacommerce-core/actions/runs/95236,159,Success,False,PR-0355,ADR-0086
DEP-0719,production,2022-01-17 08:19:00,https://github.com/novatech-solutions/novacommerce-core/actions/runs/63451,99,Success,False,PR-0355,ADR-0086
DEP-0720,staging,2022-01-18 00:26:00,https://github.com/novatech-solutions/insightcrm-core/actions/runs/98161,64,Failed,False,PR-0335,ADR-0080
DEP-0721,staging,2022-01-18 01:01:00,https://github.com/novatech-solutions/insightcrm-core/actions/runs/98161,59,Success,False,PR-0335,ADR-0080
DEP-0722,production,2022-01-18 23:01:00,https://github.com/novatech-solutions/insightcrm-core/actions/runs/33569,125,Success,False,PR-0335,ADR-0080
DEP-0723,staging,2022-01-18 00:11:00,https://github.com/novatech-solutions/visionai-engine/actions/runs/75143,162,Success,False,PR-0361,ADR-0087
DEP-0724,production,2022-01-18 06:11:00,https://github.com/novatech-solutions/visionai-engine/actions/runs/67825,234,Success,False,PR-0361,ADR-0087
DEP-0725,staging,2022-01-20 00:12:00,https://github.com/novatech-solutions/novacommerce-core/actions/runs/81104,70,Failed,False,PR-0362,ADR-0086
DEP-0726,staging,2022-01-20 00:47:00,https://github.com/novatech-solutions/novacommerce-core/actions/runs/81104,76,Success,False,PR-0362,ADR-0086
DEP-0727,production,2022-01-20 20:47:00,https://github.com/novatech-solutions/novacommerce-core/actions/runs/54910,191,Failed,True,PR-0362,ADR-0086
DEP-0728,staging,2022-01-20 00:05:00,https://github.com/novatech-solutions/fusionerp-monolith/actions/runs/26768,129,Success,False,PR-0371,ADR-0089
DEP-0729,production,2022-01-20 02:05:00,https://github.com/novatech-solutions/fusionerp-monolith/actions/runs/89978,349,Success,False,PR-0371,ADR-0089
DEP-0730,staging,2022-01-21 00:15:00,https://github.com/novatech-solutions/insightcrm-core/actions/runs/45986,62,Success,False,PR-0337,ADR-0081
DEP-0731,production,2022-01-21 05:15:00,https://github.com/novatech-solutions/insightcrm-core/actions/runs/23067,259,Success,False,PR-0337,ADR-0081
DEP-0732,staging,2022-01-21 00:25:00,https://github.com/novatech-solutions/insightcrm-core/actions/runs/78865,170,Success,False,PR-0368,ADR-0088
DEP-0733,production,2022-01-22 00:25:00,https://github.com/novatech-solutions/insightcrm-core/actions/runs/86640,204,Success,False,PR-0368,ADR-0088
DEP-0734,staging,2022-01-22 00:10:00,https://github.com/novatech-solutions/visionai-engine/actions/runs/50952,76,Success,False,PR-0366,ADR-0087
DEP-0735,production,2022-01-22 08:10:00,https://github.com/novatech-solutions/visionai-engine/actions/runs/82143,343,Success,False,PR-0366,ADR-0087
DEP-0736,staging,2022-01-25 00:16:00,https://github.com/novatech-solutions/visionai-engine/actions/runs/35436,119,Success,False,PR-0341,ADR-0083
DEP-0737,production,2022-01-26 00:16:00,https://github.com/novatech-solutions/visionai-engine/actions/runs/60687,225,Success,False,PR-0341,ADR-0083
DEP-0738,staging,2022-01-25 00:17:00,https://github.com/novatech-solutions/fusionerp-monolith/actions/runs/66162,183,Failed,False,PR-0342,ADR-0082
DEP-0739,staging,2022-01-25 01:46:00,https://github.com/novatech-solutions/fusionerp-monolith/actions/runs/66162,188,Success,False,PR-0342,ADR-0082
DEP-0740,production,2022-01-25 18:46:00,https://github.com/novatech-solutions/fusionerp-monolith/actions/runs/17137,196,Success,False,PR-0342,ADR-0082
DEP-0741,staging,2022-01-25 00:05:00,https://github.com/novatech-solutions/cloudsync-apps/actions/runs/71845,113,Success,False,PR-0378,ADR-0092
DEP-0742,production,2022-01-25 01:05:00,https://github.com/novatech-solutions/cloudsync-apps/actions/runs/69372,348,Success,False,PR-0378,ADR-0092
DEP-0743,staging,2022-01-26 00:30:00,https://github.com/novatech-solutions/atlaspay-backend/actions/runs/45226,170,Success,False,PR-0382,ADR-0093
DEP-0744,production,2022-01-26 08:30:00,https://github.com/novatech-solutions/atlaspay-backend/actions/runs/12209,264,Success,False,PR-0382,ADR-0093
DEP-0745,staging,2022-01-28 00:21:00,https://github.com/novatech-solutions/cloudsync-apps/actions/runs/58761,102,Success,False,PR-0374,ADR-0092
DEP-0746,production,2022-01-28 22:21:00,https://github.com/novatech-solutions/cloudsync-apps/actions/runs/44819,234,Success,False,PR-0374,ADR-0092
DEP-0747,staging,2022-01-29 00:28:00,https://github.com/novatech-solutions/fusionerp-monolith/actions/runs/43255,149,Success,False,PR-0348,ADR-0084
DEP-0748,production,2022-01-29 06:28:00,https://github.com/novatech-solutions/fusionerp-monolith/actions/runs/93057,278,Success,False,PR-0348,ADR-0084
DEP-0749,staging,2022-01-31 00:21:00,https://github.com/novatech-solutions/visionai-engine/actions/runs/92402,182,Success,False,PR-0350,ADR-0085
DEP-0750,production,2022-01-31 09:21:00,https://github.com/novatech-solutions/visionai-engine/actions/runs/86206,114,Success,False,PR-0350,ADR-0085
