incident_id,cause,root_cause,severity,timeline,resolution,linked_deployment,linked_pr,linked_adr,lessons_learned
INC-0001,Routing loop in Istio service mesh for atlaspay-ledger,A misconfigured VirtualService manifest in Terraform caused traffic to cycle between the canary deployment and the main service. Latency spiked and error rates reached 100% due to maximum hop recursion.,P0,"[{""event"": ""System Alert - Anomalous Metrics Detected"", ""timestamp"": ""2021-01-12 15:59:00""}, {""event"": ""On-call Engineer Acknowledged Alert"", ""timestamp"": ""2021-01-12 16:08:00""}, {""event"": ""Mitigation Applied - Increased pod count"", ""timestamp"": ""2021-01-12 16:33:00""}, {""event"": ""Incident Resolved - System metrics stabilized"", ""timestamp"": ""2021-01-12 19:59:00""}]",Applied mitigation at 16:33:00 by rolling back production deployment DEP-0003 or applying hotfix. Monitored CPU and error rates until they returned to baseline levels.,DEP-0003,PR-0001,ADR-0001,Add deployment linting checks for mesh configurations. Implement dry-run verification steps in CI/CD pipeline before applying mesh routes.
INC-0002,Routing loop in Istio service mesh for novacommerce-cart,A misconfigured VirtualService manifest in Terraform caused traffic to cycle between the canary deployment and the main service. Latency spiked and error rates reached 100% due to maximum hop recursion.,P0,"[{""event"": ""System Alert - Anomalous Metrics Detected"", ""timestamp"": ""2021-01-19 07:24:00""}, {""event"": ""On-call Engineer Acknowledged Alert"", ""timestamp"": ""2021-01-19 07:30:00""}, {""event"": ""Mitigation Applied - Flushed cache"", ""timestamp"": ""2021-01-19 08:41:00""}, {""event"": ""Incident Resolved - System metrics stabilized"", ""timestamp"": ""2021-01-19 11:57:00""}]",Applied mitigation at 08:41:00 by rolling back production deployment DEP-0005 or applying hotfix. Monitored CPU and error rates until they returned to baseline levels.,DEP-0005,PR-0003,,Add deployment linting checks for mesh configurations. Implement dry-run verification steps in CI/CD pipeline before applying mesh routes.
INC-0003,Unoptimized query on platform-monitoring database after release,A new feature did a sequential scan on a table containing 10M+ rows because the foreign key index was omitted in the migration script. CPU spiked to 100% and query latency went from 5ms to 8000ms.,P2,"[{""event"": ""System Alert - Anomalous Metrics Detected"", ""timestamp"": ""2021-01-20 16:07:00""}, {""event"": ""On-call Engineer Acknowledged Alert"", ""timestamp"": ""2021-01-20 16:19:00""}, {""event"": ""Mitigation Applied - Increased pod count"", ""timestamp"": ""2021-01-20 17:13:00""}, {""event"": ""Incident Resolved - System metrics stabilized"", ""timestamp"": ""2021-01-20 18:47:00""}]",Applied mitigation at 17:13:00 by rolling back production deployment DEP-0007 or applying hotfix. Monitored CPU and error rates until they returned to baseline levels.,DEP-0007,PR-0002,ADR-0003,Require explain-plan checks in CI/CD pipelines for any new migration files. Enforce indexing guidelines for foreign keys.
INC-0004,Cache stampede in atlaspay-ledger for metadata queries,"An eviction of high-frequency metadata cache keys in Redis occurred concurrently with a traffic spike. Thousands of pods hit the underlying database at once to re-fetch the metadata, locking tables.",P1,"[{""event"": ""System Alert - Anomalous Metrics Detected"", ""timestamp"": ""2021-01-21 13:52:00""}, {""event"": ""On-call Engineer Acknowledged Alert"", ""timestamp"": ""2021-01-21 13:59:00""}, {""event"": ""Mitigation Applied - Increased pod count"", ""timestamp"": ""2021-01-21 15:19:00""}, {""event"": ""Incident Resolved - System metrics stabilized"", ""timestamp"": ""2021-01-21 16:36:00""}]",Applied mitigation at 15:19:00 by rolling back production deployment DEP-0009 or applying hotfix. Monitored CPU and error rates until they returned to baseline levels.,DEP-0009,PR-0004,,Implement cache key locking/mutexes (single-flight pattern) so only one request updates the cache while others wait. Add jitter to cache TTLs.
INC-0005,Unoptimized query on atlaspay-ledger database after release,A new feature did a sequential scan on a table containing 10M+ rows because the foreign key index was omitted in the migration script. CPU spiked to 100% and query latency went from 5ms to 8000ms.,P2,"[{""event"": ""System Alert - Anomalous Metrics Detected"", ""timestamp"": ""2021-01-22 14:56:00""}, {""event"": ""On-call Engineer Acknowledged Alert"", ""timestamp"": ""2021-01-22 15:06:00""}, {""event"": ""Mitigation Applied - Increased pod count"", ""timestamp"": ""2021-01-22 15:21:00""}, {""event"": ""Incident Resolved - System metrics stabilized"", ""timestamp"": ""2021-01-22 18:13:00""}]",Applied mitigation at 15:21:00 by rolling back production deployment DEP-0011 or applying hotfix. Monitored CPU and error rates until they returned to baseline levels.,DEP-0011,PR-0008,ADR-0001,Require explain-plan checks in CI/CD pipelines for any new migration files. Enforce indexing guidelines for foreign keys.
INC-0006,Out of memory (OOM) crash in cloudsync-desktop pod during batch processing,A memory leak in the Go/Python worker loop processing batch uploads. The worker accumulated pointers in a global slice and did not trigger garbage collection timely. Pod reached K8s limit (2Gi) and got OOMKilled.,P1,"[{""event"": ""System Alert - Anomalous Metrics Detected"", ""timestamp"": ""2021-01-24 18:27:00""}, {""event"": ""On-call Engineer Acknowledged Alert"", ""timestamp"": ""2021-01-24 18:31:00""}, {""event"": ""Mitigation Applied - Flushed cache"", ""timestamp"": ""2021-01-24 18:58:00""}, {""event"": ""Incident Resolved - System metrics stabilized"", ""timestamp"": ""2021-01-24 22:14:00""}]",Applied mitigation at 18:58:00 by rolling back production deployment DEP-0013 or applying hotfix. Monitored CPU and error rates until they returned to baseline levels.,DEP-0013,PR-0005,,"Profile heap usage during batch tasks, reuse object buffers, and add strict memory limits to K8s configs with warnings at 80% usage."
INC-0007,Unoptimized query on novacommerce-checkout database after release,A new feature did a sequential scan on a table containing 10M+ rows because the foreign key index was omitted in the migration script. CPU spiked to 100% and query latency went from 5ms to 8000ms.,P2,"[{""event"": ""System Alert - Anomalous Metrics Detected"", ""timestamp"": ""2021-01-25 23:22:00""}, {""event"": ""On-call Engineer Acknowledged Alert"", ""timestamp"": ""2021-01-25 23:36:00""}, {""event"": ""Mitigation Applied - Flushed cache"", ""timestamp"": ""2021-01-25 23:56:00""}, {""event"": ""Incident Resolved - System metrics stabilized"", ""timestamp"": ""2021-01-26 01:54:00""}]",Applied mitigation at 23:56:00 by rolling back production deployment DEP-0015 or applying hotfix. Monitored CPU and error rates until they returned to baseline levels.,DEP-0015,PR-0010,,Require explain-plan checks in CI/CD pipelines for any new migration files. Enforce indexing guidelines for foreign keys.
INC-0008,Routing loop in Istio service mesh for security-scanner,A misconfigured VirtualService manifest in Terraform caused traffic to cycle between the canary deployment and the main service. Latency spiked and error rates reached 100% due to maximum hop recursion.,P0,"[{""event"": ""System Alert - Anomalous Metrics Detected"", ""timestamp"": ""2021-01-27 18:52:00""}, {""event"": ""On-call Engineer Acknowledged Alert"", ""timestamp"": ""2021-01-27 19:02:00""}, {""event"": ""Mitigation Applied - Flushed cache"", ""timestamp"": ""2021-01-27 20:08:00""}, {""event"": ""Incident Resolved - System metrics stabilized"", ""timestamp"": ""2021-01-28 00:04:00""}]",Applied mitigation at 20:08:00 by rolling back production deployment DEP-0017 or applying hotfix. Monitored CPU and error rates until they returned to baseline levels.,DEP-0017,PR-0011,ADR-0002,Add deployment linting checks for mesh configurations. Implement dry-run verification steps in CI/CD pipeline before applying mesh routes.
INC-0009,Message lag spike on Kafka partition for security-scanner,"A slow consumer thread due to synchronous downstream HTTP calls. As partition size grew, processing fell behind by over 50,000 messages, delaying order processing in NovaCommerce.",P1,"[{""event"": ""System Alert - Anomalous Metrics Detected"", ""timestamp"": ""2021-01-28 09:05:00""}, {""event"": ""On-call Engineer Acknowledged Alert"", ""timestamp"": ""2021-01-28 09:13:00""}, {""event"": ""Mitigation Applied - Increased pod count"", ""timestamp"": ""2021-01-28 09:36:00""}, {""event"": ""Incident Resolved - System metrics stabilized"", ""timestamp"": ""2021-01-28 12:26:00""}]",Applied mitigation at 09:36:00 by rolling back production deployment DEP-0019 or applying hotfix. Monitored CPU and error rates until they returned to baseline levels.,DEP-0019,PR-0012,ADR-0002,"Implement worker pool concurrency in consumer code, wrap calls in circuit breakers, and monitor consumer lag metrics to trigger auto-scaling."
INC-0010,Database connection pool exhaustion on security-scanner,"The service connection pool size was set to 20, but under heavy concurrent traffic, queries blocked on database, causing requests to queue up and exhaust all worker threads. The health check endpoint also blocked, leading Kubernetes to restart pods in a loop.",P0,"[{""event"": ""System Alert - Anomalous Metrics Detected"", ""timestamp"": ""2021-01-28 19:13:00""}, {""event"": ""On-call Engineer Acknowledged Alert"", ""timestamp"": ""2021-01-28 19:26:00""}, {""event"": ""Mitigation Applied - Increased pod count"", ""timestamp"": ""2021-01-28 20:44:00""}, {""event"": ""Incident Resolved - System metrics stabilized"", ""timestamp"": ""2021-01-28 21:30:00""}]",Applied mitigation at 20:44:00 by rolling back production deployment DEP-0021 or applying hotfix. Monitored CPU and error rates until they returned to baseline levels.,DEP-0021,PR-0014,ADR-0002,"We must decoupled health check endpoints from primary database checks (make them shallow), increase connection pool limits, and implement rate limiting on expensive endpoints."
INC-0011,Database connection pool exhaustion on atlaspay-ledger,"The service connection pool size was set to 20, but under heavy concurrent traffic, queries blocked on PostgreSQL, causing requests to queue up and exhaust all worker threads. The health check endpoint also blocked, leading Kubernetes to restart pods in a loop.",P0,"[{""event"": ""System Alert - Anomalous Metrics Detected"", ""timestamp"": ""2021-01-29 07:28:00""}, {""event"": ""On-call Engineer Acknowledged Alert"", ""timestamp"": ""2021-01-29 07:38:00""}, {""event"": ""Mitigation Applied - Increased pod count"", ""timestamp"": ""2021-01-29 08:50:00""}, {""event"": ""Incident Resolved - System metrics stabilized"", ""timestamp"": ""2021-01-29 12:35:00""}]",Applied mitigation at 08:50:00 by rolling back production deployment DEP-0023 or applying hotfix. Monitored CPU and error rates until they returned to baseline levels.,DEP-0023,PR-0007,ADR-0001,"We must decoupled health check endpoints from primary database checks (make them shallow), increase connection pool limits, and implement rate limiting on expensive endpoints."
INC-0012,Message lag spike on Kafka partition for insightcrm-api,"A slow consumer thread due to synchronous downstream HTTP calls. As partition size grew, processing fell behind by over 50,000 messages, delaying order processing in NovaCommerce.",P1,"[{""event"": ""System Alert - Anomalous Metrics Detected"", ""timestamp"": ""2021-01-30 08:44:00""}, {""event"": ""On-call Engineer Acknowledged Alert"", ""timestamp"": ""2021-01-30 08:46:00""}, {""event"": ""Mitigation Applied - Increased pod count"", ""timestamp"": ""2021-01-30 09:42:00""}, {""event"": ""Incident Resolved - System metrics stabilized"", ""timestamp"": ""2021-01-30 11:54:00""}]",Applied mitigation at 09:42:00 by rolling back production deployment DEP-0025 or applying hotfix. Monitored CPU and error rates until they returned to baseline levels.,DEP-0025,PR-0016,ADR-0005,"Implement worker pool concurrency in consumer code, wrap calls in circuit breakers, and monitor consumer lag metrics to trigger auto-scaling."
INC-0013,Cache stampede in security-auth-proxy for metadata queries,"An eviction of high-frequency metadata cache keys in Redis occurred concurrently with a traffic spike. Thousands of pods hit the underlying database at once to re-fetch the metadata, locking tables.",P1,"[{""event"": ""System Alert - Anomalous Metrics Detected"", ""timestamp"": ""2021-01-31 18:07:00""}, {""event"": ""On-call Engineer Acknowledged Alert"", ""timestamp"": ""2021-01-31 18:11:00""}, {""event"": ""Mitigation Applied - Rolled back deployment"", ""timestamp"": ""2021-01-31 19:01:00""}, {""event"": ""Incident Resolved - System metrics stabilized"", ""timestamp"": ""2021-01-31 21:19:00""}]",Applied mitigation at 19:01:00 by rolling back production deployment DEP-0027 or applying hotfix. Monitored CPU and error rates until they returned to baseline levels.,DEP-0027,PR-0019,ADR-0006,Implement cache key locking/mutexes (single-flight pattern) so only one request updates the cache while others wait. Add jitter to cache TTLs.
INC-0014,Database connection pool exhaustion on cloudsync-storage,"The service connection pool size was set to 20, but under heavy concurrent traffic, queries blocked on Cassandra, causing requests to queue up and exhaust all worker threads. The health check endpoint also blocked, leading Kubernetes to restart pods in a loop.",P0,"[{""event"": ""System Alert - Anomalous Metrics Detected"", ""timestamp"": ""2021-02-03 11:59:00""}, {""event"": ""On-call Engineer Acknowledged Alert"", ""timestamp"": ""2021-02-03 12:06:00""}, {""event"": ""Mitigation Applied - Flushed cache"", ""timestamp"": ""2021-02-03 13:24:00""}, {""event"": ""Incident Resolved - System metrics stabilized"", ""timestamp"": ""2021-02-03 16:12:00""}]",Applied mitigation at 13:24:00 by rolling back production deployment DEP-0029 or applying hotfix. Monitored CPU and error rates until they returned to baseline levels.,DEP-0029,PR-0021,,"We must decoupled health check endpoints from primary database checks (make them shallow), increase connection pool limits, and implement rate limiting on expensive endpoints."
INC-0015,Routing loop in Istio service mesh for platform-monitoring,A misconfigured VirtualService manifest in Terraform caused traffic to cycle between the canary deployment and the main service. Latency spiked and error rates reached 100% due to maximum hop recursion.,P0,"[{""event"": ""System Alert - Anomalous Metrics Detected"", ""timestamp"": ""2021-02-05 11:07:00""}, {""event"": ""On-call Engineer Acknowledged Alert"", ""timestamp"": ""2021-02-05 11:12:00""}, {""event"": ""Mitigation Applied - Flushed cache"", ""timestamp"": ""2021-02-05 12:09:00""}, {""event"": ""Incident Resolved - System metrics stabilized"", ""timestamp"": ""2021-02-05 14:42:00""}]",Applied mitigation at 12:09:00 by rolling back production deployment DEP-0031 or applying hotfix. Monitored CPU and error rates until they returned to baseline levels.,DEP-0031,PR-0015,ADR-0003,Add deployment linting checks for mesh configurations. Implement dry-run verification steps in CI/CD pipeline before applying mesh routes.
INC-0016,Routing loop in Istio service mesh for insightcrm-api,A misconfigured VirtualService manifest in Terraform caused traffic to cycle between the canary deployment and the main service. Latency spiked and error rates reached 100% due to maximum hop recursion.,P0,"[{""event"": ""System Alert - Anomalous Metrics Detected"", ""timestamp"": ""2021-02-05 14:04:00""}, {""event"": ""On-call Engineer Acknowledged Alert"", ""timestamp"": ""2021-02-05 14:13:00""}, {""event"": ""Mitigation Applied - Rolled back deployment"", ""timestamp"": ""2021-02-05 14:55:00""}, {""event"": ""Incident Resolved - System metrics stabilized"", ""timestamp"": ""2021-02-05 17:14:00""}]",Applied mitigation at 14:55:00 by rolling back production deployment DEP-0035 or applying hotfix. Monitored CPU and error rates until they returned to baseline levels.,DEP-0035,PR-0026,ADR-0005,Add deployment linting checks for mesh configurations. Implement dry-run verification steps in CI/CD pipeline before applying mesh routes.
INC-0017,Cache stampede in insightcrm-api for metadata queries,"An eviction of high-frequency metadata cache keys in Redis occurred concurrently with a traffic spike. Thousands of pods hit the underlying database at once to re-fetch the metadata, locking tables.",P1,"[{""event"": ""System Alert - Anomalous Metrics Detected"", ""timestamp"": ""2021-02-05 21:10:00""}, {""event"": ""On-call Engineer Acknowledged Alert"", ""timestamp"": ""2021-02-05 21:13:00""}, {""event"": ""Mitigation Applied - Flushed cache"", ""timestamp"": ""2021-02-05 21:42:00""}, {""event"": ""Incident Resolved - System metrics stabilized"", ""timestamp"": ""2021-02-06 00:55:00""}]",Applied mitigation at 21:42:00 by rolling back production deployment DEP-0033 or applying hotfix. Monitored CPU and error rates until they returned to baseline levels.,DEP-0033,PR-0023,ADR-0005,Implement cache key locking/mutexes (single-flight pattern) so only one request updates the cache while others wait. Add jitter to cache TTLs.
INC-0018,Message lag spike on Kafka partition for fusionerp-core,"A slow consumer thread due to synchronous downstream HTTP calls. As partition size grew, processing fell behind by over 50,000 messages, delaying order processing in NovaCommerce.",P1,"[{""event"": ""System Alert - Anomalous Metrics Detected"", ""timestamp"": ""2021-02-07 23:09:00""}, {""event"": ""On-call Engineer Acknowledged Alert"", ""timestamp"": ""2021-02-07 23:16:00""}, {""event"": ""Mitigation Applied - Rolled back deployment"", ""timestamp"": ""2021-02-08 00:42:00""}, {""event"": ""Incident Resolved - System metrics stabilized"", ""timestamp"": ""2021-02-08 03:01:00""}]",Applied mitigation at 00:42:00 by rolling back production deployment DEP-0037 or applying hotfix. Monitored CPU and error rates until they returned to baseline levels.,DEP-0037,PR-0017,ADR-0009,"Implement worker pool concurrency in consumer code, wrap calls in circuit breakers, and monitor consumer lag metrics to trigger auto-scaling."
INC-0019,Out of memory (OOM) crash in platform-monitoring pod during batch processing,A memory leak in the Go/Python worker loop processing batch uploads. The worker accumulated pointers in a global slice and did not trigger garbage collection timely. Pod reached K8s limit (2Gi) and got OOMKilled.,P1,"[{""event"": ""System Alert - Anomalous Metrics Detected"", ""timestamp"": ""2021-02-08 19:23:00""}, {""event"": ""On-call Engineer Acknowledged Alert"", ""timestamp"": ""2021-02-08 19:34:00""}, {""event"": ""Mitigation Applied - Increased pod count"", ""timestamp"": ""2021-02-08 21:02:00""}, {""event"": ""Incident Resolved - System metrics stabilized"", ""timestamp"": ""2021-02-08 23:41:00""}]",Applied mitigation at 21:02:00 by rolling back production deployment DEP-0039 or applying hotfix. Monitored CPU and error rates until they returned to baseline levels.,DEP-0039,PR-0020,ADR-0004,"Profile heap usage during batch tasks, reuse object buffers, and add strict memory limits to K8s configs with warnings at 80% usage."
INC-0020,Database connection pool exhaustion on visionai-inference,"The service connection pool size was set to 20, but under heavy concurrent traffic, queries blocked on database, causing requests to queue up and exhaust all worker threads. The health check endpoint also blocked, leading Kubernetes to restart pods in a loop.",P0,"[{""event"": ""System Alert - Anomalous Metrics Detected"", ""timestamp"": ""2021-02-11 15:47:00""}, {""event"": ""On-call Engineer Acknowledged Alert"", ""timestamp"": ""2021-02-11 15:55:00""}, {""event"": ""Mitigation Applied - Flushed cache"", ""timestamp"": ""2021-02-11 17:15:00""}, {""event"": ""Incident Resolved - System metrics stabilized"", ""timestamp"": ""2021-02-11 18:37:00""}]",Applied mitigation at 17:15:00 by rolling back production deployment DEP-0045 or applying hotfix. Monitored CPU and error rates until they returned to baseline levels.,DEP-0045,PR-0030,ADR-0007,"We must decoupled health check endpoints from primary database checks (make them shallow), increase connection pool limits, and implement rate limiting on expensive endpoints."
INC-0021,Out of memory (OOM) crash in security-auth-proxy pod during batch processing,A memory leak in the Go/Python worker loop processing batch uploads. The worker accumulated pointers in a global slice and did not trigger garbage collection timely. Pod reached K8s limit (512Mi) and got OOMKilled.,P1,"[{""event"": ""System Alert - Anomalous Metrics Detected"", ""timestamp"": ""2021-02-11 15:55:00""}, {""event"": ""On-call Engineer Acknowledged Alert"", ""timestamp"": ""2021-02-11 15:58:00""}, {""event"": ""Mitigation Applied - Increased pod count"", ""timestamp"": ""2021-02-11 17:22:00""}, {""event"": ""Incident Resolved - System metrics stabilized"", ""timestamp"": ""2021-02-11 20:45:00""}]",Applied mitigation at 17:22:00 by rolling back production deployment DEP-0043 or applying hotfix. Monitored CPU and error rates until they returned to baseline levels.,DEP-0043,PR-0027,ADR-0006,"Profile heap usage during batch tasks, reuse object buffers, and add strict memory limits to K8s configs with warnings at 80% usage."
INC-0022,Cache stampede in atlaspay-ledger for metadata queries,"An eviction of high-frequency metadata cache keys in Redis occurred concurrently with a traffic spike. Thousands of pods hit the underlying database at once to re-fetch the metadata, locking tables.",P1,"[{""event"": ""System Alert - Anomalous Metrics Detected"", ""timestamp"": ""2021-02-11 17:47:00""}, {""event"": ""On-call Engineer Acknowledged Alert"", ""timestamp"": ""2021-02-11 17:55:00""}, {""event"": ""Mitigation Applied - Flushed cache"", ""timestamp"": ""2021-02-11 18:28:00""}, {""event"": ""Incident Resolved - System metrics stabilized"", ""timestamp"": ""2021-02-11 22:20:00""}]",Applied mitigation at 18:28:00 by rolling back production deployment DEP-0041 or applying hotfix. Monitored CPU and error rates until they returned to baseline levels.,DEP-0041,PR-0006,ADR-0001,Implement cache key locking/mutexes (single-flight pattern) so only one request updates the cache while others wait. Add jitter to cache TTLs.
INC-0023,Unoptimized query on cloudsync-desktop database after release,A new feature did a sequential scan on a table containing 10M+ rows because the foreign key index was omitted in the migration script. CPU spiked to 100% and query latency went from 5ms to 8000ms.,P2,"[{""event"": ""System Alert - Anomalous Metrics Detected"", ""timestamp"": ""2021-02-12 10:35:00""}, {""event"": ""On-call Engineer Acknowledged Alert"", ""timestamp"": ""2021-02-12 10:45:00""}, {""event"": ""Mitigation Applied - Increased pod count"", ""timestamp"": ""2021-02-12 11:18:00""}, {""event"": ""Incident Resolved - System metrics stabilized"", ""timestamp"": ""2021-02-12 12:44:00""}]",Applied mitigation at 11:18:00 by rolling back production deployment DEP-0047 or applying hotfix. Monitored CPU and error rates until they returned to baseline levels.,DEP-0047,PR-0025,,Require explain-plan checks in CI/CD pipelines for any new migration files. Enforce indexing guidelines for foreign keys.
INC-0024,Database connection pool exhaustion on fusionerp-core,"The service connection pool size was set to 20, but under heavy concurrent traffic, queries blocked on Oracle, causing requests to queue up and exhaust all worker threads. The health check endpoint also blocked, leading Kubernetes to restart pods in a loop.",P0,"[{""event"": ""System Alert - Anomalous Metrics Detected"", ""timestamp"": ""2021-02-14 05:00:00""}, {""event"": ""On-call Engineer Acknowledged Alert"", ""timestamp"": ""2021-02-14 05:11:00""}, {""event"": ""Mitigation Applied - Rolled back deployment"", ""timestamp"": ""2021-02-14 06:19:00""}, {""event"": ""Incident Resolved - System metrics stabilized"", ""timestamp"": ""2021-02-14 06:51:00""}]",Applied mitigation at 06:19:00 by rolling back production deployment DEP-0053 or applying hotfix. Monitored CPU and error rates until they returned to baseline levels.,DEP-0053,PR-0037,ADR-0009,"We must decoupled health check endpoints from primary database checks (make them shallow), increase connection pool limits, and implement rate limiting on expensive endpoints."
INC-0025,Cache stampede in fusionerp-core for metadata queries,"An eviction of high-frequency metadata cache keys in Redis occurred concurrently with a traffic spike. Thousands of pods hit the underlying database at once to re-fetch the metadata, locking tables.",P1,"[{""event"": ""System Alert - Anomalous Metrics Detected"", ""timestamp"": ""2021-02-14 12:43:00""}, {""event"": ""On-call Engineer Acknowledged Alert"", ""timestamp"": ""2021-02-14 12:54:00""}, {""event"": ""Mitigation Applied - Increased pod count"", ""timestamp"": ""2021-02-14 14:14:00""}, {""event"": ""Incident Resolved - System metrics stabilized"", ""timestamp"": ""2021-02-14 14:49:00""}]",Applied mitigation at 14:14:00 by rolling back production deployment DEP-0049 or applying hotfix. Monitored CPU and error rates until they returned to baseline levels.,DEP-0049,PR-0034,ADR-0009,Implement cache key locking/mutexes (single-flight pattern) so only one request updates the cache while others wait. Add jitter to cache TTLs.
INC-0026,Routing loop in Istio service mesh for fusionerp-core,A misconfigured VirtualService manifest in Terraform caused traffic to cycle between the canary deployment and the main service. Latency spiked and error rates reached 100% due to maximum hop recursion.,P0,"[{""event"": ""System Alert - Anomalous Metrics Detected"", ""timestamp"": ""2021-02-15 00:45:00""}, {""event"": ""On-call Engineer Acknowledged Alert"", ""timestamp"": ""2021-02-15 00:49:00""}, {""event"": ""Mitigation Applied - Rolled back deployment"", ""timestamp"": ""2021-02-15 02:06:00""}, {""event"": ""Incident Resolved - System metrics stabilized"", ""timestamp"": ""2021-02-15 05:57:00""}]",Applied mitigation at 02:06:00 by rolling back production deployment DEP-0051 or applying hotfix. Monitored CPU and error rates until they returned to baseline levels.,DEP-0051,PR-0036,ADR-0009,Add deployment linting checks for mesh configurations. Implement dry-run verification steps in CI/CD pipeline before applying mesh routes.
INC-0027,Cache stampede in fusionerp-payroll for metadata queries,"An eviction of high-frequency metadata cache keys in Redis occurred concurrently with a traffic spike. Thousands of pods hit the underlying database at once to re-fetch the metadata, locking tables.",P1,"[{""event"": ""System Alert - Anomalous Metrics Detected"", ""timestamp"": ""2021-02-15 06:43:00""}, {""event"": ""On-call Engineer Acknowledged Alert"", ""timestamp"": ""2021-02-15 06:56:00""}, {""event"": ""Mitigation Applied - Flushed cache"", ""timestamp"": ""2021-02-15 08:13:00""}, {""event"": ""Incident Resolved - System metrics stabilized"", ""timestamp"": ""2021-02-15 10:03:00""}]",Applied mitigation at 08:13:00 by rolling back production deployment DEP-0055 or applying hotfix. Monitored CPU and error rates until they returned to baseline levels.,DEP-0055,PR-0028,,Implement cache key locking/mutexes (single-flight pattern) so only one request updates the cache while others wait. Add jitter to cache TTLs.
INC-0028,Message lag spike on Kafka partition for fusionerp-payroll,"A slow consumer thread due to synchronous downstream HTTP calls. As partition size grew, processing fell behind by over 50,000 messages, delaying order processing in NovaCommerce.",P1,"[{""event"": ""System Alert - Anomalous Metrics Detected"", ""timestamp"": ""2021-02-15 12:13:00""}, {""event"": ""On-call Engineer Acknowledged Alert"", ""timestamp"": ""2021-02-15 12:16:00""}, {""event"": ""Mitigation Applied - Rolled back deployment"", ""timestamp"": ""2021-02-15 12:44:00""}, {""event"": ""Incident Resolved - System metrics stabilized"", ""timestamp"": ""2021-02-15 15:03:00""}]",Applied mitigation at 12:44:00 by rolling back production deployment DEP-0058 or applying hotfix. Monitored CPU and error rates until they returned to baseline levels.,DEP-0058,PR-0039,ADR-0008,"Implement worker pool concurrency in consumer code, wrap calls in circuit breakers, and monitor consumer lag metrics to trigger auto-scaling."
INC-0029,Out of memory (OOM) crash in visionai-inference pod during batch processing,A memory leak in the Go/Python worker loop processing batch uploads. The worker accumulated pointers in a global slice and did not trigger garbage collection timely. Pod reached K8s limit (512Mi) and got OOMKilled.,P1,"[{""event"": ""System Alert - Anomalous Metrics Detected"", ""timestamp"": ""2021-02-16 06:11:00""}, {""event"": ""On-call Engineer Acknowledged Alert"", ""timestamp"": ""2021-02-16 06:24:00""}, {""event"": ""Mitigation Applied - Flushed cache"", ""timestamp"": ""2021-02-16 07:36:00""}, {""event"": ""Incident Resolved - System metrics stabilized"", ""timestamp"": ""2021-02-16 08:22:00""}]",Applied mitigation at 07:36:00 by rolling back production deployment DEP-0061 or applying hotfix. Monitored CPU and error rates until they returned to baseline levels.,DEP-0061,PR-0031,ADR-0007,"Profile heap usage during batch tasks, reuse object buffers, and add strict memory limits to K8s configs with warnings at 80% usage."
INC-0030,Out of memory (OOM) crash in fusionerp-core pod during batch processing,A memory leak in the Go/Python worker loop processing batch uploads. The worker accumulated pointers in a global slice and did not trigger garbage collection timely. Pod reached K8s limit (1Gi) and got OOMKilled.,P1,"[{""event"": ""System Alert - Anomalous Metrics Detected"", ""timestamp"": ""2021-02-16 22:41:00""}, {""event"": ""On-call Engineer Acknowledged Alert"", ""timestamp"": ""2021-02-16 22:47:00""}, {""event"": ""Mitigation Applied - Increased pod count"", ""timestamp"": ""2021-02-16 23:58:00""}, {""event"": ""Incident Resolved - System metrics stabilized"", ""timestamp"": ""2021-02-17 02:21:00""}]",Applied mitigation at 23:58:00 by rolling back production deployment DEP-0063 or applying hotfix. Monitored CPU and error rates until they returned to baseline levels.,DEP-0063,PR-0040,,"Profile heap usage during batch tasks, reuse object buffers, and add strict memory limits to K8s configs with warnings at 80% usage."
INC-0031,Database connection pool exhaustion on security-scanner,"The service connection pool size was set to 20, but under heavy concurrent traffic, queries blocked on database, causing requests to queue up and exhaust all worker threads. The health check endpoint also blocked, leading Kubernetes to restart pods in a loop.",P0,"[{""event"": ""System Alert - Anomalous Metrics Detected"", ""timestamp"": ""2021-02-17 11:13:00""}, {""event"": ""On-call Engineer Acknowledged Alert"", ""timestamp"": ""2021-02-17 11:16:00""}, {""event"": ""Mitigation Applied - Rolled back deployment"", ""timestamp"": ""2021-02-17 12:11:00""}, {""event"": ""Incident Resolved - System metrics stabilized"", ""timestamp"": ""2021-02-17 15:18:00""}]",Applied mitigation at 12:11:00 by rolling back production deployment DEP-0066 or applying hotfix. Monitored CPU and error rates until they returned to baseline levels.,DEP-0066,PR-0009,ADR-0002,"We must decoupled health check endpoints from primary database checks (make them shallow), increase connection pool limits, and implement rate limiting on expensive endpoints."
INC-0032,Unoptimized query on cloudsync-daemon database after release,A new feature did a sequential scan on a table containing 10M+ rows because the foreign key index was omitted in the migration script. CPU spiked to 100% and query latency went from 5ms to 8000ms.,P2,"[{""event"": ""System Alert - Anomalous Metrics Detected"", ""timestamp"": ""2021-02-17 13:43:00""}, {""event"": ""On-call Engineer Acknowledged Alert"", ""timestamp"": ""2021-02-17 13:57:00""}, {""event"": ""Mitigation Applied - Flushed cache"", ""timestamp"": ""2021-02-17 15:03:00""}, {""event"": ""Incident Resolved - System metrics stabilized"", ""timestamp"": ""2021-02-17 16:09:00""}]",Applied mitigation at 15:03:00 by rolling back production deployment DEP-0068 or applying hotfix. Monitored CPU and error rates until they returned to baseline levels.,DEP-0068,PR-0043,ADR-0010,Require explain-plan checks in CI/CD pipelines for any new migration files. Enforce indexing guidelines for foreign keys.
INC-0033,Message lag spike on Kafka partition for cloudsync-daemon,"A slow consumer thread due to synchronous downstream HTTP calls. As partition size grew, processing fell behind by over 50,000 messages, delaying order processing in NovaCommerce.",P1,"[{""event"": ""System Alert - Anomalous Metrics Detected"", ""timestamp"": ""2021-02-17 18:04:00""}, {""event"": ""On-call Engineer Acknowledged Alert"", ""timestamp"": ""2021-02-17 18:18:00""}, {""event"": ""Mitigation Applied - Rolled back deployment"", ""timestamp"": ""2021-02-17 19:23:00""}, {""event"": ""Incident Resolved - System metrics stabilized"", ""timestamp"": ""2021-02-17 23:12:00""}]",Applied mitigation at 19:23:00 by rolling back production deployment DEP-0071 or applying hotfix. Monitored CPU and error rates until they returned to baseline levels.,DEP-0071,PR-0046,ADR-0010,"Implement worker pool concurrency in consumer code, wrap calls in circuit breakers, and monitor consumer lag metrics to trigger auto-scaling."
INC-0034,Database connection pool exhaustion on platform-monitoring,"The service connection pool size was set to 20, but under heavy concurrent traffic, queries blocked on database, causing requests to queue up and exhaust all worker threads. The health check endpoint also blocked, leading Kubernetes to restart pods in a loop.",P0,"[{""event"": ""System Alert - Anomalous Metrics Detected"", ""timestamp"": ""2021-02-19 17:57:00""}, {""event"": ""On-call Engineer Acknowledged Alert"", ""timestamp"": ""2021-02-19 18:08:00""}, {""event"": ""Mitigation Applied - Rolled back deployment"", ""timestamp"": ""2021-02-19 18:31:00""}, {""event"": ""Incident Resolved - System metrics stabilized"", ""timestamp"": ""2021-02-19 21:25:00""}]",Applied mitigation at 18:31:00 by rolling back production deployment DEP-0073 or applying hotfix. Monitored CPU and error rates until they returned to baseline levels.,DEP-0073,PR-0013,ADR-0003,"We must decoupled health check endpoints from primary database checks (make them shallow), increase connection pool limits, and implement rate limiting on expensive endpoints."
INC-0035,Unoptimized query on fusionerp-payroll database after release,A new feature did a sequential scan on a table containing 10M+ rows because the foreign key index was omitted in the migration script. CPU spiked to 100% and query latency went from 5ms to 8000ms.,P2,"[{""event"": ""System Alert - Anomalous Metrics Detected"", ""timestamp"": ""2021-02-19 22:59:00""}, {""event"": ""On-call Engineer Acknowledged Alert"", ""timestamp"": ""2021-02-19 23:12:00""}, {""event"": ""Mitigation Applied - Flushed cache"", ""timestamp"": ""2021-02-20 00:02:00""}, {""event"": ""Incident Resolved - System metrics stabilized"", ""timestamp"": ""2021-02-20 03:49:00""}]",Applied mitigation at 00:02:00 by rolling back production deployment DEP-0075 or applying hotfix. Monitored CPU and error rates until they returned to baseline levels.,DEP-0075,PR-0041,ADR-0008,Require explain-plan checks in CI/CD pipelines for any new migration files. Enforce indexing guidelines for foreign keys.
INC-0036,Message lag spike on Kafka partition for cloudsync-daemon,"A slow consumer thread due to synchronous downstream HTTP calls. As partition size grew, processing fell behind by over 50,000 messages, delaying order processing in NovaCommerce.",P1,"[{""event"": ""System Alert - Anomalous Metrics Detected"", ""timestamp"": ""2021-02-20 00:26:00""}, {""event"": ""On-call Engineer Acknowledged Alert"", ""timestamp"": ""2021-02-20 00:41:00""}, {""event"": ""Mitigation Applied - Flushed cache"", ""timestamp"": ""2021-02-20 01:12:00""}, {""event"": ""Incident Resolved - System metrics stabilized"", ""timestamp"": ""2021-02-20 03:33:00""}]",Applied mitigation at 01:12:00 by rolling back production deployment DEP-0077 or applying hotfix. Monitored CPU and error rates until they returned to baseline levels.,DEP-0077,PR-0042,ADR-0010,"Implement worker pool concurrency in consumer code, wrap calls in circuit breakers, and monitor consumer lag metrics to trigger auto-scaling."
INC-0037,Message lag spike on Kafka partition for atlaspay-ledger,"A slow consumer thread due to synchronous downstream HTTP calls. As partition size grew, processing fell behind by over 50,000 messages, delaying order processing in NovaCommerce.",P1,"[{""event"": ""System Alert - Anomalous Metrics Detected"", ""timestamp"": ""2021-02-20 22:46:00""}, {""event"": ""On-call Engineer Acknowledged Alert"", ""timestamp"": ""2021-02-20 22:56:00""}, {""event"": ""Mitigation Applied - Flushed cache"", ""timestamp"": ""2021-02-20 23:39:00""}, {""event"": ""Incident Resolved - System metrics stabilized"", ""timestamp"": ""2021-02-21 01:34:00""}]",Applied mitigation at 23:39:00 by rolling back production deployment DEP-0079 or applying hotfix. Monitored CPU and error rates until they returned to baseline levels.,DEP-0079,PR-0045,,"Implement worker pool concurrency in consumer code, wrap calls in circuit breakers, and monitor consumer lag metrics to trigger auto-scaling."
INC-0038,Unoptimized query on fusionerp-payroll database after release,A new feature did a sequential scan on a table containing 10M+ rows because the foreign key index was omitted in the migration script. CPU spiked to 100% and query latency went from 5ms to 8000ms.,P2,"[{""event"": ""System Alert - Anomalous Metrics Detected"", ""timestamp"": ""2021-02-24 18:23:00""}, {""event"": ""On-call Engineer Acknowledged Alert"", ""timestamp"": ""2021-02-24 18:36:00""}, {""event"": ""Mitigation Applied - Increased pod count"", ""timestamp"": ""2021-02-24 20:03:00""}, {""event"": ""Incident Resolved - System metrics stabilized"", ""timestamp"": ""2021-02-24 22:31:00""}]",Applied mitigation at 20:03:00 by rolling back production deployment DEP-0083 or applying hotfix. Monitored CPU and error rates until they returned to baseline levels.,DEP-0083,PR-0038,ADR-0008,Require explain-plan checks in CI/CD pipelines for any new migration files. Enforce indexing guidelines for foreign keys.
INC-0039,Message lag spike on Kafka partition for platform-monitoring,"A slow consumer thread due to synchronous downstream HTTP calls. As partition size grew, processing fell behind by over 50,000 messages, delaying order processing in NovaCommerce.",P1,"[{""event"": ""System Alert - Anomalous Metrics Detected"", ""timestamp"": ""2021-02-24 21:56:00""}, {""event"": ""On-call Engineer Acknowledged Alert"", ""timestamp"": ""2021-02-24 22:03:00""}, {""event"": ""Mitigation Applied - Flushed cache"", ""timestamp"": ""2021-02-24 22:57:00""}, {""event"": ""Incident Resolved - System metrics stabilized"", ""timestamp"": ""2021-02-24 23:42:00""}]",Applied mitigation at 22:57:00 by rolling back production deployment DEP-0081 or applying hotfix. Monitored CPU and error rates until they returned to baseline levels.,DEP-0081,PR-0018,ADR-0004,"Implement worker pool concurrency in consumer code, wrap calls in circuit breakers, and monitor consumer lag metrics to trigger auto-scaling."
INC-0040,Out of memory (OOM) crash in insightcrm-ui pod during batch processing,A memory leak in the Go/Python worker loop processing batch uploads. The worker accumulated pointers in a global slice and did not trigger garbage collection timely. Pod reached K8s limit (512Mi) and got OOMKilled.,P1,"[{""event"": ""System Alert - Anomalous Metrics Detected"", ""timestamp"": ""2021-02-25 23:11:00""}, {""event"": ""On-call Engineer Acknowledged Alert"", ""timestamp"": ""2021-02-25 23:15:00""}, {""event"": ""Mitigation Applied - Flushed cache"", ""timestamp"": ""2021-02-25 23:30:00""}, {""event"": ""Incident Resolved - System metrics stabilized"", ""timestamp"": ""2021-02-26 01:16:00""}]",Applied mitigation at 23:30:00 by rolling back production deployment DEP-0085 or applying hotfix. Monitored CPU and error rates until they returned to baseline levels.,DEP-0085,PR-0049,,"Profile heap usage during batch tasks, reuse object buffers, and add strict memory limits to K8s configs with warnings at 80% usage."
INC-0041,Out of memory (OOM) crash in cloudsync-storage pod during batch processing,A memory leak in the Go/Python worker loop processing batch uploads. The worker accumulated pointers in a global slice and did not trigger garbage collection timely. Pod reached K8s limit (512Mi) and got OOMKilled.,P1,"[{""event"": ""System Alert - Anomalous Metrics Detected"", ""timestamp"": ""2021-02-27 22:14:00""}, {""event"": ""On-call Engineer Acknowledged Alert"", ""timestamp"": ""2021-02-27 22:25:00""}, {""event"": ""Mitigation Applied - Increased pod count"", ""timestamp"": ""2021-02-27 23:02:00""}, {""event"": ""Incident Resolved - System metrics stabilized"", ""timestamp"": ""2021-02-28 01:40:00""}]",Applied mitigation at 23:02:00 by rolling back production deployment DEP-0088 or applying hotfix. Monitored CPU and error rates until they returned to baseline levels.,DEP-0088,PR-0044,ADR-0012,"Profile heap usage during batch tasks, reuse object buffers, and add strict memory limits to K8s configs with warnings at 80% usage."
INC-0042,Routing loop in Istio service mesh for novacommerce-cart,A misconfigured VirtualService manifest in Terraform caused traffic to cycle between the canary deployment and the main service. Latency spiked and error rates reached 100% due to maximum hop recursion.,P0,"[{""event"": ""System Alert - Anomalous Metrics Detected"", ""timestamp"": ""2021-03-01 11:44:00""}, {""event"": ""On-call Engineer Acknowledged Alert"", ""timestamp"": ""2021-03-01 11:51:00""}, {""event"": ""Mitigation Applied - Increased pod count"", ""timestamp"": ""2021-03-01 13:01:00""}, {""event"": ""Incident Resolved - System metrics stabilized"", ""timestamp"": ""2021-03-01 15:26:00""}]",Applied mitigation at 13:01:00 by rolling back production deployment DEP-0092 or applying hotfix. Monitored CPU and error rates until they returned to baseline levels.,DEP-0092,PR-0048,ADR-0014,Add deployment linting checks for mesh configurations. Implement dry-run verification steps in CI/CD pipeline before applying mesh routes.
INC-0043,Cache stampede in insightcrm-api for metadata queries,"An eviction of high-frequency metadata cache keys in Redis occurred concurrently with a traffic spike. Thousands of pods hit the underlying database at once to re-fetch the metadata, locking tables.",P1,"[{""event"": ""System Alert - Anomalous Metrics Detected"", ""timestamp"": ""2021-03-01 13:13:00""}, {""event"": ""On-call Engineer Acknowledged Alert"", ""timestamp"": ""2021-03-01 13:21:00""}, {""event"": ""Mitigation Applied - Rolled back deployment"", ""timestamp"": ""2021-03-01 14:47:00""}, {""event"": ""Incident Resolved - System metrics stabilized"", ""timestamp"": ""2021-03-01 17:29:00""}]",Applied mitigation at 14:47:00 by rolling back production deployment DEP-0090 or applying hotfix. Monitored CPU and error rates until they returned to baseline levels.,DEP-0090,PR-0022,ADR-0005,Implement cache key locking/mutexes (single-flight pattern) so only one request updates the cache while others wait. Add jitter to cache TTLs.
INC-0044,Out of memory (OOM) crash in security-auth-proxy pod during batch processing,A memory leak in the Go/Python worker loop processing batch uploads. The worker accumulated pointers in a global slice and did not trigger garbage collection timely. Pod reached K8s limit (2Gi) and got OOMKilled.,P1,"[{""event"": ""System Alert - Anomalous Metrics Detected"", ""timestamp"": ""2021-03-02 07:37:00""}, {""event"": ""On-call Engineer Acknowledged Alert"", ""timestamp"": ""2021-03-02 07:42:00""}, {""event"": ""Mitigation Applied - Flushed cache"", ""timestamp"": ""2021-03-02 09:12:00""}, {""event"": ""Incident Resolved - System metrics stabilized"", ""timestamp"": ""2021-03-02 10:15:00""}]",Applied mitigation at 09:12:00 by rolling back production deployment DEP-0094 or applying hotfix. Monitored CPU and error rates until they returned to baseline levels.,DEP-0094,PR-0024,ADR-0006,"Profile heap usage during batch tasks, reuse object buffers, and add strict memory limits to K8s configs with warnings at 80% usage."
INC-0045,Out of memory (OOM) crash in insightcrm-ui pod during batch processing,A memory leak in the Go/Python worker loop processing batch uploads. The worker accumulated pointers in a global slice and did not trigger garbage collection timely. Pod reached K8s limit (1Gi) and got OOMKilled.,P1,"[{""event"": ""System Alert - Anomalous Metrics Detected"", ""timestamp"": ""2021-03-03 00:07:00""}, {""event"": ""On-call Engineer Acknowledged Alert"", ""timestamp"": ""2021-03-03 00:21:00""}, {""event"": ""Mitigation Applied - Rolled back deployment"", ""timestamp"": ""2021-03-03 01:01:00""}, {""event"": ""Incident Resolved - System metrics stabilized"", ""timestamp"": ""2021-03-03 04:41:00""}]",Applied mitigation at 01:01:00 by rolling back production deployment DEP-0096 or applying hotfix. Monitored CPU and error rates until they returned to baseline levels.,DEP-0096,PR-0055,,"Profile heap usage during batch tasks, reuse object buffers, and add strict memory limits to K8s configs with warnings at 80% usage."
INC-0046,Routing loop in Istio service mesh for visionai-inference,A misconfigured VirtualService manifest in Terraform caused traffic to cycle between the canary deployment and the main service. Latency spiked and error rates reached 100% due to maximum hop recursion.,P0,"[{""event"": ""System Alert - Anomalous Metrics Detected"", ""timestamp"": ""2021-03-06 02:47:00""}, {""event"": ""On-call Engineer Acknowledged Alert"", ""timestamp"": ""2021-03-06 03:01:00""}, {""event"": ""Mitigation Applied - Flushed cache"", ""timestamp"": ""2021-03-06 03:38:00""}, {""event"": ""Incident Resolved - System metrics stabilized"", ""timestamp"": ""2021-03-06 05:49:00""}]",Applied mitigation at 03:38:00 by rolling back production deployment DEP-0098 or applying hotfix. Monitored CPU and error rates until they returned to baseline levels.,DEP-0098,PR-0029,ADR-0007,Add deployment linting checks for mesh configurations. Implement dry-run verification steps in CI/CD pipeline before applying mesh routes.
INC-0047,Out of memory (OOM) crash in platform-logging pod during batch processing,A memory leak in the Go/Python worker loop processing batch uploads. The worker accumulated pointers in a global slice and did not trigger garbage collection timely. Pod reached K8s limit (1Gi) and got OOMKilled.,P1,"[{""event"": ""System Alert - Anomalous Metrics Detected"", ""timestamp"": ""2021-03-07 10:27:00""}, {""event"": ""On-call Engineer Acknowledged Alert"", ""timestamp"": ""2021-03-07 10:30:00""}, {""event"": ""Mitigation Applied - Increased pod count"", ""timestamp"": ""2021-03-07 11:23:00""}, {""event"": ""Incident Resolved - System metrics stabilized"", ""timestamp"": ""2021-03-07 13:12:00""}]",Applied mitigation at 11:23:00 by rolling back production deployment DEP-0104 or applying hotfix. Monitored CPU and error rates until they returned to baseline levels.,DEP-0104,PR-0066,ADR-0013,"Profile heap usage during batch tasks, reuse object buffers, and add strict memory limits to K8s configs with warnings at 80% usage."
INC-0048,Unoptimized query on novacommerce-ui database after release,A new feature did a sequential scan on a table containing 10M+ rows because the foreign key index was omitted in the migration script. CPU spiked to 100% and query latency went from 5ms to 8000ms.,P2,"[{""event"": ""System Alert - Anomalous Metrics Detected"", ""timestamp"": ""2021-03-07 13:36:00""}, {""event"": ""On-call Engineer Acknowledged Alert"", ""timestamp"": ""2021-03-07 13:50:00""}, {""event"": ""Mitigation Applied - Flushed cache"", ""timestamp"": ""2021-03-07 14:23:00""}, {""event"": ""Incident Resolved - System metrics stabilized"", ""timestamp"": ""2021-03-07 14:59:00""}]",Applied mitigation at 14:23:00 by rolling back production deployment DEP-0102 or applying hotfix. Monitored CPU and error rates until they returned to baseline levels.,DEP-0102,PR-0054,ADR-0017,Require explain-plan checks in CI/CD pipelines for any new migration files. Enforce indexing guidelines for foreign keys.
INC-0049,Out of memory (OOM) crash in visionai-inference pod during batch processing,A memory leak in the Go/Python worker loop processing batch uploads. The worker accumulated pointers in a global slice and did not trigger garbage collection timely. Pod reached K8s limit (1Gi) and got OOMKilled.,P1,"[{""event"": ""System Alert - Anomalous Metrics Detected"", ""timestamp"": ""2021-03-07 17:53:00""}, {""event"": ""On-call Engineer Acknowledged Alert"", ""timestamp"": ""2021-03-07 18:02:00""}, {""event"": ""Mitigation Applied - Flushed cache"", ""timestamp"": ""2021-03-07 18:46:00""}, {""event"": ""Incident Resolved - System metrics stabilized"", ""timestamp"": ""2021-03-07 20:47:00""}]",Applied mitigation at 18:46:00 by rolling back production deployment DEP-0100 or applying hotfix. Monitored CPU and error rates until they returned to baseline levels.,DEP-0100,PR-0051,ADR-0011,"Profile heap usage during batch tasks, reuse object buffers, and add strict memory limits to K8s configs with warnings at 80% usage."
INC-0050,Unoptimized query on fusionerp-payroll database after release,A new feature did a sequential scan on a table containing 10M+ rows because the foreign key index was omitted in the migration script. CPU spiked to 100% and query latency went from 5ms to 8000ms.,P2,"[{""event"": ""System Alert - Anomalous Metrics Detected"", ""timestamp"": ""2021-03-08 09:38:00""}, {""event"": ""On-call Engineer Acknowledged Alert"", ""timestamp"": ""2021-03-08 09:42:00""}, {""event"": ""Mitigation Applied - Increased pod count"", ""timestamp"": ""2021-03-08 10:08:00""}, {""event"": ""Incident Resolved - System metrics stabilized"", ""timestamp"": ""2021-03-08 11:58:00""}]",Applied mitigation at 10:08:00 by rolling back production deployment DEP-0106 or applying hotfix. Monitored CPU and error rates until they returned to baseline levels.,DEP-0106,PR-0032,ADR-0008,Require explain-plan checks in CI/CD pipelines for any new migration files. Enforce indexing guidelines for foreign keys.
INC-0051,Message lag spike on Kafka partition for atlaspay-gateway,"A slow consumer thread due to synchronous downstream HTTP calls. As partition size grew, processing fell behind by over 50,000 messages, delaying order processing in NovaCommerce.",P1,"[{""event"": ""System Alert - Anomalous Metrics Detected"", ""timestamp"": ""2021-03-08 16:24:00""}, {""event"": ""On-call Engineer Acknowledged Alert"", ""timestamp"": ""2021-03-08 16:39:00""}, {""event"": ""Mitigation Applied - Increased pod count"", ""timestamp"": ""2021-03-08 17:26:00""}, {""event"": ""Incident Resolved - System metrics stabilized"", ""timestamp"": ""2021-03-08 20:56:00""}]",Applied mitigation at 17:26:00 by rolling back production deployment DEP-0110 or applying hotfix. Monitored CPU and error rates until they returned to baseline levels.,DEP-0110,PR-0067,ADR-0016,"Implement worker pool concurrency in consumer code, wrap calls in circuit breakers, and monitor consumer lag metrics to trigger auto-scaling."
INC-0052,Message lag spike on Kafka partition for visionai-inference,"A slow consumer thread due to synchronous downstream HTTP calls. As partition size grew, processing fell behind by over 50,000 messages, delaying order processing in NovaCommerce.",P1,"[{""event"": ""System Alert - Anomalous Metrics Detected"", ""timestamp"": ""2021-03-09 00:07:00""}, {""event"": ""On-call Engineer Acknowledged Alert"", ""timestamp"": ""2021-03-09 00:21:00""}, {""event"": ""Mitigation Applied - Increased pod count"", ""timestamp"": ""2021-03-09 00:56:00""}, {""event"": ""Incident Resolved - System metrics stabilized"", ""timestamp"": ""2021-03-09 03:50:00""}]",Applied mitigation at 00:56:00 by rolling back production deployment DEP-0108 or applying hotfix. Monitored CPU and error rates until they returned to baseline levels.,DEP-0108,PR-0056,ADR-0011,"Implement worker pool concurrency in consumer code, wrap calls in circuit breakers, and monitor consumer lag metrics to trigger auto-scaling."
INC-0053,Database connection pool exhaustion on fusionerp-core,"The service connection pool size was set to 20, but under heavy concurrent traffic, queries blocked on Oracle, causing requests to queue up and exhaust all worker threads. The health check endpoint also blocked, leading Kubernetes to restart pods in a loop.",P0,"[{""event"": ""System Alert - Anomalous Metrics Detected"", ""timestamp"": ""2021-03-09 21:11:00""}, {""event"": ""On-call Engineer Acknowledged Alert"", ""timestamp"": ""2021-03-09 21:25:00""}, {""event"": ""Mitigation Applied - Flushed cache"", ""timestamp"": ""2021-03-09 22:20:00""}, {""event"": ""Incident Resolved - System metrics stabilized"", ""timestamp"": ""2021-03-09 23:27:00""}]",Applied mitigation at 22:20:00 by rolling back production deployment DEP-0112 or applying hotfix. Monitored CPU and error rates until they returned to baseline levels.,DEP-0112,PR-0033,ADR-0009,"We must decoupled health check endpoints from primary database checks (make them shallow), increase connection pool limits, and implement rate limiting on expensive endpoints."
INC-0054,Unoptimized query on novacommerce-cart database after release,A new feature did a sequential scan on a table containing 10M+ rows because the foreign key index was omitted in the migration script. CPU spiked to 100% and query latency went from 5ms to 8000ms.,P2,"[{""event"": ""System Alert - Anomalous Metrics Detected"", ""timestamp"": ""2021-03-10 01:18:00""}, {""event"": ""On-call Engineer Acknowledged Alert"", ""timestamp"": ""2021-03-10 01:20:00""}, {""event"": ""Mitigation Applied - Rolled back deployment"", ""timestamp"": ""2021-03-10 01:50:00""}, {""event"": ""Incident Resolved - System metrics stabilized"", ""timestamp"": ""2021-03-10 04:47:00""}]",Applied mitigation at 01:50:00 by rolling back production deployment DEP-0116 or applying hotfix. Monitored CPU and error rates until they returned to baseline levels.,DEP-0116,PR-0061,ADR-0014,Require explain-plan checks in CI/CD pipelines for any new migration files. Enforce indexing guidelines for foreign keys.
INC-0055,Routing loop in Istio service mesh for novacommerce-checkout,A misconfigured VirtualService manifest in Terraform caused traffic to cycle between the canary deployment and the main service. Latency spiked and error rates reached 100% due to maximum hop recursion.,P0,"[{""event"": ""System Alert - Anomalous Metrics Detected"", ""timestamp"": ""2021-03-10 06:46:00""}, {""event"": ""On-call Engineer Acknowledged Alert"", ""timestamp"": ""2021-03-10 06:54:00""}, {""event"": ""Mitigation Applied - Rolled back deployment"", ""timestamp"": ""2021-03-10 07:56:00""}, {""event"": ""Incident Resolved - System metrics stabilized"", ""timestamp"": ""2021-03-10 09:04:00""}]",Applied mitigation at 07:56:00 by rolling back production deployment DEP-0118 or applying hotfix. Monitored CPU and error rates until they returned to baseline levels.,DEP-0118,PR-0065,ADR-0015,Add deployment linting checks for mesh configurations. Implement dry-run verification steps in CI/CD pipeline before applying mesh routes.
INC-0056,Message lag spike on Kafka partition for visionai-inference,"A slow consumer thread due to synchronous downstream HTTP calls. As partition size grew, processing fell behind by over 50,000 messages, delaying order processing in NovaCommerce.",P1,"[{""event"": ""System Alert - Anomalous Metrics Detected"", ""timestamp"": ""2021-03-10 23:00:00""}, {""event"": ""On-call Engineer Acknowledged Alert"", ""timestamp"": ""2021-03-10 23:04:00""}, {""event"": ""Mitigation Applied - Increased pod count"", ""timestamp"": ""2021-03-10 23:38:00""}, {""event"": ""Incident Resolved - System metrics stabilized"", ""timestamp"": ""2021-03-11 01:38:00""}]",Applied mitigation at 23:38:00 by rolling back production deployment DEP-0114 or applying hotfix. Monitored CPU and error rates until they returned to baseline levels.,DEP-0114,PR-0053,ADR-0011,"Implement worker pool concurrency in consumer code, wrap calls in circuit breakers, and monitor consumer lag metrics to trigger auto-scaling."
INC-0057,Cache stampede in novacommerce-checkout for metadata queries,"An eviction of high-frequency metadata cache keys in Redis occurred concurrently with a traffic spike. Thousands of pods hit the underlying database at once to re-fetch the metadata, locking tables.",P1,"[{""event"": ""System Alert - Anomalous Metrics Detected"", ""timestamp"": ""2021-03-11 16:57:00""}, {""event"": ""On-call Engineer Acknowledged Alert"", ""timestamp"": ""2021-03-11 17:02:00""}, {""event"": ""Mitigation Applied - Rolled back deployment"", ""timestamp"": ""2021-03-11 18:16:00""}, {""event"": ""Incident Resolved - System metrics stabilized"", ""timestamp"": ""2021-03-11 20:32:00""}]",Applied mitigation at 18:16:00 by rolling back production deployment DEP-0122 or applying hotfix. Monitored CPU and error rates until they returned to baseline levels.,DEP-0122,PR-0063,ADR-0015,Implement cache key locking/mutexes (single-flight pattern) so only one request updates the cache while others wait. Add jitter to cache TTLs.
INC-0058,Unoptimized query on cloudsync-daemon database after release,A new feature did a sequential scan on a table containing 10M+ rows because the foreign key index was omitted in the migration script. CPU spiked to 100% and query latency went from 5ms to 8000ms.,P2,"[{""event"": ""System Alert - Anomalous Metrics Detected"", ""timestamp"": ""2021-03-11 20:49:00""}, {""event"": ""On-call Engineer Acknowledged Alert"", ""timestamp"": ""2021-03-11 20:51:00""}, {""event"": ""Mitigation Applied - Increased pod count"", ""timestamp"": ""2021-03-11 22:00:00""}, {""event"": ""Incident Resolved - System metrics stabilized"", ""timestamp"": ""2021-03-12 00:17:00""}]",Applied mitigation at 22:00:00 by rolling back production deployment DEP-0120 or applying hotfix. Monitored CPU and error rates until they returned to baseline levels.,DEP-0120,PR-0035,ADR-0010,Require explain-plan checks in CI/CD pipelines for any new migration files. Enforce indexing guidelines for foreign keys.
INC-0059,Out of memory (OOM) crash in platform-logging pod during batch processing,A memory leak in the Go/Python worker loop processing batch uploads. The worker accumulated pointers in a global slice and did not trigger garbage collection timely. Pod reached K8s limit (2Gi) and got OOMKilled.,P1,"[{""event"": ""System Alert - Anomalous Metrics Detected"", ""timestamp"": ""2021-03-11 23:11:00""}, {""event"": ""On-call Engineer Acknowledged Alert"", ""timestamp"": ""2021-03-11 23:23:00""}, {""event"": ""Mitigation Applied - Increased pod count"", ""timestamp"": ""2021-03-12 00:31:00""}, {""event"": ""Incident Resolved - System metrics stabilized"", ""timestamp"": ""2021-03-12 04:21:00""}]",Applied mitigation at 00:31:00 by rolling back production deployment DEP-0124 or applying hotfix. Monitored CPU and error rates until they returned to baseline levels.,DEP-0124,PR-0068,ADR-0013,"Profile heap usage during batch tasks, reuse object buffers, and add strict memory limits to K8s configs with warnings at 80% usage."
INC-0060,Database connection pool exhaustion on visionai-training,"The service connection pool size was set to 20, but under heavy concurrent traffic, queries blocked on database, causing requests to queue up and exhaust all worker threads. The health check endpoint also blocked, leading Kubernetes to restart pods in a loop.",P0,"[{""event"": ""System Alert - Anomalous Metrics Detected"", ""timestamp"": ""2021-03-14 05:16:00""}, {""event"": ""On-call Engineer Acknowledged Alert"", ""timestamp"": ""2021-03-14 05:18:00""}, {""event"": ""Mitigation Applied - Rolled back deployment"", ""timestamp"": ""2021-03-14 06:29:00""}, {""event"": ""Incident Resolved - System metrics stabilized"", ""timestamp"": ""2021-03-14 07:11:00""}]",Applied mitigation at 06:29:00 by rolling back production deployment DEP-0126 or applying hotfix. Monitored CPU and error rates until they returned to baseline levels.,DEP-0126,PR-0064,,"We must decoupled health check endpoints from primary database checks (make them shallow), increase connection pool limits, and implement rate limiting on expensive endpoints."
INC-0061,Database connection pool exhaustion on novacommerce-ui,"The service connection pool size was set to 20, but under heavy concurrent traffic, queries blocked on database, causing requests to queue up and exhaust all worker threads. The health check endpoint also blocked, leading Kubernetes to restart pods in a loop.",P0,"[{""event"": ""System Alert - Anomalous Metrics Detected"", ""timestamp"": ""2021-03-16 03:15:00""}, {""event"": ""On-call Engineer Acknowledged Alert"", ""timestamp"": ""2021-03-16 03:22:00""}, {""event"": ""Mitigation Applied - Increased pod count"", ""timestamp"": ""2021-03-16 04:23:00""}, {""event"": ""Incident Resolved - System metrics stabilized"", ""timestamp"": ""2021-03-16 06:56:00""}]",Applied mitigation at 04:23:00 by rolling back production deployment DEP-0128 or applying hotfix. Monitored CPU and error rates until they returned to baseline levels.,DEP-0128,PR-0076,ADR-0017,"We must decoupled health check endpoints from primary database checks (make them shallow), increase connection pool limits, and implement rate limiting on expensive endpoints."
INC-0062,Cache stampede in atlaspay-gateway for metadata queries,"An eviction of high-frequency metadata cache keys in Redis occurred concurrently with a traffic spike. Thousands of pods hit the underlying database at once to re-fetch the metadata, locking tables.",P1,"[{""event"": ""System Alert - Anomalous Metrics Detected"", ""timestamp"": ""2021-03-17 06:27:00""}, {""event"": ""On-call Engineer Acknowledged Alert"", ""timestamp"": ""2021-03-17 06:37:00""}, {""event"": ""Mitigation Applied - Flushed cache"", ""timestamp"": ""2021-03-17 07:08:00""}, {""event"": ""Incident Resolved - System metrics stabilized"", ""timestamp"": ""2021-03-17 09:05:00""}]",Applied mitigation at 07:08:00 by rolling back production deployment DEP-0130 or applying hotfix. Monitored CPU and error rates until they returned to baseline levels.,DEP-0130,PR-0069,ADR-0016,Implement cache key locking/mutexes (single-flight pattern) so only one request updates the cache while others wait. Add jitter to cache TTLs.
INC-0063,Routing loop in Istio service mesh for novacommerce-ui,A misconfigured VirtualService manifest in Terraform caused traffic to cycle between the canary deployment and the main service. Latency spiked and error rates reached 100% due to maximum hop recursion.,P0,"[{""event"": ""System Alert - Anomalous Metrics Detected"", ""timestamp"": ""2021-03-17 22:06:00""}, {""event"": ""On-call Engineer Acknowledged Alert"", ""timestamp"": ""2021-03-17 22:19:00""}, {""event"": ""Mitigation Applied - Rolled back deployment"", ""timestamp"": ""2021-03-17 23:00:00""}, {""event"": ""Incident Resolved - System metrics stabilized"", ""timestamp"": ""2021-03-18 01:27:00""}]",Applied mitigation at 23:00:00 by rolling back production deployment DEP-0135 or applying hotfix. Monitored CPU and error rates until they returned to baseline levels.,DEP-0135,PR-0072,ADR-0017,Add deployment linting checks for mesh configurations. Implement dry-run verification steps in CI/CD pipeline before applying mesh routes.
INC-0064,Database connection pool exhaustion on novacommerce-ui,"The service connection pool size was set to 20, but under heavy concurrent traffic, queries blocked on database, causing requests to queue up and exhaust all worker threads. The health check endpoint also blocked, leading Kubernetes to restart pods in a loop.",P0,"[{""event"": ""System Alert - Anomalous Metrics Detected"", ""timestamp"": ""2021-03-17 23:06:00""}, {""event"": ""On-call Engineer Acknowledged Alert"", ""timestamp"": ""2021-03-17 23:20:00""}, {""event"": ""Mitigation Applied - Flushed cache"", ""timestamp"": ""2021-03-17 23:44:00""}, {""event"": ""Incident Resolved - System metrics stabilized"", ""timestamp"": ""2021-03-18 03:07:00""}]",Applied mitigation at 23:44:00 by rolling back production deployment DEP-0133 or applying hotfix. Monitored CPU and error rates until they returned to baseline levels.,DEP-0133,PR-0071,ADR-0017,"We must decoupled health check endpoints from primary database checks (make them shallow), increase connection pool limits, and implement rate limiting on expensive endpoints."
INC-0065,Unoptimized query on visionai-pipeline database after release,A new feature did a sequential scan on a table containing 10M+ rows because the foreign key index was omitted in the migration script. CPU spiked to 100% and query latency went from 5ms to 8000ms.,P2,"[{""event"": ""System Alert - Anomalous Metrics Detected"", ""timestamp"": ""2021-03-19 13:24:00""}, {""event"": ""On-call Engineer Acknowledged Alert"", ""timestamp"": ""2021-03-19 13:37:00""}, {""event"": ""Mitigation Applied - Rolled back deployment"", ""timestamp"": ""2021-03-19 14:43:00""}, {""event"": ""Incident Resolved - System metrics stabilized"", ""timestamp"": ""2021-03-19 17:51:00""}]",Applied mitigation at 14:43:00 by rolling back production deployment DEP-0137 or applying hotfix. Monitored CPU and error rates until they returned to baseline levels.,DEP-0137,PR-0075,ADR-0018,Require explain-plan checks in CI/CD pipelines for any new migration files. Enforce indexing guidelines for foreign keys.
INC-0066,Message lag spike on Kafka partition for platform-monitoring,"A slow consumer thread due to synchronous downstream HTTP calls. As partition size grew, processing fell behind by over 50,000 messages, delaying order processing in NovaCommerce.",P1,"[{""event"": ""System Alert - Anomalous Metrics Detected"", ""timestamp"": ""2021-03-23 04:59:00""}, {""event"": ""On-call Engineer Acknowledged Alert"", ""timestamp"": ""2021-03-23 05:12:00""}, {""event"": ""Mitigation Applied - Flushed cache"", ""timestamp"": ""2021-03-23 06:27:00""}, {""event"": ""Incident Resolved - System metrics stabilized"", ""timestamp"": ""2021-03-23 10:27:00""}]",Applied mitigation at 06:27:00 by rolling back production deployment DEP-0139 or applying hotfix. Monitored CPU and error rates until they returned to baseline levels.,DEP-0139,PR-0074,ADR-0020,"Implement worker pool concurrency in consumer code, wrap calls in circuit breakers, and monitor consumer lag metrics to trigger auto-scaling."
INC-0067,Database connection pool exhaustion on visionai-inference,"The service connection pool size was set to 20, but under heavy concurrent traffic, queries blocked on database, causing requests to queue up and exhaust all worker threads. The health check endpoint also blocked, leading Kubernetes to restart pods in a loop.",P0,"[{""event"": ""System Alert - Anomalous Metrics Detected"", ""timestamp"": ""2021-03-24 23:45:00""}, {""event"": ""On-call Engineer Acknowledged Alert"", ""timestamp"": ""2021-03-24 23:54:00""}, {""event"": ""Mitigation Applied - Flushed cache"", ""timestamp"": ""2021-03-25 00:51:00""}, {""event"": ""Incident Resolved - System metrics stabilized"", ""timestamp"": ""2021-03-25 04:44:00""}]",Applied mitigation at 00:51:00 by rolling back production deployment DEP-0141 or applying hotfix. Monitored CPU and error rates until they returned to baseline levels.,DEP-0141,PR-0050,ADR-0011,"We must decoupled health check endpoints from primary database checks (make them shallow), increase connection pool limits, and implement rate limiting on expensive endpoints."
INC-0068,Database connection pool exhaustion on visionai-pipeline,"The service connection pool size was set to 20, but under heavy concurrent traffic, queries blocked on database, causing requests to queue up and exhaust all worker threads. The health check endpoint also blocked, leading Kubernetes to restart pods in a loop.",P0,"[{""event"": ""System Alert - Anomalous Metrics Detected"", ""timestamp"": ""2021-03-29 09:20:00""}, {""event"": ""On-call Engineer Acknowledged Alert"", ""timestamp"": ""2021-03-29 09:31:00""}, {""event"": ""Mitigation Applied - Flushed cache"", ""timestamp"": ""2021-03-29 10:01:00""}, {""event"": ""Incident Resolved - System metrics stabilized"", ""timestamp"": ""2021-03-29 12:46:00""}]",Applied mitigation at 10:01:00 by rolling back production deployment DEP-0145 or applying hotfix. Monitored CPU and error rates until they returned to baseline levels.,DEP-0145,PR-0077,ADR-0018,"We must decoupled health check endpoints from primary database checks (make them shallow), increase connection pool limits, and implement rate limiting on expensive endpoints."
INC-0069,Routing loop in Istio service mesh for cloudsync-storage,A misconfigured VirtualService manifest in Terraform caused traffic to cycle between the canary deployment and the main service. Latency spiked and error rates reached 100% due to maximum hop recursion.,P0,"[{""event"": ""System Alert - Anomalous Metrics Detected"", ""timestamp"": ""2021-03-30 00:04:00""}, {""event"": ""On-call Engineer Acknowledged Alert"", ""timestamp"": ""2021-03-30 00:15:00""}, {""event"": ""Mitigation Applied - Flushed cache"", ""timestamp"": ""2021-03-30 00:56:00""}, {""event"": ""Incident Resolved - System metrics stabilized"", ""timestamp"": ""2021-03-30 03:25:00""}]",Applied mitigation at 00:56:00 by rolling back production deployment DEP-0143 or applying hotfix. Monitored CPU and error rates until they returned to baseline levels.,DEP-0143,PR-0057,ADR-0012,Add deployment linting checks for mesh configurations. Implement dry-run verification steps in CI/CD pipeline before applying mesh routes.
INC-0070,Out of memory (OOM) crash in security-scanner pod during batch processing,A memory leak in the Go/Python worker loop processing batch uploads. The worker accumulated pointers in a global slice and did not trigger garbage collection timely. Pod reached K8s limit (1Gi) and got OOMKilled.,P1,"[{""event"": ""System Alert - Anomalous Metrics Detected"", ""timestamp"": ""2021-03-30 05:20:00""}, {""event"": ""On-call Engineer Acknowledged Alert"", ""timestamp"": ""2021-03-30 05:32:00""}, {""event"": ""Mitigation Applied - Flushed cache"", ""timestamp"": ""2021-03-30 06:46:00""}, {""event"": ""Incident Resolved - System metrics stabilized"", ""timestamp"": ""2021-03-30 07:33:00""}]",Applied mitigation at 06:46:00 by rolling back production deployment DEP-0151 or applying hotfix. Monitored CPU and error rates until they returned to baseline levels.,DEP-0151,PR-0084,,"Profile heap usage during batch tasks, reuse object buffers, and add strict memory limits to K8s configs with warnings at 80% usage."
INC-0071,Out of memory (OOM) crash in security-scanner pod during batch processing,A memory leak in the Go/Python worker loop processing batch uploads. The worker accumulated pointers in a global slice and did not trigger garbage collection timely. Pod reached K8s limit (2Gi) and got OOMKilled.,P1,"[{""event"": ""System Alert - Anomalous Metrics Detected"", ""timestamp"": ""2021-03-30 07:20:00""}, {""event"": ""On-call Engineer Acknowledged Alert"", ""timestamp"": ""2021-03-30 07:27:00""}, {""event"": ""Mitigation Applied - Rolled back deployment"", ""timestamp"": ""2021-03-30 08:33:00""}, {""event"": ""Incident Resolved - System metrics stabilized"", ""timestamp"": ""2021-03-30 09:48:00""}]",Applied mitigation at 08:33:00 by rolling back production deployment DEP-0149 or applying hotfix. Monitored CPU and error rates until they returned to baseline levels.,DEP-0149,PR-0080,ADR-0019,"Profile heap usage during batch tasks, reuse object buffers, and add strict memory limits to K8s configs with warnings at 80% usage."
INC-0072,Database connection pool exhaustion on platform-logging,"The service connection pool size was set to 20, but under heavy concurrent traffic, queries blocked on database, causing requests to queue up and exhaust all worker threads. The health check endpoint also blocked, leading Kubernetes to restart pods in a loop.",P0,"[{""event"": ""System Alert - Anomalous Metrics Detected"", ""timestamp"": ""2021-03-31 02:18:00""}, {""event"": ""On-call Engineer Acknowledged Alert"", ""timestamp"": ""2021-03-31 02:20:00""}, {""event"": ""Mitigation Applied - Flushed cache"", ""timestamp"": ""2021-03-31 03:08:00""}, {""event"": ""Incident Resolved - System metrics stabilized"", ""timestamp"": ""2021-03-31 05:42:00""}]",Applied mitigation at 03:08:00 by rolling back production deployment DEP-0147 or applying hotfix. Monitored CPU and error rates until they returned to baseline levels.,DEP-0147,PR-0058,ADR-0013,"We must decoupled health check endpoints from primary database checks (make them shallow), increase connection pool limits, and implement rate limiting on expensive endpoints."
INC-0073,Database connection pool exhaustion on novacommerce-cart,"The service connection pool size was set to 20, but under heavy concurrent traffic, queries blocked on database, causing requests to queue up and exhaust all worker threads. The health check endpoint also blocked, leading Kubernetes to restart pods in a loop.",P0,"[{""event"": ""System Alert - Anomalous Metrics Detected"", ""timestamp"": ""2021-03-31 09:50:00""}, {""event"": ""On-call Engineer Acknowledged Alert"", ""timestamp"": ""2021-03-31 09:56:00""}, {""event"": ""Mitigation Applied - Flushed cache"", ""timestamp"": ""2021-03-31 10:16:00""}, {""event"": ""Incident Resolved - System metrics stabilized"", ""timestamp"": ""2021-03-31 12:37:00""}]",Applied mitigation at 10:16:00 by rolling back production deployment DEP-0153 or applying hotfix. Monitored CPU and error rates until they returned to baseline levels.,DEP-0153,PR-0059,ADR-0014,"We must decoupled health check endpoints from primary database checks (make them shallow), increase connection pool limits, and implement rate limiting on expensive endpoints."
INC-0074,Out of memory (OOM) crash in novacommerce-checkout pod during batch processing,A memory leak in the Go/Python worker loop processing batch uploads. The worker accumulated pointers in a global slice and did not trigger garbage collection timely. Pod reached K8s limit (2Gi) and got OOMKilled.,P1,"[{""event"": ""System Alert - Anomalous Metrics Detected"", ""timestamp"": ""2021-03-31 15:33:00""}, {""event"": ""On-call Engineer Acknowledged Alert"", ""timestamp"": ""2021-03-31 15:40:00""}, {""event"": ""Mitigation Applied - Rolled back deployment"", ""timestamp"": ""2021-03-31 17:10:00""}, {""event"": ""Incident Resolved - System metrics stabilized"", ""timestamp"": ""2021-03-31 17:49:00""}]",Applied mitigation at 17:10:00 by rolling back production deployment DEP-0155 or applying hotfix. Monitored CPU and error rates until they returned to baseline levels.,DEP-0155,PR-0060,ADR-0015,"Profile heap usage during batch tasks, reuse object buffers, and add strict memory limits to K8s configs with warnings at 80% usage."
INC-0075,Cache stampede in atlaspay-gateway for metadata queries,"An eviction of high-frequency metadata cache keys in Redis occurred concurrently with a traffic spike. Thousands of pods hit the underlying database at once to re-fetch the metadata, locking tables.",P1,"[{""event"": ""System Alert - Anomalous Metrics Detected"", ""timestamp"": ""2021-04-01 21:21:00""}, {""event"": ""On-call Engineer Acknowledged Alert"", ""timestamp"": ""2021-04-01 21:31:00""}, {""event"": ""Mitigation Applied - Increased pod count"", ""timestamp"": ""2021-04-01 22:39:00""}, {""event"": ""Incident Resolved - System metrics stabilized"", ""timestamp"": ""2021-04-01 23:25:00""}]",Applied mitigation at 22:39:00 by rolling back production deployment DEP-0157 or applying hotfix. Monitored CPU and error rates until they returned to baseline levels.,DEP-0157,PR-0062,ADR-0016,Implement cache key locking/mutexes (single-flight pattern) so only one request updates the cache while others wait. Add jitter to cache TTLs.
INC-0076,Routing loop in Istio service mesh for security-scanner,A misconfigured VirtualService manifest in Terraform caused traffic to cycle between the canary deployment and the main service. Latency spiked and error rates reached 100% due to maximum hop recursion.,P0,"[{""event"": ""System Alert - Anomalous Metrics Detected"", ""timestamp"": ""2021-04-03 10:25:00""}, {""event"": ""On-call Engineer Acknowledged Alert"", ""timestamp"": ""2021-04-03 10:28:00""}, {""event"": ""Mitigation Applied - Increased pod count"", ""timestamp"": ""2021-04-03 10:49:00""}, {""event"": ""Incident Resolved - System metrics stabilized"", ""timestamp"": ""2021-04-03 11:55:00""}]",Applied mitigation at 10:49:00 by rolling back production deployment DEP-0161 or applying hotfix. Monitored CPU and error rates until they returned to baseline levels.,DEP-0161,PR-0081,ADR-0019,Add deployment linting checks for mesh configurations. Implement dry-run verification steps in CI/CD pipeline before applying mesh routes.
INC-0077,Message lag spike on Kafka partition for security-scanner,"A slow consumer thread due to synchronous downstream HTTP calls. As partition size grew, processing fell behind by over 50,000 messages, delaying order processing in NovaCommerce.",P1,"[{""event"": ""System Alert - Anomalous Metrics Detected"", ""timestamp"": ""2021-04-03 14:38:00""}, {""event"": ""On-call Engineer Acknowledged Alert"", ""timestamp"": ""2021-04-03 14:43:00""}, {""event"": ""Mitigation Applied - Flushed cache"", ""timestamp"": ""2021-04-03 15:58:00""}, {""event"": ""Incident Resolved - System metrics stabilized"", ""timestamp"": ""2021-04-03 19:51:00""}]",Applied mitigation at 15:58:00 by rolling back production deployment DEP-0159 or applying hotfix. Monitored CPU and error rates until they returned to baseline levels.,DEP-0159,PR-0079,ADR-0019,"Implement worker pool concurrency in consumer code, wrap calls in circuit breakers, and monitor consumer lag metrics to trigger auto-scaling."
INC-0078,Cache stampede in fusionerp-frontend for metadata queries,"An eviction of high-frequency metadata cache keys in Redis occurred concurrently with a traffic spike. Thousands of pods hit the underlying database at once to re-fetch the metadata, locking tables.",P1,"[{""event"": ""System Alert - Anomalous Metrics Detected"", ""timestamp"": ""2021-04-03 21:53:00""}, {""event"": ""On-call Engineer Acknowledged Alert"", ""timestamp"": ""2021-04-03 22:01:00""}, {""event"": ""Mitigation Applied - Rolled back deployment"", ""timestamp"": ""2021-04-03 22:33:00""}, {""event"": ""Incident Resolved - System metrics stabilized"", ""timestamp"": ""2021-04-04 00:03:00""}]",Applied mitigation at 22:33:00 by rolling back production deployment DEP-0163 or applying hotfix. Monitored CPU and error rates until they returned to baseline levels.,DEP-0163,PR-0083,,Implement cache key locking/mutexes (single-flight pattern) so only one request updates the cache while others wait. Add jitter to cache TTLs.
INC-0079,Message lag spike on Kafka partition for platform-monitoring,"A slow consumer thread due to synchronous downstream HTTP calls. As partition size grew, processing fell behind by over 50,000 messages, delaying order processing in NovaCommerce.",P1,"[{""event"": ""System Alert - Anomalous Metrics Detected"", ""timestamp"": ""2021-04-04 15:21:00""}, {""event"": ""On-call Engineer Acknowledged Alert"", ""timestamp"": ""2021-04-04 15:23:00""}, {""event"": ""Mitigation Applied - Increased pod count"", ""timestamp"": ""2021-04-04 15:49:00""}, {""event"": ""Incident Resolved - System metrics stabilized"", ""timestamp"": ""2021-04-04 16:56:00""}]",Applied mitigation at 15:49:00 by rolling back production deployment DEP-0165 or applying hotfix. Monitored CPU and error rates until they returned to baseline levels.,DEP-0165,PR-0085,ADR-0020,"Implement worker pool concurrency in consumer code, wrap calls in circuit breakers, and monitor consumer lag metrics to trigger auto-scaling."
INC-0080,Message lag spike on Kafka partition for security-scanner,"A slow consumer thread due to synchronous downstream HTTP calls. As partition size grew, processing fell behind by over 50,000 messages, delaying order processing in NovaCommerce.",P1,"[{""event"": ""System Alert - Anomalous Metrics Detected"", ""timestamp"": ""2021-04-05 23:05:00""}, {""event"": ""On-call Engineer Acknowledged Alert"", ""timestamp"": ""2021-04-05 23:12:00""}, {""event"": ""Mitigation Applied - Flushed cache"", ""timestamp"": ""2021-04-06 00:19:00""}, {""event"": ""Incident Resolved - System metrics stabilized"", ""timestamp"": ""2021-04-06 03:49:00""}]",Applied mitigation at 00:19:00 by rolling back production deployment DEP-0167 or applying hotfix. Monitored CPU and error rates until they returned to baseline levels.,DEP-0167,PR-0089,ADR-0022,"Implement worker pool concurrency in consumer code, wrap calls in circuit breakers, and monitor consumer lag metrics to trigger auto-scaling."
INC-0081,Cache stampede in atlaspay-ledger for metadata queries,"An eviction of high-frequency metadata cache keys in Redis occurred concurrently with a traffic spike. Thousands of pods hit the underlying database at once to re-fetch the metadata, locking tables.",P1,"[{""event"": ""System Alert - Anomalous Metrics Detected"", ""timestamp"": ""2021-04-06 08:34:00""}, {""event"": ""On-call Engineer Acknowledged Alert"", ""timestamp"": ""2021-04-06 08:42:00""}, {""event"": ""Mitigation Applied - Rolled back deployment"", ""timestamp"": ""2021-04-06 09:46:00""}, {""event"": ""Incident Resolved - System metrics stabilized"", ""timestamp"": ""2021-04-06 12:46:00""}]",Applied mitigation at 09:46:00 by rolling back production deployment DEP-0171 or applying hotfix. Monitored CPU and error rates until they returned to baseline levels.,DEP-0171,PR-0087,,Implement cache key locking/mutexes (single-flight pattern) so only one request updates the cache while others wait. Add jitter to cache TTLs.
INC-0082,Cache stampede in novacommerce-ui for metadata queries,"An eviction of high-frequency metadata cache keys in Redis occurred concurrently with a traffic spike. Thousands of pods hit the underlying database at once to re-fetch the metadata, locking tables.",P1,"[{""event"": ""System Alert - Anomalous Metrics Detected"", ""timestamp"": ""2021-04-06 10:33:00""}, {""event"": ""On-call Engineer Acknowledged Alert"", ""timestamp"": ""2021-04-06 10:35:00""}, {""event"": ""Mitigation Applied - Increased pod count"", ""timestamp"": ""2021-04-06 11:02:00""}, {""event"": ""Incident Resolved - System metrics stabilized"", ""timestamp"": ""2021-04-06 12:31:00""}]",Applied mitigation at 11:02:00 by rolling back production deployment DEP-0169 or applying hotfix. Monitored CPU and error rates until they returned to baseline levels.,DEP-0169,PR-0070,ADR-0017,Implement cache key locking/mutexes (single-flight pattern) so only one request updates the cache while others wait. Add jitter to cache TTLs.
INC-0083,Cache stampede in platform-logging for metadata queries,"An eviction of high-frequency metadata cache keys in Redis occurred concurrently with a traffic spike. Thousands of pods hit the underlying database at once to re-fetch the metadata, locking tables.",P1,"[{""event"": ""System Alert - Anomalous Metrics Detected"", ""timestamp"": ""2021-04-06 23:07:00""}, {""event"": ""On-call Engineer Acknowledged Alert"", ""timestamp"": ""2021-04-06 23:20:00""}, {""event"": ""Mitigation Applied - Increased pod count"", ""timestamp"": ""2021-04-07 00:40:00""}, {""event"": ""Incident Resolved - System metrics stabilized"", ""timestamp"": ""2021-04-07 04:39:00""}]",Applied mitigation at 00:40:00 by rolling back production deployment DEP-0173 or applying hotfix. Monitored CPU and error rates until they returned to baseline levels.,DEP-0173,PR-0088,,Implement cache key locking/mutexes (single-flight pattern) so only one request updates the cache while others wait. Add jitter to cache TTLs.
INC-0084,Routing loop in Istio service mesh for platform-monitoring,A misconfigured VirtualService manifest in Terraform caused traffic to cycle between the canary deployment and the main service. Latency spiked and error rates reached 100% due to maximum hop recursion.,P0,"[{""event"": ""System Alert - Anomalous Metrics Detected"", ""timestamp"": ""2021-04-07 17:26:00""}, {""event"": ""On-call Engineer Acknowledged Alert"", ""timestamp"": ""2021-04-07 17:30:00""}, {""event"": ""Mitigation Applied - Increased pod count"", ""timestamp"": ""2021-04-07 19:00:00""}, {""event"": ""Incident Resolved - System metrics stabilized"", ""timestamp"": ""2021-04-07 21:38:00""}]",Applied mitigation at 19:00:00 by rolling back production deployment DEP-0175 or applying hotfix. Monitored CPU and error rates until they returned to baseline levels.,DEP-0175,PR-0086,ADR-0020,Add deployment linting checks for mesh configurations. Implement dry-run verification steps in CI/CD pipeline before applying mesh routes.
INC-0085,Cache stampede in visionai-pipeline for metadata queries,"An eviction of high-frequency metadata cache keys in Redis occurred concurrently with a traffic spike. Thousands of pods hit the underlying database at once to re-fetch the metadata, locking tables.",P1,"[{""event"": ""System Alert - Anomalous Metrics Detected"", ""timestamp"": ""2021-04-09 23:26:00""}, {""event"": ""On-call Engineer Acknowledged Alert"", ""timestamp"": ""2021-04-09 23:29:00""}, {""event"": ""Mitigation Applied - Rolled back deployment"", ""timestamp"": ""2021-04-10 00:54:00""}, {""event"": ""Incident Resolved - System metrics stabilized"", ""timestamp"": ""2021-04-10 01:28:00""}]",Applied mitigation at 00:54:00 by rolling back production deployment DEP-0177 or applying hotfix. Monitored CPU and error rates until they returned to baseline levels.,DEP-0177,PR-0073,ADR-0018,Implement cache key locking/mutexes (single-flight pattern) so only one request updates the cache while others wait. Add jitter to cache TTLs.
INC-0086,Database connection pool exhaustion on cloudsync-desktop,"The service connection pool size was set to 20, but under heavy concurrent traffic, queries blocked on database, causing requests to queue up and exhaust all worker threads. The health check endpoint also blocked, leading Kubernetes to restart pods in a loop.",P0,"[{""event"": ""System Alert - Anomalous Metrics Detected"", ""timestamp"": ""2021-04-10 05:24:00""}, {""event"": ""On-call Engineer Acknowledged Alert"", ""timestamp"": ""2021-04-10 05:37:00""}, {""event"": ""Mitigation Applied - Increased pod count"", ""timestamp"": ""2021-04-10 06:58:00""}, {""event"": ""Incident Resolved - System metrics stabilized"", ""timestamp"": ""2021-04-10 09:47:00""}]",Applied mitigation at 06:58:00 by rolling back production deployment DEP-0179 or applying hotfix. Monitored CPU and error rates until they returned to baseline levels.,DEP-0179,PR-0093,,"We must decoupled health check endpoints from primary database checks (make them shallow), increase connection pool limits, and implement rate limiting on expensive endpoints."
INC-0087,Cache stampede in fusionerp-payroll for metadata queries,"An eviction of high-frequency metadata cache keys in Redis occurred concurrently with a traffic spike. Thousands of pods hit the underlying database at once to re-fetch the metadata, locking tables.",P1,"[{""event"": ""System Alert - Anomalous Metrics Detected"", ""timestamp"": ""2021-04-12 10:25:00""}, {""event"": ""On-call Engineer Acknowledged Alert"", ""timestamp"": ""2021-04-12 10:28:00""}, {""event"": ""Mitigation Applied - Increased pod count"", ""timestamp"": ""2021-04-12 11:07:00""}, {""event"": ""Incident Resolved - System metrics stabilized"", ""timestamp"": ""2021-04-12 14:46:00""}]",Applied mitigation at 11:07:00 by rolling back production deployment DEP-0181 or applying hotfix. Monitored CPU and error rates until they returned to baseline levels.,DEP-0181,PR-0098,ADR-0021,Implement cache key locking/mutexes (single-flight pattern) so only one request updates the cache while others wait. Add jitter to cache TTLs.
INC-0088,Unoptimized query on security-scanner database after release,A new feature did a sequential scan on a table containing 10M+ rows because the foreign key index was omitted in the migration script. CPU spiked to 100% and query latency went from 5ms to 8000ms.,P2,"[{""event"": ""System Alert - Anomalous Metrics Detected"", ""timestamp"": ""2021-04-13 05:44:00""}, {""event"": ""On-call Engineer Acknowledged Alert"", ""timestamp"": ""2021-04-13 05:52:00""}, {""event"": ""Mitigation Applied - Flushed cache"", ""timestamp"": ""2021-04-13 06:38:00""}, {""event"": ""Incident Resolved - System metrics stabilized"", ""timestamp"": ""2021-04-13 09:15:00""}]",Applied mitigation at 06:38:00 by rolling back production deployment DEP-0186 or applying hotfix. Monitored CPU and error rates until they returned to baseline levels.,DEP-0186,PR-0100,ADR-0022,Require explain-plan checks in CI/CD pipelines for any new migration files. Enforce indexing guidelines for foreign keys.
INC-0089,Out of memory (OOM) crash in fusionerp-payroll pod during batch processing,A memory leak in the Go/Python worker loop processing batch uploads. The worker accumulated pointers in a global slice and did not trigger garbage collection timely. Pod reached K8s limit (2Gi) and got OOMKilled.,P1,"[{""event"": ""System Alert - Anomalous Metrics Detected"", ""timestamp"": ""2021-04-13 06:27:00""}, {""event"": ""On-call Engineer Acknowledged Alert"", ""timestamp"": ""2021-04-13 06:37:00""}, {""event"": ""Mitigation Applied - Increased pod count"", ""timestamp"": ""2021-04-13 07:59:00""}, {""event"": ""Incident Resolved - System metrics stabilized"", ""timestamp"": ""2021-04-13 09:05:00""}]",Applied mitigation at 07:59:00 by rolling back production deployment DEP-0183 or applying hotfix. Monitored CPU and error rates until they returned to baseline levels.,DEP-0183,PR-0096,ADR-0021,"Profile heap usage during batch tasks, reuse object buffers, and add strict memory limits to K8s configs with warnings at 80% usage."
INC-0090,Out of memory (OOM) crash in fusionerp-core pod during batch processing,A memory leak in the Go/Python worker loop processing batch uploads. The worker accumulated pointers in a global slice and did not trigger garbage collection timely. Pod reached K8s limit (512Mi) and got OOMKilled.,P1,"[{""event"": ""System Alert - Anomalous Metrics Detected"", ""timestamp"": ""2021-04-15 04:33:00""}, {""event"": ""On-call Engineer Acknowledged Alert"", ""timestamp"": ""2021-04-15 04:36:00""}, {""event"": ""Mitigation Applied - Flushed cache"", ""timestamp"": ""2021-04-15 05:57:00""}, {""event"": ""Incident Resolved - System metrics stabilized"", ""timestamp"": ""2021-04-15 08:34:00""}]",Applied mitigation at 05:57:00 by rolling back production deployment DEP-0190 or applying hotfix. Monitored CPU and error rates until they returned to baseline levels.,DEP-0190,PR-0092,,"Profile heap usage during batch tasks, reuse object buffers, and add strict memory limits to K8s configs with warnings at 80% usage."
INC-0091,Database connection pool exhaustion on visionai-training,"The service connection pool size was set to 20, but under heavy concurrent traffic, queries blocked on database, causing requests to queue up and exhaust all worker threads. The health check endpoint also blocked, leading Kubernetes to restart pods in a loop.",P0,"[{""event"": ""System Alert - Anomalous Metrics Detected"", ""timestamp"": ""2021-04-15 05:55:00""}, {""event"": ""On-call Engineer Acknowledged Alert"", ""timestamp"": ""2021-04-15 06:00:00""}, {""event"": ""Mitigation Applied - Increased pod count"", ""timestamp"": ""2021-04-15 07:27:00""}, {""event"": ""Incident Resolved - System metrics stabilized"", ""timestamp"": ""2021-04-15 08:27:00""}]",Applied mitigation at 07:27:00 by rolling back production deployment DEP-0188 or applying hotfix. Monitored CPU and error rates until they returned to baseline levels.,DEP-0188,PR-0090,ADR-0024,"We must decoupled health check endpoints from primary database checks (make them shallow), increase connection pool limits, and implement rate limiting on expensive endpoints."
INC-0092,Cache stampede in security-scanner for metadata queries,"An eviction of high-frequency metadata cache keys in Redis occurred concurrently with a traffic spike. Thousands of pods hit the underlying database at once to re-fetch the metadata, locking tables.",P1,"[{""event"": ""System Alert - Anomalous Metrics Detected"", ""timestamp"": ""2021-04-18 03:08:00""}, {""event"": ""On-call Engineer Acknowledged Alert"", ""timestamp"": ""2021-04-18 03:12:00""}, {""event"": ""Mitigation Applied - Rolled back deployment"", ""timestamp"": ""2021-04-18 04:37:00""}, {""event"": ""Incident Resolved - System metrics stabilized"", ""timestamp"": ""2021-04-18 07:19:00""}]",Applied mitigation at 04:37:00 by rolling back production deployment DEP-0192 or applying hotfix. Monitored CPU and error rates until they returned to baseline levels.,DEP-0192,PR-0078,ADR-0019,Implement cache key locking/mutexes (single-flight pattern) so only one request updates the cache while others wait. Add jitter to cache TTLs.
INC-0093,Message lag spike on Kafka partition for novacommerce-api,"A slow consumer thread due to synchronous downstream HTTP calls. As partition size grew, processing fell behind by over 50,000 messages, delaying order processing in NovaCommerce.",P1,"[{""event"": ""System Alert - Anomalous Metrics Detected"", ""timestamp"": ""2021-04-19 15:52:00""}, {""event"": ""On-call Engineer Acknowledged Alert"", ""timestamp"": ""2021-04-19 15:56:00""}, {""event"": ""Mitigation Applied - Increased pod count"", ""timestamp"": ""2021-04-19 17:09:00""}, {""event"": ""Incident Resolved - System metrics stabilized"", ""timestamp"": ""2021-04-19 19:00:00""}]",Applied mitigation at 17:09:00 by rolling back production deployment DEP-0194 or applying hotfix. Monitored CPU and error rates until they returned to baseline levels.,DEP-0194,PR-0099,ADR-0025,"Implement worker pool concurrency in consumer code, wrap calls in circuit breakers, and monitor consumer lag metrics to trigger auto-scaling."
INC-0094,Database connection pool exhaustion on atlaspay-gateway,"The service connection pool size was set to 20, but under heavy concurrent traffic, queries blocked on PostgreSQL, causing requests to queue up and exhaust all worker threads. The health check endpoint also blocked, leading Kubernetes to restart pods in a loop.",P0,"[{""event"": ""System Alert - Anomalous Metrics Detected"", ""timestamp"": ""2021-04-20 08:09:00""}, {""event"": ""On-call Engineer Acknowledged Alert"", ""timestamp"": ""2021-04-20 08:19:00""}, {""event"": ""Mitigation Applied - Increased pod count"", ""timestamp"": ""2021-04-20 09:34:00""}, {""event"": ""Incident Resolved - System metrics stabilized"", ""timestamp"": ""2021-04-20 10:16:00""}]",Applied mitigation at 09:34:00 by rolling back production deployment DEP-0196 or applying hotfix. Monitored CPU and error rates until they returned to baseline levels.,DEP-0196,PR-0097,,"We must decoupled health check endpoints from primary database checks (make them shallow), increase connection pool limits, and implement rate limiting on expensive endpoints."
INC-0095,Out of memory (OOM) crash in visionai-inference pod during batch processing,A memory leak in the Go/Python worker loop processing batch uploads. The worker accumulated pointers in a global slice and did not trigger garbage collection timely. Pod reached K8s limit (2Gi) and got OOMKilled.,P1,"[{""event"": ""System Alert - Anomalous Metrics Detected"", ""timestamp"": ""2021-04-21 05:06:00""}, {""event"": ""On-call Engineer Acknowledged Alert"", ""timestamp"": ""2021-04-21 05:12:00""}, {""event"": ""Mitigation Applied - Increased pod count"", ""timestamp"": ""2021-04-21 05:30:00""}, {""event"": ""Incident Resolved - System metrics stabilized"", ""timestamp"": ""2021-04-21 09:24:00""}]",Applied mitigation at 05:30:00 by rolling back production deployment DEP-0198 or applying hotfix. Monitored CPU and error rates until they returned to baseline levels.,DEP-0198,PR-0101,,"Profile heap usage during batch tasks, reuse object buffers, and add strict memory limits to K8s configs with warnings at 80% usage."
INC-0096,Message lag spike on Kafka partition for platform-monitoring,"A slow consumer thread due to synchronous downstream HTTP calls. As partition size grew, processing fell behind by over 50,000 messages, delaying order processing in NovaCommerce.",P1,"[{""event"": ""System Alert - Anomalous Metrics Detected"", ""timestamp"": ""2021-04-22 04:19:00""}, {""event"": ""On-call Engineer Acknowledged Alert"", ""timestamp"": ""2021-04-22 04:26:00""}, {""event"": ""Mitigation Applied - Rolled back deployment"", ""timestamp"": ""2021-04-22 05:26:00""}, {""event"": ""Incident Resolved - System metrics stabilized"", ""timestamp"": ""2021-04-22 06:45:00""}]",Applied mitigation at 05:26:00 by rolling back production deployment DEP-0200 or applying hotfix. Monitored CPU and error rates until they returned to baseline levels.,DEP-0200,PR-0082,ADR-0020,"Implement worker pool concurrency in consumer code, wrap calls in circuit breakers, and monitor consumer lag metrics to trigger auto-scaling."
INC-0097,Out of memory (OOM) crash in fusionerp-payroll pod during batch processing,A memory leak in the Go/Python worker loop processing batch uploads. The worker accumulated pointers in a global slice and did not trigger garbage collection timely. Pod reached K8s limit (1Gi) and got OOMKilled.,P1,"[{""event"": ""System Alert - Anomalous Metrics Detected"", ""timestamp"": ""2021-04-23 02:24:00""}, {""event"": ""On-call Engineer Acknowledged Alert"", ""timestamp"": ""2021-04-23 02:32:00""}, {""event"": ""Mitigation Applied - Increased pod count"", ""timestamp"": ""2021-04-23 02:52:00""}, {""event"": ""Incident Resolved - System metrics stabilized"", ""timestamp"": ""2021-04-23 06:49:00""}]",Applied mitigation at 02:52:00 by rolling back production deployment DEP-0205 or applying hotfix. Monitored CPU and error rates until they returned to baseline levels.,DEP-0205,PR-0107,ADR-0027,"Profile heap usage during batch tasks, reuse object buffers, and add strict memory limits to K8s configs with warnings at 80% usage."
INC-0098,Database connection pool exhaustion on atlaspay-ledger,"The service connection pool size was set to 20, but under heavy concurrent traffic, queries blocked on PostgreSQL, causing requests to queue up and exhaust all worker threads. The health check endpoint also blocked, leading Kubernetes to restart pods in a loop.",P0,"[{""event"": ""System Alert - Anomalous Metrics Detected"", ""timestamp"": ""2021-04-23 23:46:00""}, {""event"": ""On-call Engineer Acknowledged Alert"", ""timestamp"": ""2021-04-23 23:58:00""}, {""event"": ""Mitigation Applied - Flushed cache"", ""timestamp"": ""2021-04-24 00:51:00""}, {""event"": ""Incident Resolved - System metrics stabilized"", ""timestamp"": ""2021-04-24 03:50:00""}]",Applied mitigation at 00:51:00 by rolling back production deployment DEP-0202 or applying hotfix. Monitored CPU and error rates until they returned to baseline levels.,DEP-0202,PR-0103,,"We must decoupled health check endpoints from primary database checks (make them shallow), increase connection pool limits, and implement rate limiting on expensive endpoints."
INC-0099,Database connection pool exhaustion on platform-logging,"The service connection pool size was set to 20, but under heavy concurrent traffic, queries blocked on database, causing requests to queue up and exhaust all worker threads. The health check endpoint also blocked, leading Kubernetes to restart pods in a loop.",P0,"[{""event"": ""System Alert - Anomalous Metrics Detected"", ""timestamp"": ""2021-04-25 21:01:00""}, {""event"": ""On-call Engineer Acknowledged Alert"", ""timestamp"": ""2021-04-25 21:04:00""}, {""event"": ""Mitigation Applied - Increased pod count"", ""timestamp"": ""2021-04-25 21:20:00""}, {""event"": ""Incident Resolved - System metrics stabilized"", ""timestamp"": ""2021-04-26 00:46:00""}]",Applied mitigation at 21:20:00 by rolling back production deployment DEP-0207 or applying hotfix. Monitored CPU and error rates until they returned to baseline levels.,DEP-0207,PR-0105,ADR-0023,"We must decoupled health check endpoints from primary database checks (make them shallow), increase connection pool limits, and implement rate limiting on expensive endpoints."
INC-0100,Database connection pool exhaustion on visionai-training,"The service connection pool size was set to 20, but under heavy concurrent traffic, queries blocked on database, causing requests to queue up and exhaust all worker threads. The health check endpoint also blocked, leading Kubernetes to restart pods in a loop.",P0,"[{""event"": ""System Alert - Anomalous Metrics Detected"", ""timestamp"": ""2021-04-26 05:04:00""}, {""event"": ""On-call Engineer Acknowledged Alert"", ""timestamp"": ""2021-04-26 05:14:00""}, {""event"": ""Mitigation Applied - Flushed cache"", ""timestamp"": ""2021-04-26 06:27:00""}, {""event"": ""Incident Resolved - System metrics stabilized"", ""timestamp"": ""2021-04-26 09:08:00""}]",Applied mitigation at 06:27:00 by rolling back production deployment DEP-0209 or applying hotfix. Monitored CPU and error rates until they returned to baseline levels.,DEP-0209,PR-0112,ADR-0024,"We must decoupled health check endpoints from primary database checks (make them shallow), increase connection pool limits, and implement rate limiting on expensive endpoints."
INC-0101,Routing loop in Istio service mesh for platform-logging,A misconfigured VirtualService manifest in Terraform caused traffic to cycle between the canary deployment and the main service. Latency spiked and error rates reached 100% due to maximum hop recursion.,P0,"[{""event"": ""System Alert - Anomalous Metrics Detected"", ""timestamp"": ""2021-04-28 18:07:00""}, {""event"": ""On-call Engineer Acknowledged Alert"", ""timestamp"": ""2021-04-28 18:14:00""}, {""event"": ""Mitigation Applied - Increased pod count"", ""timestamp"": ""2021-04-28 18:55:00""}, {""event"": ""Incident Resolved - System metrics stabilized"", ""timestamp"": ""2021-04-28 22:21:00""}]",Applied mitigation at 18:55:00 by rolling back production deployment DEP-0211 or applying hotfix. Monitored CPU and error rates until they returned to baseline levels.,DEP-0211,PR-0108,ADR-0023,Add deployment linting checks for mesh configurations. Implement dry-run verification steps in CI/CD pipeline before applying mesh routes.
INC-0102,Database connection pool exhaustion on platform-logging,"The service connection pool size was set to 20, but under heavy concurrent traffic, queries blocked on database, causing requests to queue up and exhaust all worker threads. The health check endpoint also blocked, leading Kubernetes to restart pods in a loop.",P0,"[{""event"": ""System Alert - Anomalous Metrics Detected"", ""timestamp"": ""2021-04-30 18:01:00""}, {""event"": ""On-call Engineer Acknowledged Alert"", ""timestamp"": ""2021-04-30 18:16:00""}, {""event"": ""Mitigation Applied - Increased pod count"", ""timestamp"": ""2021-04-30 19:11:00""}, {""event"": ""Incident Resolved - System metrics stabilized"", ""timestamp"": ""2021-04-30 22:53:00""}]",Applied mitigation at 19:11:00 by rolling back production deployment DEP-0213 or applying hotfix. Monitored CPU and error rates until they returned to baseline levels.,DEP-0213,PR-0106,ADR-0023,"We must decoupled health check endpoints from primary database checks (make them shallow), increase connection pool limits, and implement rate limiting on expensive endpoints."
INC-0103,Out of memory (OOM) crash in visionai-training pod during batch processing,A memory leak in the Go/Python worker loop processing batch uploads. The worker accumulated pointers in a global slice and did not trigger garbage collection timely. Pod reached K8s limit (2Gi) and got OOMKilled.,P1,"[{""event"": ""System Alert - Anomalous Metrics Detected"", ""timestamp"": ""2021-05-01 13:45:00""}, {""event"": ""On-call Engineer Acknowledged Alert"", ""timestamp"": ""2021-05-01 13:51:00""}, {""event"": ""Mitigation Applied - Increased pod count"", ""timestamp"": ""2021-05-01 14:23:00""}, {""event"": ""Incident Resolved - System metrics stabilized"", ""timestamp"": ""2021-05-01 17:00:00""}]",Applied mitigation at 14:23:00 by rolling back production deployment DEP-0216 or applying hotfix. Monitored CPU and error rates until they returned to baseline levels.,DEP-0216,PR-0119,,"Profile heap usage during batch tasks, reuse object buffers, and add strict memory limits to K8s configs with warnings at 80% usage."
INC-0104,Cache stampede in novacommerce-api for metadata queries,"An eviction of high-frequency metadata cache keys in Redis occurred concurrently with a traffic spike. Thousands of pods hit the underlying database at once to re-fetch the metadata, locking tables.",P1,"[{""event"": ""System Alert - Anomalous Metrics Detected"", ""timestamp"": ""2021-05-02 15:54:00""}, {""event"": ""On-call Engineer Acknowledged Alert"", ""timestamp"": ""2021-05-02 16:03:00""}, {""event"": ""Mitigation Applied - Increased pod count"", ""timestamp"": ""2021-05-02 16:44:00""}, {""event"": ""Incident Resolved - System metrics stabilized"", ""timestamp"": ""2021-05-02 17:56:00""}]",Applied mitigation at 16:44:00 by rolling back production deployment DEP-0218 or applying hotfix. Monitored CPU and error rates until they returned to baseline levels.,DEP-0218,PR-0111,ADR-0025,Implement cache key locking/mutexes (single-flight pattern) so only one request updates the cache while others wait. Add jitter to cache TTLs.
INC-0105,Message lag spike on Kafka partition for visionai-training,"A slow consumer thread due to synchronous downstream HTTP calls. As partition size grew, processing fell behind by over 50,000 messages, delaying order processing in NovaCommerce.",P1,"[{""event"": ""System Alert - Anomalous Metrics Detected"", ""timestamp"": ""2021-05-03 17:05:00""}, {""event"": ""On-call Engineer Acknowledged Alert"", ""timestamp"": ""2021-05-03 17:12:00""}, {""event"": ""Mitigation Applied - Rolled back deployment"", ""timestamp"": ""2021-05-03 17:52:00""}, {""event"": ""Incident Resolved - System metrics stabilized"", ""timestamp"": ""2021-05-03 20:17:00""}]",Applied mitigation at 17:52:00 by rolling back production deployment DEP-0220 or applying hotfix. Monitored CPU and error rates until they returned to baseline levels.,DEP-0220,PR-0110,ADR-0024,"Implement worker pool concurrency in consumer code, wrap calls in circuit breakers, and monitor consumer lag metrics to trigger auto-scaling."
INC-0106,Out of memory (OOM) crash in fusionerp-payroll pod during batch processing,A memory leak in the Go/Python worker loop processing batch uploads. The worker accumulated pointers in a global slice and did not trigger garbage collection timely. Pod reached K8s limit (2Gi) and got OOMKilled.,P1,"[{""event"": ""System Alert - Anomalous Metrics Detected"", ""timestamp"": ""2021-05-03 20:07:00""}, {""event"": ""On-call Engineer Acknowledged Alert"", ""timestamp"": ""2021-05-03 20:18:00""}, {""event"": ""Mitigation Applied - Rolled back deployment"", ""timestamp"": ""2021-05-03 21:33:00""}, {""event"": ""Incident Resolved - System metrics stabilized"", ""timestamp"": ""2021-05-04 01:08:00""}]",Applied mitigation at 21:33:00 by rolling back production deployment DEP-0222 or applying hotfix. Monitored CPU and error rates until they returned to baseline levels.,DEP-0222,PR-0117,ADR-0027,"Profile heap usage during batch tasks, reuse object buffers, and add strict memory limits to K8s configs with warnings at 80% usage."
INC-0107,Cache stampede in novacommerce-api for metadata queries,"An eviction of high-frequency metadata cache keys in Redis occurred concurrently with a traffic spike. Thousands of pods hit the underlying database at once to re-fetch the metadata, locking tables.",P1,"[{""event"": ""System Alert - Anomalous Metrics Detected"", ""timestamp"": ""2021-05-04 17:23:00""}, {""event"": ""On-call Engineer Acknowledged Alert"", ""timestamp"": ""2021-05-04 17:34:00""}, {""event"": ""Mitigation Applied - Increased pod count"", ""timestamp"": ""2021-05-04 18:29:00""}, {""event"": ""Incident Resolved - System metrics stabilized"", ""timestamp"": ""2021-05-04 19:17:00""}]",Applied mitigation at 18:29:00 by rolling back production deployment DEP-0224 or applying hotfix. Monitored CPU and error rates until they returned to baseline levels.,DEP-0224,PR-0114,ADR-0025,Implement cache key locking/mutexes (single-flight pattern) so only one request updates the cache while others wait. Add jitter to cache TTLs.
INC-0108,Message lag spike on Kafka partition for security-scanner,"A slow consumer thread due to synchronous downstream HTTP calls. As partition size grew, processing fell behind by over 50,000 messages, delaying order processing in NovaCommerce.",P1,"[{""event"": ""System Alert - Anomalous Metrics Detected"", ""timestamp"": ""2021-05-05 06:10:00""}, {""event"": ""On-call Engineer Acknowledged Alert"", ""timestamp"": ""2021-05-05 06:15:00""}, {""event"": ""Mitigation Applied - Rolled back deployment"", ""timestamp"": ""2021-05-05 07:23:00""}, {""event"": ""Incident Resolved - System metrics stabilized"", ""timestamp"": ""2021-05-05 10:25:00""}]",Applied mitigation at 07:23:00 by rolling back production deployment DEP-0226 or applying hotfix. Monitored CPU and error rates until they returned to baseline levels.,DEP-0226,PR-0094,ADR-0022,"Implement worker pool concurrency in consumer code, wrap calls in circuit breakers, and monitor consumer lag metrics to trigger auto-scaling."
INC-0109,Database connection pool exhaustion on fusionerp-payroll,"The service connection pool size was set to 20, but under heavy concurrent traffic, queries blocked on PostgreSQL, causing requests to queue up and exhaust all worker threads. The health check endpoint also blocked, leading Kubernetes to restart pods in a loop.",P0,"[{""event"": ""System Alert - Anomalous Metrics Detected"", ""timestamp"": ""2021-05-06 00:55:00""}, {""event"": ""On-call Engineer Acknowledged Alert"", ""timestamp"": ""2021-05-06 00:58:00""}, {""event"": ""Mitigation Applied - Flushed cache"", ""timestamp"": ""2021-05-06 01:31:00""}, {""event"": ""Incident Resolved - System metrics stabilized"", ""timestamp"": ""2021-05-06 03:29:00""}]",Applied mitigation at 01:31:00 by rolling back production deployment DEP-0229 or applying hotfix. Monitored CPU and error rates until they returned to baseline levels.,DEP-0229,PR-0095,ADR-0021,"We must decoupled health check endpoints from primary database checks (make them shallow), increase connection pool limits, and implement rate limiting on expensive endpoints."
INC-0110,Unoptimized query on novacommerce-api database after release,A new feature did a sequential scan on a table containing 10M+ rows because the foreign key index was omitted in the migration script. CPU spiked to 100% and query latency went from 5ms to 8000ms.,P2,"[{""event"": ""System Alert - Anomalous Metrics Detected"", ""timestamp"": ""2021-05-07 10:04:00""}, {""event"": ""On-call Engineer Acknowledged Alert"", ""timestamp"": ""2021-05-07 10:19:00""}, {""event"": ""Mitigation Applied - Rolled back deployment"", ""timestamp"": ""2021-05-07 11:13:00""}, {""event"": ""Incident Resolved - System metrics stabilized"", ""timestamp"": ""2021-05-07 14:53:00""}]",Applied mitigation at 11:13:00 by rolling back production deployment DEP-0231 or applying hotfix. Monitored CPU and error rates until they returned to baseline levels.,DEP-0231,PR-0116,ADR-0025,Require explain-plan checks in CI/CD pipelines for any new migration files. Enforce indexing guidelines for foreign keys.
INC-0111,Cache stampede in fusionerp-frontend for metadata queries,"An eviction of high-frequency metadata cache keys in Redis occurred concurrently with a traffic spike. Thousands of pods hit the underlying database at once to re-fetch the metadata, locking tables.",P1,"[{""event"": ""System Alert - Anomalous Metrics Detected"", ""timestamp"": ""2021-05-09 08:14:00""}, {""event"": ""On-call Engineer Acknowledged Alert"", ""timestamp"": ""2021-05-09 08:16:00""}, {""event"": ""Mitigation Applied - Increased pod count"", ""timestamp"": ""2021-05-09 09:36:00""}, {""event"": ""Incident Resolved - System metrics stabilized"", ""timestamp"": ""2021-05-09 12:33:00""}]",Applied mitigation at 09:36:00 by rolling back production deployment DEP-0239 or applying hotfix. Monitored CPU and error rates until they returned to baseline levels.,DEP-0239,PR-0126,ADR-0028,Implement cache key locking/mutexes (single-flight pattern) so only one request updates the cache while others wait. Add jitter to cache TTLs.
INC-0112,Cache stampede in fusionerp-payroll for metadata queries,"An eviction of high-frequency metadata cache keys in Redis occurred concurrently with a traffic spike. Thousands of pods hit the underlying database at once to re-fetch the metadata, locking tables.",P1,"[{""event"": ""System Alert - Anomalous Metrics Detected"", ""timestamp"": ""2021-05-09 13:15:00""}, {""event"": ""On-call Engineer Acknowledged Alert"", ""timestamp"": ""2021-05-09 13:28:00""}, {""event"": ""Mitigation Applied - Increased pod count"", ""timestamp"": ""2021-05-09 14:43:00""}, {""event"": ""Incident Resolved - System metrics stabilized"", ""timestamp"": ""2021-05-09 15:18:00""}]",Applied mitigation at 14:43:00 by rolling back production deployment DEP-0233 or applying hotfix. Monitored CPU and error rates until they returned to baseline levels.,DEP-0233,PR-0118,ADR-0027,Implement cache key locking/mutexes (single-flight pattern) so only one request updates the cache while others wait. Add jitter to cache TTLs.
INC-0113,Message lag spike on Kafka partition for fusionerp-frontend,"A slow consumer thread due to synchronous downstream HTTP calls. As partition size grew, processing fell behind by over 50,000 messages, delaying order processing in NovaCommerce.",P1,"[{""event"": ""System Alert - Anomalous Metrics Detected"", ""timestamp"": ""2021-05-09 20:30:00""}, {""event"": ""On-call Engineer Acknowledged Alert"", ""timestamp"": ""2021-05-09 20:33:00""}, {""event"": ""Mitigation Applied - Increased pod count"", ""timestamp"": ""2021-05-09 21:14:00""}, {""event"": ""Incident Resolved - System metrics stabilized"", ""timestamp"": ""2021-05-09 23:50:00""}]",Applied mitigation at 21:14:00 by rolling back production deployment DEP-0237 or applying hotfix. Monitored CPU and error rates until they returned to baseline levels.,DEP-0237,PR-0125,ADR-0028,"Implement worker pool concurrency in consumer code, wrap calls in circuit breakers, and monitor consumer lag metrics to trigger auto-scaling."
INC-0114,Unoptimized query on novacommerce-cart database after release,A new feature did a sequential scan on a table containing 10M+ rows because the foreign key index was omitted in the migration script. CPU spiked to 100% and query latency went from 5ms to 8000ms.,P2,"[{""event"": ""System Alert - Anomalous Metrics Detected"", ""timestamp"": ""2021-05-09 22:12:00""}, {""event"": ""On-call Engineer Acknowledged Alert"", ""timestamp"": ""2021-05-09 22:27:00""}, {""event"": ""Mitigation Applied - Rolled back deployment"", ""timestamp"": ""2021-05-09 23:45:00""}, {""event"": ""Incident Resolved - System metrics stabilized"", ""timestamp"": ""2021-05-10 02:37:00""}]",Applied mitigation at 23:45:00 by rolling back production deployment DEP-0235 or applying hotfix. Monitored CPU and error rates until they returned to baseline levels.,DEP-0235,PR-0124,ADR-0031,Require explain-plan checks in CI/CD pipelines for any new migration files. Enforce indexing guidelines for foreign keys.
INC-0115,Routing loop in Istio service mesh for cloudsync-daemon,A misconfigured VirtualService manifest in Terraform caused traffic to cycle between the canary deployment and the main service. Latency spiked and error rates reached 100% due to maximum hop recursion.,P0,"[{""event"": ""System Alert - Anomalous Metrics Detected"", ""timestamp"": ""2021-05-10 09:09:00""}, {""event"": ""On-call Engineer Acknowledged Alert"", ""timestamp"": ""2021-05-10 09:18:00""}, {""event"": ""Mitigation Applied - Rolled back deployment"", ""timestamp"": ""2021-05-10 10:21:00""}, {""event"": ""Incident Resolved - System metrics stabilized"", ""timestamp"": ""2021-05-10 13:26:00""}]",Applied mitigation at 10:21:00 by rolling back production deployment DEP-0241 or applying hotfix. Monitored CPU and error rates until they returned to baseline levels.,DEP-0241,PR-0122,ADR-0032,Add deployment linting checks for mesh configurations. Implement dry-run verification steps in CI/CD pipeline before applying mesh routes.
INC-0116,Out of memory (OOM) crash in insightcrm-analytics pod during batch processing,A memory leak in the Go/Python worker loop processing batch uploads. The worker accumulated pointers in a global slice and did not trigger garbage collection timely. Pod reached K8s limit (2Gi) and got OOMKilled.,P1,"[{""event"": ""System Alert - Anomalous Metrics Detected"", ""timestamp"": ""2021-05-11 10:26:00""}, {""event"": ""On-call Engineer Acknowledged Alert"", ""timestamp"": ""2021-05-11 10:28:00""}, {""event"": ""Mitigation Applied - Flushed cache"", ""timestamp"": ""2021-05-11 11:25:00""}, {""event"": ""Incident Resolved - System metrics stabilized"", ""timestamp"": ""2021-05-11 14:59:00""}]",Applied mitigation at 11:25:00 by rolling back production deployment DEP-0243 or applying hotfix. Monitored CPU and error rates until they returned to baseline levels.,DEP-0243,PR-0130,ADR-0029,"Profile heap usage during batch tasks, reuse object buffers, and add strict memory limits to K8s configs with warnings at 80% usage."
INC-0117,Message lag spike on Kafka partition for novacommerce-cart,"A slow consumer thread due to synchronous downstream HTTP calls. As partition size grew, processing fell behind by over 50,000 messages, delaying order processing in NovaCommerce.",P1,"[{""event"": ""System Alert - Anomalous Metrics Detected"", ""timestamp"": ""2021-05-12 05:56:00""}, {""event"": ""On-call Engineer Acknowledged Alert"", ""timestamp"": ""2021-05-12 06:01:00""}, {""event"": ""Mitigation Applied - Rolled back deployment"", ""timestamp"": ""2021-05-12 06:30:00""}, {""event"": ""Incident Resolved - System metrics stabilized"", ""timestamp"": ""2021-05-12 09:19:00""}]",Applied mitigation at 06:30:00 by rolling back production deployment DEP-0245 or applying hotfix. Monitored CPU and error rates until they returned to baseline levels.,DEP-0245,PR-0121,ADR-0033,"Implement worker pool concurrency in consumer code, wrap calls in circuit breakers, and monitor consumer lag metrics to trigger auto-scaling."
INC-0118,Out of memory (OOM) crash in platform-logging pod during batch processing,A memory leak in the Go/Python worker loop processing batch uploads. The worker accumulated pointers in a global slice and did not trigger garbage collection timely. Pod reached K8s limit (512Mi) and got OOMKilled.,P1,"[{""event"": ""System Alert - Anomalous Metrics Detected"", ""timestamp"": ""2021-05-13 05:01:00""}, {""event"": ""On-call Engineer Acknowledged Alert"", ""timestamp"": ""2021-05-13 05:15:00""}, {""event"": ""Mitigation Applied - Increased pod count"", ""timestamp"": ""2021-05-13 06:32:00""}, {""event"": ""Incident Resolved - System metrics stabilized"", ""timestamp"": ""2021-05-13 09:37:00""}]",Applied mitigation at 06:32:00 by rolling back production deployment DEP-0247 or applying hotfix. Monitored CPU and error rates until they returned to baseline levels.,DEP-0247,PR-0102,ADR-0023,"Profile heap usage during batch tasks, reuse object buffers, and add strict memory limits to K8s configs with warnings at 80% usage."
INC-0119,Database connection pool exhaustion on fusionerp-frontend,"The service connection pool size was set to 20, but under heavy concurrent traffic, queries blocked on database, causing requests to queue up and exhaust all worker threads. The health check endpoint also blocked, leading Kubernetes to restart pods in a loop.",P0,"[{""event"": ""System Alert - Anomalous Metrics Detected"", ""timestamp"": ""2021-05-14 09:21:00""}, {""event"": ""On-call Engineer Acknowledged Alert"", ""timestamp"": ""2021-05-14 09:35:00""}, {""event"": ""Mitigation Applied - Rolled back deployment"", ""timestamp"": ""2021-05-14 10:31:00""}, {""event"": ""Incident Resolved - System metrics stabilized"", ""timestamp"": ""2021-05-14 14:21:00""}]",Applied mitigation at 10:31:00 by rolling back production deployment DEP-0249 or applying hotfix. Monitored CPU and error rates until they returned to baseline levels.,DEP-0249,PR-0123,ADR-0028,"We must decoupled health check endpoints from primary database checks (make them shallow), increase connection pool limits, and implement rate limiting on expensive endpoints."
INC-0120,Out of memory (OOM) crash in visionai-training pod during batch processing,A memory leak in the Go/Python worker loop processing batch uploads. The worker accumulated pointers in a global slice and did not trigger garbage collection timely. Pod reached K8s limit (512Mi) and got OOMKilled.,P1,"[{""event"": ""System Alert - Anomalous Metrics Detected"", ""timestamp"": ""2021-05-15 15:09:00""}, {""event"": ""On-call Engineer Acknowledged Alert"", ""timestamp"": ""2021-05-15 15:20:00""}, {""event"": ""Mitigation Applied - Rolled back deployment"", ""timestamp"": ""2021-05-15 15:36:00""}, {""event"": ""Incident Resolved - System metrics stabilized"", ""timestamp"": ""2021-05-15 17:50:00""}]",Applied mitigation at 15:36:00 by rolling back production deployment DEP-0251 or applying hotfix. Monitored CPU and error rates until they returned to baseline levels.,DEP-0251,PR-0104,ADR-0024,"Profile heap usage during batch tasks, reuse object buffers, and add strict memory limits to K8s configs with warnings at 80% usage."
INC-0121,Cache stampede in insightcrm-analytics for metadata queries,"An eviction of high-frequency metadata cache keys in Redis occurred concurrently with a traffic spike. Thousands of pods hit the underlying database at once to re-fetch the metadata, locking tables.",P1,"[{""event"": ""System Alert - Anomalous Metrics Detected"", ""timestamp"": ""2021-05-19 06:33:00""}, {""event"": ""On-call Engineer Acknowledged Alert"", ""timestamp"": ""2021-05-19 06:45:00""}, {""event"": ""Mitigation Applied - Rolled back deployment"", ""timestamp"": ""2021-05-19 07:20:00""}, {""event"": ""Incident Resolved - System metrics stabilized"", ""timestamp"": ""2021-05-19 09:48:00""}]",Applied mitigation at 07:20:00 by rolling back production deployment DEP-0256 or applying hotfix. Monitored CPU and error rates until they returned to baseline levels.,DEP-0256,PR-0129,ADR-0030,Implement cache key locking/mutexes (single-flight pattern) so only one request updates the cache while others wait. Add jitter to cache TTLs.
INC-0122,Routing loop in Istio service mesh for atlaspay-portal,A misconfigured VirtualService manifest in Terraform caused traffic to cycle between the canary deployment and the main service. Latency spiked and error rates reached 100% due to maximum hop recursion.,P0,"[{""event"": ""System Alert - Anomalous Metrics Detected"", ""timestamp"": ""2021-05-19 09:28:00""}, {""event"": ""On-call Engineer Acknowledged Alert"", ""timestamp"": ""2021-05-19 09:40:00""}, {""event"": ""Mitigation Applied - Rolled back deployment"", ""timestamp"": ""2021-05-19 10:41:00""}, {""event"": ""Incident Resolved - System metrics stabilized"", ""timestamp"": ""2021-05-19 11:21:00""}]",Applied mitigation at 10:41:00 by rolling back production deployment DEP-0258 or applying hotfix. Monitored CPU and error rates until they returned to baseline levels.,DEP-0258,PR-0132,ADR-0034,Add deployment linting checks for mesh configurations. Implement dry-run verification steps in CI/CD pipeline before applying mesh routes.
INC-0123,Unoptimized query on novacommerce-api database after release,A new feature did a sequential scan on a table containing 10M+ rows because the foreign key index was omitted in the migration script. CPU spiked to 100% and query latency went from 5ms to 8000ms.,P2,"[{""event"": ""System Alert - Anomalous Metrics Detected"", ""timestamp"": ""2021-05-20 00:23:00""}, {""event"": ""On-call Engineer Acknowledged Alert"", ""timestamp"": ""2021-05-20 00:37:00""}, {""event"": ""Mitigation Applied - Flushed cache"", ""timestamp"": ""2021-05-20 01:05:00""}, {""event"": ""Incident Resolved - System metrics stabilized"", ""timestamp"": ""2021-05-20 04:13:00""}]",Applied mitigation at 01:05:00 by rolling back production deployment DEP-0253 or applying hotfix. Monitored CPU and error rates until they returned to baseline levels.,DEP-0253,PR-0109,ADR-0025,Require explain-plan checks in CI/CD pipelines for any new migration files. Enforce indexing guidelines for foreign keys.
INC-0124,Out of memory (OOM) crash in cloudsync-daemon pod during batch processing,A memory leak in the Go/Python worker loop processing batch uploads. The worker accumulated pointers in a global slice and did not trigger garbage collection timely. Pod reached K8s limit (1Gi) and got OOMKilled.,P1,"[{""event"": ""System Alert - Anomalous Metrics Detected"", ""timestamp"": ""2021-05-20 16:16:00""}, {""event"": ""On-call Engineer Acknowledged Alert"", ""timestamp"": ""2021-05-20 16:20:00""}, {""event"": ""Mitigation Applied - Increased pod count"", ""timestamp"": ""2021-05-20 17:46:00""}, {""event"": ""Incident Resolved - System metrics stabilized"", ""timestamp"": ""2021-05-20 18:40:00""}]",Applied mitigation at 17:46:00 by rolling back production deployment DEP-0260 or applying hotfix. Monitored CPU and error rates until they returned to baseline levels.,DEP-0260,PR-0137,ADR-0032,"Profile heap usage during batch tasks, reuse object buffers, and add strict memory limits to K8s configs with warnings at 80% usage."
INC-0125,Routing loop in Istio service mesh for novacommerce-cart,A misconfigured VirtualService manifest in Terraform caused traffic to cycle between the canary deployment and the main service. Latency spiked and error rates reached 100% due to maximum hop recursion.,P0,"[{""event"": ""System Alert - Anomalous Metrics Detected"", ""timestamp"": ""2021-05-21 04:08:00""}, {""event"": ""On-call Engineer Acknowledged Alert"", ""timestamp"": ""2021-05-21 04:10:00""}, {""event"": ""Mitigation Applied - Flushed cache"", ""timestamp"": ""2021-05-21 05:36:00""}, {""event"": ""Incident Resolved - System metrics stabilized"", ""timestamp"": ""2021-05-21 08:43:00""}]",Applied mitigation at 05:36:00 by rolling back production deployment DEP-0267 or applying hotfix. Monitored CPU and error rates until they returned to baseline levels.,DEP-0267,PR-0140,ADR-0033,Add deployment linting checks for mesh configurations. Implement dry-run verification steps in CI/CD pipeline before applying mesh routes.
INC-0126,Unoptimized query on atlaspay-ledger database after release,A new feature did a sequential scan on a table containing 10M+ rows because the foreign key index was omitted in the migration script. CPU spiked to 100% and query latency went from 5ms to 8000ms.,P2,"[{""event"": ""System Alert - Anomalous Metrics Detected"", ""timestamp"": ""2021-05-21 09:23:00""}, {""event"": ""On-call Engineer Acknowledged Alert"", ""timestamp"": ""2021-05-21 09:34:00""}, {""event"": ""Mitigation Applied - Flushed cache"", ""timestamp"": ""2021-05-21 10:45:00""}, {""event"": ""Incident Resolved - System metrics stabilized"", ""timestamp"": ""2021-05-21 12:48:00""}]",Applied mitigation at 10:45:00 by rolling back production deployment DEP-0262 or applying hotfix. Monitored CPU and error rates until they returned to baseline levels.,DEP-0262,PR-0113,ADR-0026,Require explain-plan checks in CI/CD pipelines for any new migration files. Enforce indexing guidelines for foreign keys.
INC-0127,Cache stampede in novacommerce-cart for metadata queries,"An eviction of high-frequency metadata cache keys in Redis occurred concurrently with a traffic spike. Thousands of pods hit the underlying database at once to re-fetch the metadata, locking tables.",P1,"[{""event"": ""System Alert - Anomalous Metrics Detected"", ""timestamp"": ""2021-05-22 01:47:00""}, {""event"": ""On-call Engineer Acknowledged Alert"", ""timestamp"": ""2021-05-22 01:59:00""}, {""event"": ""Mitigation Applied - Flushed cache"", ""timestamp"": ""2021-05-22 02:29:00""}, {""event"": ""Incident Resolved - System metrics stabilized"", ""timestamp"": ""2021-05-22 04:31:00""}]",Applied mitigation at 02:29:00 by rolling back production deployment DEP-0265 or applying hotfix. Monitored CPU and error rates until they returned to baseline levels.,DEP-0265,PR-0138,ADR-0033,Implement cache key locking/mutexes (single-flight pattern) so only one request updates the cache while others wait. Add jitter to cache TTLs.
INC-0128,Out of memory (OOM) crash in fusionerp-payroll pod during batch processing,A memory leak in the Go/Python worker loop processing batch uploads. The worker accumulated pointers in a global slice and did not trigger garbage collection timely. Pod reached K8s limit (2Gi) and got OOMKilled.,P1,"[{""event"": ""System Alert - Anomalous Metrics Detected"", ""timestamp"": ""2021-05-23 07:47:00""}, {""event"": ""On-call Engineer Acknowledged Alert"", ""timestamp"": ""2021-05-23 07:50:00""}, {""event"": ""Mitigation Applied - Rolled back deployment"", ""timestamp"": ""2021-05-23 08:58:00""}, {""event"": ""Incident Resolved - System metrics stabilized"", ""timestamp"": ""2021-05-23 10:44:00""}]",Applied mitigation at 08:58:00 by rolling back production deployment DEP-0269 or applying hotfix. Monitored CPU and error rates until they returned to baseline levels.,DEP-0269,PR-0115,ADR-0027,"Profile heap usage during batch tasks, reuse object buffers, and add strict memory limits to K8s configs with warnings at 80% usage."
INC-0129,Message lag spike on Kafka partition for atlaspay-ledger,"A slow consumer thread due to synchronous downstream HTTP calls. As partition size grew, processing fell behind by over 50,000 messages, delaying order processing in NovaCommerce.",P1,"[{""event"": ""System Alert - Anomalous Metrics Detected"", ""timestamp"": ""2021-05-23 14:40:00""}, {""event"": ""On-call Engineer Acknowledged Alert"", ""timestamp"": ""2021-05-23 14:52:00""}, {""event"": ""Mitigation Applied - Rolled back deployment"", ""timestamp"": ""2021-05-23 16:22:00""}, {""event"": ""Incident Resolved - System metrics stabilized"", ""timestamp"": ""2021-05-23 19:07:00""}]",Applied mitigation at 16:22:00 by rolling back production deployment DEP-0271 or applying hotfix. Monitored CPU and error rates until they returned to baseline levels.,DEP-0271,PR-0136,ADR-0036,"Implement worker pool concurrency in consumer code, wrap calls in circuit breakers, and monitor consumer lag metrics to trigger auto-scaling."
INC-0130,Unoptimized query on novacommerce-api database after release,A new feature did a sequential scan on a table containing 10M+ rows because the foreign key index was omitted in the migration script. CPU spiked to 100% and query latency went from 5ms to 8000ms.,P2,"[{""event"": ""System Alert - Anomalous Metrics Detected"", ""timestamp"": ""2021-05-23 14:53:00""}, {""event"": ""On-call Engineer Acknowledged Alert"", ""timestamp"": ""2021-05-23 15:01:00""}, {""event"": ""Mitigation Applied - Rolled back deployment"", ""timestamp"": ""2021-05-23 16:15:00""}, {""event"": ""Incident Resolved - System metrics stabilized"", ""timestamp"": ""2021-05-23 16:45:00""}]",Applied mitigation at 16:15:00 by rolling back production deployment DEP-0273 or applying hotfix. Monitored CPU and error rates until they returned to baseline levels.,DEP-0273,PR-0141,,Require explain-plan checks in CI/CD pipelines for any new migration files. Enforce indexing guidelines for foreign keys.
INC-0131,Unoptimized query on novacommerce-cart database after release,A new feature did a sequential scan on a table containing 10M+ rows because the foreign key index was omitted in the migration script. CPU spiked to 100% and query latency went from 5ms to 8000ms.,P2,"[{""event"": ""System Alert - Anomalous Metrics Detected"", ""timestamp"": ""2021-05-26 10:46:00""}, {""event"": ""On-call Engineer Acknowledged Alert"", ""timestamp"": ""2021-05-26 11:01:00""}, {""event"": ""Mitigation Applied - Flushed cache"", ""timestamp"": ""2021-05-26 11:29:00""}, {""event"": ""Incident Resolved - System metrics stabilized"", ""timestamp"": ""2021-05-26 15:27:00""}]",Applied mitigation at 11:29:00 by rolling back production deployment DEP-0276 or applying hotfix. Monitored CPU and error rates until they returned to baseline levels.,DEP-0276,PR-0135,ADR-0031,Require explain-plan checks in CI/CD pipelines for any new migration files. Enforce indexing guidelines for foreign keys.
INC-0132,Unoptimized query on atlaspay-portal database after release,A new feature did a sequential scan on a table containing 10M+ rows because the foreign key index was omitted in the migration script. CPU spiked to 100% and query latency went from 5ms to 8000ms.,P2,"[{""event"": ""System Alert - Anomalous Metrics Detected"", ""timestamp"": ""2021-05-27 00:24:00""}, {""event"": ""On-call Engineer Acknowledged Alert"", ""timestamp"": ""2021-05-27 00:38:00""}, {""event"": ""Mitigation Applied - Flushed cache"", ""timestamp"": ""2021-05-27 01:10:00""}, {""event"": ""Incident Resolved - System metrics stabilized"", ""timestamp"": ""2021-05-27 04:56:00""}]",Applied mitigation at 01:10:00 by rolling back production deployment DEP-0278 or applying hotfix. Monitored CPU and error rates until they returned to baseline levels.,DEP-0278,PR-0144,ADR-0034,Require explain-plan checks in CI/CD pipelines for any new migration files. Enforce indexing guidelines for foreign keys.
INC-0133,Message lag spike on Kafka partition for fusionerp-payroll,"A slow consumer thread due to synchronous downstream HTTP calls. As partition size grew, processing fell behind by over 50,000 messages, delaying order processing in NovaCommerce.",P1,"[{""event"": ""System Alert - Anomalous Metrics Detected"", ""timestamp"": ""2021-05-27 02:20:00""}, {""event"": ""On-call Engineer Acknowledged Alert"", ""timestamp"": ""2021-05-27 02:33:00""}, {""event"": ""Mitigation Applied - Rolled back deployment"", ""timestamp"": ""2021-05-27 03:33:00""}, {""event"": ""Incident Resolved - System metrics stabilized"", ""timestamp"": ""2021-05-27 06:08:00""}]",Applied mitigation at 03:33:00 by rolling back production deployment DEP-0280 or applying hotfix. Monitored CPU and error rates until they returned to baseline levels.,DEP-0280,PR-0139,ADR-0037,"Implement worker pool concurrency in consumer code, wrap calls in circuit breakers, and monitor consumer lag metrics to trigger auto-scaling."
INC-0134,Unoptimized query on fusionerp-frontend database after release,A new feature did a sequential scan on a table containing 10M+ rows because the foreign key index was omitted in the migration script. CPU spiked to 100% and query latency went from 5ms to 8000ms.,P2,"[{""event"": ""System Alert - Anomalous Metrics Detected"", ""timestamp"": ""2021-05-29 22:26:00""}, {""event"": ""On-call Engineer Acknowledged Alert"", ""timestamp"": ""2021-05-29 22:36:00""}, {""event"": ""Mitigation Applied - Rolled back deployment"", ""timestamp"": ""2021-05-29 23:49:00""}, {""event"": ""Incident Resolved - System metrics stabilized"", ""timestamp"": ""2021-05-30 03:49:00""}]",Applied mitigation at 23:49:00 by rolling back production deployment DEP-0282 or applying hotfix. Monitored CPU and error rates until they returned to baseline levels.,DEP-0282,PR-0120,ADR-0028,Require explain-plan checks in CI/CD pipelines for any new migration files. Enforce indexing guidelines for foreign keys.
INC-0135,Message lag spike on Kafka partition for atlaspay-ledger,"A slow consumer thread due to synchronous downstream HTTP calls. As partition size grew, processing fell behind by over 50,000 messages, delaying order processing in NovaCommerce.",P1,"[{""event"": ""System Alert - Anomalous Metrics Detected"", ""timestamp"": ""2021-05-29 22:44:00""}, {""event"": ""On-call Engineer Acknowledged Alert"", ""timestamp"": ""2021-05-29 22:46:00""}, {""event"": ""Mitigation Applied - Flushed cache"", ""timestamp"": ""2021-05-29 23:57:00""}, {""event"": ""Incident Resolved - System metrics stabilized"", ""timestamp"": ""2021-05-30 01:54:00""}]",Applied mitigation at 23:57:00 by rolling back production deployment DEP-0284 or applying hotfix. Monitored CPU and error rates until they returned to baseline levels.,DEP-0284,PR-0148,ADR-0036,"Implement worker pool concurrency in consumer code, wrap calls in circuit breakers, and monitor consumer lag metrics to trigger auto-scaling."
INC-0136,Out of memory (OOM) crash in atlaspay-portal pod during batch processing,A memory leak in the Go/Python worker loop processing batch uploads. The worker accumulated pointers in a global slice and did not trigger garbage collection timely. Pod reached K8s limit (2Gi) and got OOMKilled.,P1,"[{""event"": ""System Alert - Anomalous Metrics Detected"", ""timestamp"": ""2021-06-01 09:35:00""}, {""event"": ""On-call Engineer Acknowledged Alert"", ""timestamp"": ""2021-06-01 09:45:00""}, {""event"": ""Mitigation Applied - Rolled back deployment"", ""timestamp"": ""2021-06-01 10:52:00""}, {""event"": ""Incident Resolved - System metrics stabilized"", ""timestamp"": ""2021-06-01 14:08:00""}]",Applied mitigation at 10:52:00 by rolling back production deployment DEP-0287 or applying hotfix. Monitored CPU and error rates until they returned to baseline levels.,DEP-0287,PR-0143,ADR-0034,"Profile heap usage during batch tasks, reuse object buffers, and add strict memory limits to K8s configs with warnings at 80% usage."
INC-0137,Routing loop in Istio service mesh for insightcrm-analytics,A misconfigured VirtualService manifest in Terraform caused traffic to cycle between the canary deployment and the main service. Latency spiked and error rates reached 100% due to maximum hop recursion.,P0,"[{""event"": ""System Alert - Anomalous Metrics Detected"", ""timestamp"": ""2021-06-02 04:13:00""}, {""event"": ""On-call Engineer Acknowledged Alert"", ""timestamp"": ""2021-06-02 04:23:00""}, {""event"": ""Mitigation Applied - Flushed cache"", ""timestamp"": ""2021-06-02 05:10:00""}, {""event"": ""Incident Resolved - System metrics stabilized"", ""timestamp"": ""2021-06-02 06:05:00""}]",Applied mitigation at 05:10:00 by rolling back production deployment DEP-0289 or applying hotfix. Monitored CPU and error rates until they returned to baseline levels.,DEP-0289,PR-0127,ADR-0029,Add deployment linting checks for mesh configurations. Implement dry-run verification steps in CI/CD pipeline before applying mesh routes.
INC-0138,Cache stampede in insightcrm-analytics for metadata queries,"An eviction of high-frequency metadata cache keys in Redis occurred concurrently with a traffic spike. Thousands of pods hit the underlying database at once to re-fetch the metadata, locking tables.",P1,"[{""event"": ""System Alert - Anomalous Metrics Detected"", ""timestamp"": ""2021-06-05 03:25:00""}, {""event"": ""On-call Engineer Acknowledged Alert"", ""timestamp"": ""2021-06-05 03:38:00""}, {""event"": ""Mitigation Applied - Rolled back deployment"", ""timestamp"": ""2021-06-05 04:19:00""}, {""event"": ""Incident Resolved - System metrics stabilized"", ""timestamp"": ""2021-06-05 05:30:00""}]",Applied mitigation at 04:19:00 by rolling back production deployment DEP-0291 or applying hotfix. Monitored CPU and error rates until they returned to baseline levels.,DEP-0291,PR-0128,ADR-0030,Implement cache key locking/mutexes (single-flight pattern) so only one request updates the cache while others wait. Add jitter to cache TTLs.
INC-0139,Database connection pool exhaustion on novacommerce-cart,"The service connection pool size was set to 20, but under heavy concurrent traffic, queries blocked on database, causing requests to queue up and exhaust all worker threads. The health check endpoint also blocked, leading Kubernetes to restart pods in a loop.",P0,"[{""event"": ""System Alert - Anomalous Metrics Detected"", ""timestamp"": ""2021-06-08 08:05:00""}, {""event"": ""On-call Engineer Acknowledged Alert"", ""timestamp"": ""2021-06-08 08:13:00""}, {""event"": ""Mitigation Applied - Increased pod count"", ""timestamp"": ""2021-06-08 08:50:00""}, {""event"": ""Incident Resolved - System metrics stabilized"", ""timestamp"": ""2021-06-08 09:25:00""}]",Applied mitigation at 08:50:00 by rolling back production deployment DEP-0293 or applying hotfix. Monitored CPU and error rates until they returned to baseline levels.,DEP-0293,PR-0131,ADR-0031,"We must decoupled health check endpoints from primary database checks (make them shallow), increase connection pool limits, and implement rate limiting on expensive endpoints."
INC-0140,Message lag spike on Kafka partition for fusionerp-payroll,"A slow consumer thread due to synchronous downstream HTTP calls. As partition size grew, processing fell behind by over 50,000 messages, delaying order processing in NovaCommerce.",P1,"[{""event"": ""System Alert - Anomalous Metrics Detected"", ""timestamp"": ""2021-06-08 11:23:00""}, {""event"": ""On-call Engineer Acknowledged Alert"", ""timestamp"": ""2021-06-08 11:27:00""}, {""event"": ""Mitigation Applied - Increased pod count"", ""timestamp"": ""2021-06-08 12:46:00""}, {""event"": ""Incident Resolved - System metrics stabilized"", ""timestamp"": ""2021-06-08 14:17:00""}]",Applied mitigation at 12:46:00 by rolling back production deployment DEP-0297 or applying hotfix. Monitored CPU and error rates until they returned to baseline levels.,DEP-0297,PR-0151,ADR-0037,"Implement worker pool concurrency in consumer code, wrap calls in circuit breakers, and monitor consumer lag metrics to trigger auto-scaling."
INC-0141,Database connection pool exhaustion on cloudsync-storage,"The service connection pool size was set to 20, but under heavy concurrent traffic, queries blocked on Cassandra, causing requests to queue up and exhaust all worker threads. The health check endpoint also blocked, leading Kubernetes to restart pods in a loop.",P0,"[{""event"": ""System Alert - Anomalous Metrics Detected"", ""timestamp"": ""2021-06-08 19:39:00""}, {""event"": ""On-call Engineer Acknowledged Alert"", ""timestamp"": ""2021-06-08 19:45:00""}, {""event"": ""Mitigation Applied - Rolled back deployment"", ""timestamp"": ""2021-06-08 20:10:00""}, {""event"": ""Incident Resolved - System metrics stabilized"", ""timestamp"": ""2021-06-08 23:45:00""}]",Applied mitigation at 20:10:00 by rolling back production deployment DEP-0295 or applying hotfix. Monitored CPU and error rates until they returned to baseline levels.,DEP-0295,PR-0147,ADR-0035,"We must decoupled health check endpoints from primary database checks (make them shallow), increase connection pool limits, and implement rate limiting on expensive endpoints."
INC-0142,Cache stampede in cloudsync-daemon for metadata queries,"An eviction of high-frequency metadata cache keys in Redis occurred concurrently with a traffic spike. Thousands of pods hit the underlying database at once to re-fetch the metadata, locking tables.",P1,"[{""event"": ""System Alert - Anomalous Metrics Detected"", ""timestamp"": ""2021-06-09 11:59:00""}, {""event"": ""On-call Engineer Acknowledged Alert"", ""timestamp"": ""2021-06-09 12:11:00""}, {""event"": ""Mitigation Applied - Increased pod count"", ""timestamp"": ""2021-06-09 12:48:00""}, {""event"": ""Incident Resolved - System metrics stabilized"", ""timestamp"": ""2021-06-09 15:50:00""}]",Applied mitigation at 12:48:00 by rolling back production deployment DEP-0299 or applying hotfix. Monitored CPU and error rates until they returned to baseline levels.,DEP-0299,PR-0133,ADR-0032,Implement cache key locking/mutexes (single-flight pattern) so only one request updates the cache while others wait. Add jitter to cache TTLs.
INC-0143,Cache stampede in fusionerp-core for metadata queries,"An eviction of high-frequency metadata cache keys in Redis occurred concurrently with a traffic spike. Thousands of pods hit the underlying database at once to re-fetch the metadata, locking tables.",P1,"[{""event"": ""System Alert - Anomalous Metrics Detected"", ""timestamp"": ""2021-06-10 05:40:00""}, {""event"": ""On-call Engineer Acknowledged Alert"", ""timestamp"": ""2021-06-10 05:50:00""}, {""event"": ""Mitigation Applied - Increased pod count"", ""timestamp"": ""2021-06-10 06:05:00""}, {""event"": ""Incident Resolved - System metrics stabilized"", ""timestamp"": ""2021-06-10 07:20:00""}]",Applied mitigation at 06:05:00 by rolling back production deployment DEP-0302 or applying hotfix. Monitored CPU and error rates until they returned to baseline levels.,DEP-0302,PR-0155,,Implement cache key locking/mutexes (single-flight pattern) so only one request updates the cache while others wait. Add jitter to cache TTLs.
INC-0144,Out of memory (OOM) crash in novacommerce-cart pod during batch processing,A memory leak in the Go/Python worker loop processing batch uploads. The worker accumulated pointers in a global slice and did not trigger garbage collection timely. Pod reached K8s limit (512Mi) and got OOMKilled.,P1,"[{""event"": ""System Alert - Anomalous Metrics Detected"", ""timestamp"": ""2021-06-11 22:05:00""}, {""event"": ""On-call Engineer Acknowledged Alert"", ""timestamp"": ""2021-06-11 22:17:00""}, {""event"": ""Mitigation Applied - Flushed cache"", ""timestamp"": ""2021-06-11 22:51:00""}, {""event"": ""Incident Resolved - System metrics stabilized"", ""timestamp"": ""2021-06-12 02:37:00""}]",Applied mitigation at 22:51:00 by rolling back production deployment DEP-0304 or applying hotfix. Monitored CPU and error rates until they returned to baseline levels.,DEP-0304,PR-0134,ADR-0033,"Profile heap usage during batch tasks, reuse object buffers, and add strict memory limits to K8s configs with warnings at 80% usage."
INC-0145,Database connection pool exhaustion on fusionerp-core,"The service connection pool size was set to 20, but under heavy concurrent traffic, queries blocked on Oracle, causing requests to queue up and exhaust all worker threads. The health check endpoint also blocked, leading Kubernetes to restart pods in a loop.",P0,"[{""event"": ""System Alert - Anomalous Metrics Detected"", ""timestamp"": ""2021-06-15 13:33:00""}, {""event"": ""On-call Engineer Acknowledged Alert"", ""timestamp"": ""2021-06-15 13:40:00""}, {""event"": ""Mitigation Applied - Rolled back deployment"", ""timestamp"": ""2021-06-15 14:08:00""}, {""event"": ""Incident Resolved - System metrics stabilized"", ""timestamp"": ""2021-06-15 17:18:00""}]",Applied mitigation at 14:08:00 by rolling back production deployment DEP-0306 or applying hotfix. Monitored CPU and error rates until they returned to baseline levels.,DEP-0306,PR-0158,,"We must decoupled health check endpoints from primary database checks (make them shallow), increase connection pool limits, and implement rate limiting on expensive endpoints."
INC-0146,Cache stampede in atlaspay-portal for metadata queries,"An eviction of high-frequency metadata cache keys in Redis occurred concurrently with a traffic spike. Thousands of pods hit the underlying database at once to re-fetch the metadata, locking tables.",P1,"[{""event"": ""System Alert - Anomalous Metrics Detected"", ""timestamp"": ""2021-06-18 16:10:00""}, {""event"": ""On-call Engineer Acknowledged Alert"", ""timestamp"": ""2021-06-18 16:17:00""}, {""event"": ""Mitigation Applied - Flushed cache"", ""timestamp"": ""2021-06-18 17:39:00""}, {""event"": ""Incident Resolved - System metrics stabilized"", ""timestamp"": ""2021-06-18 18:30:00""}]",Applied mitigation at 17:39:00 by rolling back production deployment DEP-0308 or applying hotfix. Monitored CPU and error rates until they returned to baseline levels.,DEP-0308,PR-0142,ADR-0034,Implement cache key locking/mutexes (single-flight pattern) so only one request updates the cache while others wait. Add jitter to cache TTLs.
INC-0147,Routing loop in Istio service mesh for visionai-inference,A misconfigured VirtualService manifest in Terraform caused traffic to cycle between the canary deployment and the main service. Latency spiked and error rates reached 100% due to maximum hop recursion.,P0,"[{""event"": ""System Alert - Anomalous Metrics Detected"", ""timestamp"": ""2021-06-19 14:39:00""}, {""event"": ""On-call Engineer Acknowledged Alert"", ""timestamp"": ""2021-06-19 14:50:00""}, {""event"": ""Mitigation Applied - Increased pod count"", ""timestamp"": ""2021-06-19 15:28:00""}, {""event"": ""Incident Resolved - System metrics stabilized"", ""timestamp"": ""2021-06-19 17:26:00""}]",Applied mitigation at 15:28:00 by rolling back production deployment DEP-0310 or applying hotfix. Monitored CPU and error rates until they returned to baseline levels.,DEP-0310,PR-0153,,Add deployment linting checks for mesh configurations. Implement dry-run verification steps in CI/CD pipeline before applying mesh routes.
INC-0148,Unoptimized query on insightcrm-api database after release,A new feature did a sequential scan on a table containing 10M+ rows because the foreign key index was omitted in the migration script. CPU spiked to 100% and query latency went from 5ms to 8000ms.,P2,"[{""event"": ""System Alert - Anomalous Metrics Detected"", ""timestamp"": ""2021-06-20 13:07:00""}, {""event"": ""On-call Engineer Acknowledged Alert"", ""timestamp"": ""2021-06-20 13:12:00""}, {""event"": ""Mitigation Applied - Rolled back deployment"", ""timestamp"": ""2021-06-20 14:20:00""}, {""event"": ""Incident Resolved - System metrics stabilized"", ""timestamp"": ""2021-06-20 17:05:00""}]",Applied mitigation at 14:20:00 by rolling back production deployment DEP-0312 or applying hotfix. Monitored CPU and error rates until they returned to baseline levels.,DEP-0312,PR-0156,ADR-0038,Require explain-plan checks in CI/CD pipelines for any new migration files. Enforce indexing guidelines for foreign keys.
INC-0149,Cache stampede in platform-logging for metadata queries,"An eviction of high-frequency metadata cache keys in Redis occurred concurrently with a traffic spike. Thousands of pods hit the underlying database at once to re-fetch the metadata, locking tables.",P1,"[{""event"": ""System Alert - Anomalous Metrics Detected"", ""timestamp"": ""2021-06-21 01:21:00""}, {""event"": ""On-call Engineer Acknowledged Alert"", ""timestamp"": ""2021-06-21 01:28:00""}, {""event"": ""Mitigation Applied - Increased pod count"", ""timestamp"": ""2021-06-21 02:11:00""}, {""event"": ""Incident Resolved - System metrics stabilized"", ""timestamp"": ""2021-06-21 03:19:00""}]",Applied mitigation at 02:11:00 by rolling back production deployment DEP-0316 or applying hotfix. Monitored CPU and error rates until they returned to baseline levels.,DEP-0316,PR-0154,ADR-0039,Implement cache key locking/mutexes (single-flight pattern) so only one request updates the cache while others wait. Add jitter to cache TTLs.
INC-0150,Cache stampede in cloudsync-storage for metadata queries,"An eviction of high-frequency metadata cache keys in Redis occurred concurrently with a traffic spike. Thousands of pods hit the underlying database at once to re-fetch the metadata, locking tables.",P1,"[{""event"": ""System Alert - Anomalous Metrics Detected"", ""timestamp"": ""2021-06-21 07:40:00""}, {""event"": ""On-call Engineer Acknowledged Alert"", ""timestamp"": ""2021-06-21 07:42:00""}, {""event"": ""Mitigation Applied - Rolled back deployment"", ""timestamp"": ""2021-06-21 08:05:00""}, {""event"": ""Incident Resolved - System metrics stabilized"", ""timestamp"": ""2021-06-21 11:17:00""}]",Applied mitigation at 08:05:00 by rolling back production deployment DEP-0314 or applying hotfix. Monitored CPU and error rates until they returned to baseline levels.,DEP-0314,PR-0145,ADR-0035,Implement cache key locking/mutexes (single-flight pattern) so only one request updates the cache while others wait. Add jitter to cache TTLs.
INC-0151,Unoptimized query on atlaspay-ledger database after release,A new feature did a sequential scan on a table containing 10M+ rows because the foreign key index was omitted in the migration script. CPU spiked to 100% and query latency went from 5ms to 8000ms.,P2,"[{""event"": ""System Alert - Anomalous Metrics Detected"", ""timestamp"": ""2021-06-22 12:46:00""}, {""event"": ""On-call Engineer Acknowledged Alert"", ""timestamp"": ""2021-06-22 12:50:00""}, {""event"": ""Mitigation Applied - Increased pod count"", ""timestamp"": ""2021-06-22 13:36:00""}, {""event"": ""Incident Resolved - System metrics stabilized"", ""timestamp"": ""2021-06-22 14:10:00""}]",Applied mitigation at 13:36:00 by rolling back production deployment DEP-0318 or applying hotfix. Monitored CPU and error rates until they returned to baseline levels.,DEP-0318,PR-0146,ADR-0036,Require explain-plan checks in CI/CD pipelines for any new migration files. Enforce indexing guidelines for foreign keys.
INC-0152,Cache stampede in fusionerp-payroll for metadata queries,"An eviction of high-frequency metadata cache keys in Redis occurred concurrently with a traffic spike. Thousands of pods hit the underlying database at once to re-fetch the metadata, locking tables.",P1,"[{""event"": ""System Alert - Anomalous Metrics Detected"", ""timestamp"": ""2021-06-26 04:22:00""}, {""event"": ""On-call Engineer Acknowledged Alert"", ""timestamp"": ""2021-06-26 04:37:00""}, {""event"": ""Mitigation Applied - Rolled back deployment"", ""timestamp"": ""2021-06-26 06:03:00""}, {""event"": ""Incident Resolved - System metrics stabilized"", ""timestamp"": ""2021-06-26 09:21:00""}]",Applied mitigation at 06:03:00 by rolling back production deployment DEP-0320 or applying hotfix. Monitored CPU and error rates until they returned to baseline levels.,DEP-0320,PR-0149,ADR-0037,Implement cache key locking/mutexes (single-flight pattern) so only one request updates the cache while others wait. Add jitter to cache TTLs.
INC-0153,Database connection pool exhaustion on platform-logging,"The service connection pool size was set to 20, but under heavy concurrent traffic, queries blocked on database, causing requests to queue up and exhaust all worker threads. The health check endpoint also blocked, leading Kubernetes to restart pods in a loop.",P0,"[{""event"": ""System Alert - Anomalous Metrics Detected"", ""timestamp"": ""2021-06-27 01:51:00""}, {""event"": ""On-call Engineer Acknowledged Alert"", ""timestamp"": ""2021-06-27 01:55:00""}, {""event"": ""Mitigation Applied - Increased pod count"", ""timestamp"": ""2021-06-27 02:21:00""}, {""event"": ""Incident Resolved - System metrics stabilized"", ""timestamp"": ""2021-06-27 03:25:00""}]",Applied mitigation at 02:21:00 by rolling back production deployment DEP-0324 or applying hotfix. Monitored CPU and error rates until they returned to baseline levels.,DEP-0324,PR-0161,ADR-0039,"We must decoupled health check endpoints from primary database checks (make them shallow), increase connection pool limits, and implement rate limiting on expensive endpoints."
INC-0154,Message lag spike on Kafka partition for insightcrm-analytics,"A slow consumer thread due to synchronous downstream HTTP calls. As partition size grew, processing fell behind by over 50,000 messages, delaying order processing in NovaCommerce.",P1,"[{""event"": ""System Alert - Anomalous Metrics Detected"", ""timestamp"": ""2021-06-27 15:49:00""}, {""event"": ""On-call Engineer Acknowledged Alert"", ""timestamp"": ""2021-06-27 16:03:00""}, {""event"": ""Mitigation Applied - Rolled back deployment"", ""timestamp"": ""2021-06-27 17:11:00""}, {""event"": ""Incident Resolved - System metrics stabilized"", ""timestamp"": ""2021-06-27 19:10:00""}]",Applied mitigation at 17:11:00 by rolling back production deployment DEP-0322 or applying hotfix. Monitored CPU and error rates until they returned to baseline levels.,DEP-0322,PR-0157,ADR-0041,"Implement worker pool concurrency in consumer code, wrap calls in circuit breakers, and monitor consumer lag metrics to trigger auto-scaling."
INC-0155,Database connection pool exhaustion on visionai-inference,"The service connection pool size was set to 20, but under heavy concurrent traffic, queries blocked on database, causing requests to queue up and exhaust all worker threads. The health check endpoint also blocked, leading Kubernetes to restart pods in a loop.",P0,"[{""event"": ""System Alert - Anomalous Metrics Detected"", ""timestamp"": ""2021-07-04 21:26:00""}, {""event"": ""On-call Engineer Acknowledged Alert"", ""timestamp"": ""2021-07-04 21:28:00""}, {""event"": ""Mitigation Applied - Flushed cache"", ""timestamp"": ""2021-07-04 22:39:00""}, {""event"": ""Incident Resolved - System metrics stabilized"", ""timestamp"": ""2021-07-05 02:34:00""}]",Applied mitigation at 22:39:00 by rolling back production deployment DEP-0326 or applying hotfix. Monitored CPU and error rates until they returned to baseline levels.,DEP-0326,PR-0159,,"We must decoupled health check endpoints from primary database checks (make them shallow), increase connection pool limits, and implement rate limiting on expensive endpoints."
INC-0156,Out of memory (OOM) crash in insightcrm-api pod during batch processing,A memory leak in the Go/Python worker loop processing batch uploads. The worker accumulated pointers in a global slice and did not trigger garbage collection timely. Pod reached K8s limit (2Gi) and got OOMKilled.,P1,"[{""event"": ""System Alert - Anomalous Metrics Detected"", ""timestamp"": ""2021-07-05 23:38:00""}, {""event"": ""On-call Engineer Acknowledged Alert"", ""timestamp"": ""2021-07-05 23:53:00""}, {""event"": ""Mitigation Applied - Increased pod count"", ""timestamp"": ""2021-07-06 00:14:00""}, {""event"": ""Incident Resolved - System metrics stabilized"", ""timestamp"": ""2021-07-06 03:49:00""}]",Applied mitigation at 00:14:00 by rolling back production deployment DEP-0328 or applying hotfix. Monitored CPU and error rates until they returned to baseline levels.,DEP-0328,PR-0152,ADR-0038,"Profile heap usage during batch tasks, reuse object buffers, and add strict memory limits to K8s configs with warnings at 80% usage."
INC-0157,Message lag spike on Kafka partition for cloudsync-desktop,"A slow consumer thread due to synchronous downstream HTTP calls. As partition size grew, processing fell behind by over 50,000 messages, delaying order processing in NovaCommerce.",P1,"[{""event"": ""System Alert - Anomalous Metrics Detected"", ""timestamp"": ""2021-07-08 17:16:00""}, {""event"": ""On-call Engineer Acknowledged Alert"", ""timestamp"": ""2021-07-08 17:27:00""}, {""event"": ""Mitigation Applied - Rolled back deployment"", ""timestamp"": ""2021-07-08 18:55:00""}, {""event"": ""Incident Resolved - System metrics stabilized"", ""timestamp"": ""2021-07-08 19:45:00""}]",Applied mitigation at 18:55:00 by rolling back production deployment DEP-0332 or applying hotfix. Monitored CPU and error rates until they returned to baseline levels.,DEP-0332,PR-0171,ADR-0043,"Implement worker pool concurrency in consumer code, wrap calls in circuit breakers, and monitor consumer lag metrics to trigger auto-scaling."
INC-0158,Unoptimized query on platform-logging database after release,A new feature did a sequential scan on a table containing 10M+ rows because the foreign key index was omitted in the migration script. CPU spiked to 100% and query latency went from 5ms to 8000ms.,P2,"[{""event"": ""System Alert - Anomalous Metrics Detected"", ""timestamp"": ""2021-07-08 21:05:00""}, {""event"": ""On-call Engineer Acknowledged Alert"", ""timestamp"": ""2021-07-08 21:14:00""}, {""event"": ""Mitigation Applied - Flushed cache"", ""timestamp"": ""2021-07-08 21:43:00""}, {""event"": ""Incident Resolved - System metrics stabilized"", ""timestamp"": ""2021-07-08 23:35:00""}]",Applied mitigation at 21:43:00 by rolling back production deployment DEP-0334 or applying hotfix. Monitored CPU and error rates until they returned to baseline levels.,DEP-0334,PR-0172,ADR-0042,Require explain-plan checks in CI/CD pipelines for any new migration files. Enforce indexing guidelines for foreign keys.
INC-0159,Database connection pool exhaustion on cloudsync-desktop,"The service connection pool size was set to 20, but under heavy concurrent traffic, queries blocked on database, causing requests to queue up and exhaust all worker threads. The health check endpoint also blocked, leading Kubernetes to restart pods in a loop.",P0,"[{""event"": ""System Alert - Anomalous Metrics Detected"", ""timestamp"": ""2021-07-09 01:57:00""}, {""event"": ""On-call Engineer Acknowledged Alert"", ""timestamp"": ""2021-07-09 02:04:00""}, {""event"": ""Mitigation Applied - Flushed cache"", ""timestamp"": ""2021-07-09 02:34:00""}, {""event"": ""Incident Resolved - System metrics stabilized"", ""timestamp"": ""2021-07-09 03:25:00""}]",Applied mitigation at 02:34:00 by rolling back production deployment DEP-0330 or applying hotfix. Monitored CPU and error rates until they returned to baseline levels.,DEP-0330,PR-0168,ADR-0043,"We must decoupled health check endpoints from primary database checks (make them shallow), increase connection pool limits, and implement rate limiting on expensive endpoints."
INC-0160,Database connection pool exhaustion on insightcrm-ui,"The service connection pool size was set to 20, but under heavy concurrent traffic, queries blocked on database, causing requests to queue up and exhaust all worker threads. The health check endpoint also blocked, leading Kubernetes to restart pods in a loop.",P0,"[{""event"": ""System Alert - Anomalous Metrics Detected"", ""timestamp"": ""2021-07-09 17:13:00""}, {""event"": ""On-call Engineer Acknowledged Alert"", ""timestamp"": ""2021-07-09 17:25:00""}, {""event"": ""Mitigation Applied - Rolled back deployment"", ""timestamp"": ""2021-07-09 18:18:00""}, {""event"": ""Incident Resolved - System metrics stabilized"", ""timestamp"": ""2021-07-09 19:15:00""}]",Applied mitigation at 18:18:00 by rolling back production deployment DEP-0336 or applying hotfix. Monitored CPU and error rates until they returned to baseline levels.,DEP-0336,PR-0165,ADR-0040,"We must decoupled health check endpoints from primary database checks (make them shallow), increase connection pool limits, and implement rate limiting on expensive endpoints."
INC-0161,Cache stampede in platform-logging for metadata queries,"An eviction of high-frequency metadata cache keys in Redis occurred concurrently with a traffic spike. Thousands of pods hit the underlying database at once to re-fetch the metadata, locking tables.",P1,"[{""event"": ""System Alert - Anomalous Metrics Detected"", ""timestamp"": ""2021-07-10 08:19:00""}, {""event"": ""On-call Engineer Acknowledged Alert"", ""timestamp"": ""2021-07-10 08:26:00""}, {""event"": ""Mitigation Applied - Rolled back deployment"", ""timestamp"": ""2021-07-10 08:48:00""}, {""event"": ""Incident Resolved - System metrics stabilized"", ""timestamp"": ""2021-07-10 09:37:00""}]",Applied mitigation at 08:48:00 by rolling back production deployment DEP-0338 or applying hotfix. Monitored CPU and error rates until they returned to baseline levels.,DEP-0338,PR-0163,ADR-0039,Implement cache key locking/mutexes (single-flight pattern) so only one request updates the cache while others wait. Add jitter to cache TTLs.
INC-0162,Cache stampede in platform-logging for metadata queries,"An eviction of high-frequency metadata cache keys in Redis occurred concurrently with a traffic spike. Thousands of pods hit the underlying database at once to re-fetch the metadata, locking tables.",P1,"[{""event"": ""System Alert - Anomalous Metrics Detected"", ""timestamp"": ""2021-07-12 01:25:00""}, {""event"": ""On-call Engineer Acknowledged Alert"", ""timestamp"": ""2021-07-12 01:39:00""}, {""event"": ""Mitigation Applied - Flushed cache"", ""timestamp"": ""2021-07-12 02:36:00""}, {""event"": ""Incident Resolved - System metrics stabilized"", ""timestamp"": ""2021-07-12 03:21:00""}]",Applied mitigation at 02:36:00 by rolling back production deployment DEP-0340 or applying hotfix. Monitored CPU and error rates until they returned to baseline levels.,DEP-0340,PR-0169,ADR-0042,Implement cache key locking/mutexes (single-flight pattern) so only one request updates the cache while others wait. Add jitter to cache TTLs.
INC-0163,Cache stampede in insightcrm-analytics for metadata queries,"An eviction of high-frequency metadata cache keys in Redis occurred concurrently with a traffic spike. Thousands of pods hit the underlying database at once to re-fetch the metadata, locking tables.",P1,"[{""event"": ""System Alert - Anomalous Metrics Detected"", ""timestamp"": ""2021-07-13 22:12:00""}, {""event"": ""On-call Engineer Acknowledged Alert"", ""timestamp"": ""2021-07-13 22:26:00""}, {""event"": ""Mitigation Applied - Flushed cache"", ""timestamp"": ""2021-07-13 22:46:00""}, {""event"": ""Incident Resolved - System metrics stabilized"", ""timestamp"": ""2021-07-14 00:05:00""}]",Applied mitigation at 22:46:00 by rolling back production deployment DEP-0342 or applying hotfix. Monitored CPU and error rates until they returned to baseline levels.,DEP-0342,PR-0170,ADR-0041,Implement cache key locking/mutexes (single-flight pattern) so only one request updates the cache while others wait. Add jitter to cache TTLs.
INC-0164,Database connection pool exhaustion on cloudsync-desktop,"The service connection pool size was set to 20, but under heavy concurrent traffic, queries blocked on database, causing requests to queue up and exhaust all worker threads. The health check endpoint also blocked, leading Kubernetes to restart pods in a loop.",P0,"[{""event"": ""System Alert - Anomalous Metrics Detected"", ""timestamp"": ""2021-07-15 03:19:00""}, {""event"": ""On-call Engineer Acknowledged Alert"", ""timestamp"": ""2021-07-15 03:24:00""}, {""event"": ""Mitigation Applied - Increased pod count"", ""timestamp"": ""2021-07-15 04:50:00""}, {""event"": ""Incident Resolved - System metrics stabilized"", ""timestamp"": ""2021-07-15 05:22:00""}]",Applied mitigation at 04:50:00 by rolling back production deployment DEP-0345 or applying hotfix. Monitored CPU and error rates until they returned to baseline levels.,DEP-0345,PR-0173,ADR-0043,"We must decoupled health check endpoints from primary database checks (make them shallow), increase connection pool limits, and implement rate limiting on expensive endpoints."
INC-0165,Unoptimized query on novacommerce-cart database after release,A new feature did a sequential scan on a table containing 10M+ rows because the foreign key index was omitted in the migration script. CPU spiked to 100% and query latency went from 5ms to 8000ms.,P2,"[{""event"": ""System Alert - Anomalous Metrics Detected"", ""timestamp"": ""2021-07-21 10:37:00""}, {""event"": ""On-call Engineer Acknowledged Alert"", ""timestamp"": ""2021-07-21 10:43:00""}, {""event"": ""Mitigation Applied - Rolled back deployment"", ""timestamp"": ""2021-07-21 11:28:00""}, {""event"": ""Incident Resolved - System metrics stabilized"", ""timestamp"": ""2021-07-21 14:04:00""}]",Applied mitigation at 11:28:00 by rolling back production deployment DEP-0349 or applying hotfix. Monitored CPU and error rates until they returned to baseline levels.,DEP-0349,PR-0175,ADR-0044,Require explain-plan checks in CI/CD pipelines for any new migration files. Enforce indexing guidelines for foreign keys.
INC-0166,Unoptimized query on platform-logging database after release,A new feature did a sequential scan on a table containing 10M+ rows because the foreign key index was omitted in the migration script. CPU spiked to 100% and query latency went from 5ms to 8000ms.,P2,"[{""event"": ""System Alert - Anomalous Metrics Detected"", ""timestamp"": ""2021-07-21 17:29:00""}, {""event"": ""On-call Engineer Acknowledged Alert"", ""timestamp"": ""2021-07-21 17:35:00""}, {""event"": ""Mitigation Applied - Increased pod count"", ""timestamp"": ""2021-07-21 18:37:00""}, {""event"": ""Incident Resolved - System metrics stabilized"", ""timestamp"": ""2021-07-21 19:35:00""}]",Applied mitigation at 18:37:00 by rolling back production deployment DEP-0347 or applying hotfix. Monitored CPU and error rates until they returned to baseline levels.,DEP-0347,PR-0160,ADR-0039,Require explain-plan checks in CI/CD pipelines for any new migration files. Enforce indexing guidelines for foreign keys.
INC-0167,Database connection pool exhaustion on insightcrm-ui,"The service connection pool size was set to 20, but under heavy concurrent traffic, queries blocked on database, causing requests to queue up and exhaust all worker threads. The health check endpoint also blocked, leading Kubernetes to restart pods in a loop.",P0,"[{""event"": ""System Alert - Anomalous Metrics Detected"", ""timestamp"": ""2021-07-24 01:04:00""}, {""event"": ""On-call Engineer Acknowledged Alert"", ""timestamp"": ""2021-07-24 01:17:00""}, {""event"": ""Mitigation Applied - Rolled back deployment"", ""timestamp"": ""2021-07-24 02:40:00""}, {""event"": ""Incident Resolved - System metrics stabilized"", ""timestamp"": ""2021-07-24 05:18:00""}]",Applied mitigation at 02:40:00 by rolling back production deployment DEP-0351 or applying hotfix. Monitored CPU and error rates until they returned to baseline levels.,DEP-0351,PR-0177,,"We must decoupled health check endpoints from primary database checks (make them shallow), increase connection pool limits, and implement rate limiting on expensive endpoints."
INC-0168,Routing loop in Istio service mesh for novacommerce-ui,A misconfigured VirtualService manifest in Terraform caused traffic to cycle between the canary deployment and the main service. Latency spiked and error rates reached 100% due to maximum hop recursion.,P0,"[{""event"": ""System Alert - Anomalous Metrics Detected"", ""timestamp"": ""2021-07-24 08:02:00""}, {""event"": ""On-call Engineer Acknowledged Alert"", ""timestamp"": ""2021-07-24 08:10:00""}, {""event"": ""Mitigation Applied - Flushed cache"", ""timestamp"": ""2021-07-24 08:33:00""}, {""event"": ""Incident Resolved - System metrics stabilized"", ""timestamp"": ""2021-07-24 09:13:00""}]",Applied mitigation at 08:33:00 by rolling back production deployment DEP-0353 or applying hotfix. Monitored CPU and error rates until they returned to baseline levels.,DEP-0353,PR-0182,,Add deployment linting checks for mesh configurations. Implement dry-run verification steps in CI/CD pipeline before applying mesh routes.
INC-0169,Out of memory (OOM) crash in insightcrm-ui pod during batch processing,A memory leak in the Go/Python worker loop processing batch uploads. The worker accumulated pointers in a global slice and did not trigger garbage collection timely. Pod reached K8s limit (512Mi) and got OOMKilled.,P1,"[{""event"": ""System Alert - Anomalous Metrics Detected"", ""timestamp"": ""2021-07-25 09:43:00""}, {""event"": ""On-call Engineer Acknowledged Alert"", ""timestamp"": ""2021-07-25 09:57:00""}, {""event"": ""Mitigation Applied - Flushed cache"", ""timestamp"": ""2021-07-25 10:49:00""}, {""event"": ""Incident Resolved - System metrics stabilized"", ""timestamp"": ""2021-07-25 13:37:00""}]",Applied mitigation at 10:49:00 by rolling back production deployment DEP-0355 or applying hotfix. Monitored CPU and error rates until they returned to baseline levels.,DEP-0355,PR-0162,ADR-0040,"Profile heap usage during batch tasks, reuse object buffers, and add strict memory limits to K8s configs with warnings at 80% usage."
INC-0170,Cache stampede in insightcrm-analytics for metadata queries,"An eviction of high-frequency metadata cache keys in Redis occurred concurrently with a traffic spike. Thousands of pods hit the underlying database at once to re-fetch the metadata, locking tables.",P1,"[{""event"": ""System Alert - Anomalous Metrics Detected"", ""timestamp"": ""2021-07-27 04:34:00""}, {""event"": ""On-call Engineer Acknowledged Alert"", ""timestamp"": ""2021-07-27 04:37:00""}, {""event"": ""Mitigation Applied - Increased pod count"", ""timestamp"": ""2021-07-27 05:12:00""}, {""event"": ""Incident Resolved - System metrics stabilized"", ""timestamp"": ""2021-07-27 07:41:00""}]",Applied mitigation at 05:12:00 by rolling back production deployment DEP-0357 or applying hotfix. Monitored CPU and error rates until they returned to baseline levels.,DEP-0357,PR-0164,ADR-0041,Implement cache key locking/mutexes (single-flight pattern) so only one request updates the cache while others wait. Add jitter to cache TTLs.
INC-0171,Cache stampede in security-auth-proxy for metadata queries,"An eviction of high-frequency metadata cache keys in Redis occurred concurrently with a traffic spike. Thousands of pods hit the underlying database at once to re-fetch the metadata, locking tables.",P1,"[{""event"": ""System Alert - Anomalous Metrics Detected"", ""timestamp"": ""2021-07-27 09:03:00""}, {""event"": ""On-call Engineer Acknowledged Alert"", ""timestamp"": ""2021-07-27 09:07:00""}, {""event"": ""Mitigation Applied - Flushed cache"", ""timestamp"": ""2021-07-27 10:00:00""}, {""event"": ""Incident Resolved - System metrics stabilized"", ""timestamp"": ""2021-07-27 12:31:00""}]",Applied mitigation at 10:00:00 by rolling back production deployment DEP-0359 or applying hotfix. Monitored CPU and error rates until they returned to baseline levels.,DEP-0359,PR-0183,ADR-0046,Implement cache key locking/mutexes (single-flight pattern) so only one request updates the cache while others wait. Add jitter to cache TTLs.
INC-0172,Unoptimized query on security-auth-proxy database after release,A new feature did a sequential scan on a table containing 10M+ rows because the foreign key index was omitted in the migration script. CPU spiked to 100% and query latency went from 5ms to 8000ms.,P2,"[{""event"": ""System Alert - Anomalous Metrics Detected"", ""timestamp"": ""2021-07-28 09:18:00""}, {""event"": ""On-call Engineer Acknowledged Alert"", ""timestamp"": ""2021-07-28 09:25:00""}, {""event"": ""Mitigation Applied - Rolled back deployment"", ""timestamp"": ""2021-07-28 10:03:00""}, {""event"": ""Incident Resolved - System metrics stabilized"", ""timestamp"": ""2021-07-28 13:48:00""}]",Applied mitigation at 10:03:00 by rolling back production deployment DEP-0363 or applying hotfix. Monitored CPU and error rates until they returned to baseline levels.,DEP-0363,PR-0191,,Require explain-plan checks in CI/CD pipelines for any new migration files. Enforce indexing guidelines for foreign keys.
INC-0173,Message lag spike on Kafka partition for platform-logging,"A slow consumer thread due to synchronous downstream HTTP calls. As partition size grew, processing fell behind by over 50,000 messages, delaying order processing in NovaCommerce.",P1,"[{""event"": ""System Alert - Anomalous Metrics Detected"", ""timestamp"": ""2021-07-28 16:02:00""}, {""event"": ""On-call Engineer Acknowledged Alert"", ""timestamp"": ""2021-07-28 16:14:00""}, {""event"": ""Mitigation Applied - Increased pod count"", ""timestamp"": ""2021-07-28 17:08:00""}, {""event"": ""Incident Resolved - System metrics stabilized"", ""timestamp"": ""2021-07-28 19:39:00""}]",Applied mitigation at 17:08:00 by rolling back production deployment DEP-0361 or applying hotfix. Monitored CPU and error rates until they returned to baseline levels.,DEP-0361,PR-0166,ADR-0042,"Implement worker pool concurrency in consumer code, wrap calls in circuit breakers, and monitor consumer lag metrics to trigger auto-scaling."
INC-0174,Database connection pool exhaustion on visionai-pipeline,"The service connection pool size was set to 20, but under heavy concurrent traffic, queries blocked on database, causing requests to queue up and exhaust all worker threads. The health check endpoint also blocked, leading Kubernetes to restart pods in a loop.",P0,"[{""event"": ""System Alert - Anomalous Metrics Detected"", ""timestamp"": ""2021-07-30 04:04:00""}, {""event"": ""On-call Engineer Acknowledged Alert"", ""timestamp"": ""2021-07-30 04:07:00""}, {""event"": ""Mitigation Applied - Rolled back deployment"", ""timestamp"": ""2021-07-30 05:23:00""}, {""event"": ""Incident Resolved - System metrics stabilized"", ""timestamp"": ""2021-07-30 08:13:00""}]",Applied mitigation at 05:23:00 by rolling back production deployment DEP-0367 or applying hotfix. Monitored CPU and error rates until they returned to baseline levels.,DEP-0367,PR-0180,ADR-0049,"We must decoupled health check endpoints from primary database checks (make them shallow), increase connection pool limits, and implement rate limiting on expensive endpoints."
INC-0175,Out of memory (OOM) crash in security-scanner pod during batch processing,A memory leak in the Go/Python worker loop processing batch uploads. The worker accumulated pointers in a global slice and did not trigger garbage collection timely. Pod reached K8s limit (512Mi) and got OOMKilled.,P1,"[{""event"": ""System Alert - Anomalous Metrics Detected"", ""timestamp"": ""2021-07-30 15:18:00""}, {""event"": ""On-call Engineer Acknowledged Alert"", ""timestamp"": ""2021-07-30 15:23:00""}, {""event"": ""Mitigation Applied - Rolled back deployment"", ""timestamp"": ""2021-07-30 16:26:00""}, {""event"": ""Incident Resolved - System metrics stabilized"", ""timestamp"": ""2021-07-30 18:05:00""}]",Applied mitigation at 16:26:00 by rolling back production deployment DEP-0369 or applying hotfix. Monitored CPU and error rates until they returned to baseline levels.,DEP-0369,PR-0188,ADR-0047,"Profile heap usage during batch tasks, reuse object buffers, and add strict memory limits to K8s configs with warnings at 80% usage."
INC-0176,Message lag spike on Kafka partition for cloudsync-desktop,"A slow consumer thread due to synchronous downstream HTTP calls. As partition size grew, processing fell behind by over 50,000 messages, delaying order processing in NovaCommerce.",P1,"[{""event"": ""System Alert - Anomalous Metrics Detected"", ""timestamp"": ""2021-07-30 22:42:00""}, {""event"": ""On-call Engineer Acknowledged Alert"", ""timestamp"": ""2021-07-30 22:49:00""}, {""event"": ""Mitigation Applied - Flushed cache"", ""timestamp"": ""2021-07-31 00:11:00""}, {""event"": ""Incident Resolved - System metrics stabilized"", ""timestamp"": ""2021-07-31 02:05:00""}]",Applied mitigation at 00:11:00 by rolling back production deployment DEP-0365 or applying hotfix. Monitored CPU and error rates until they returned to baseline levels.,DEP-0365,PR-0167,ADR-0043,"Implement worker pool concurrency in consumer code, wrap calls in circuit breakers, and monitor consumer lag metrics to trigger auto-scaling."
INC-0177,Unoptimized query on security-scanner database after release,A new feature did a sequential scan on a table containing 10M+ rows because the foreign key index was omitted in the migration script. CPU spiked to 100% and query latency went from 5ms to 8000ms.,P2,"[{""event"": ""System Alert - Anomalous Metrics Detected"", ""timestamp"": ""2021-07-30 22:43:00""}, {""event"": ""On-call Engineer Acknowledged Alert"", ""timestamp"": ""2021-07-30 22:53:00""}, {""event"": ""Mitigation Applied - Increased pod count"", ""timestamp"": ""2021-07-30 23:55:00""}, {""event"": ""Incident Resolved - System metrics stabilized"", ""timestamp"": ""2021-07-31 01:54:00""}]",Applied mitigation at 23:55:00 by rolling back production deployment DEP-0371 or applying hotfix. Monitored CPU and error rates until they returned to baseline levels.,DEP-0371,PR-0190,ADR-0047,Require explain-plan checks in CI/CD pipelines for any new migration files. Enforce indexing guidelines for foreign keys.
INC-0178,Routing loop in Istio service mesh for atlaspay-portal,A misconfigured VirtualService manifest in Terraform caused traffic to cycle between the canary deployment and the main service. Latency spiked and error rates reached 100% due to maximum hop recursion.,P0,"[{""event"": ""System Alert - Anomalous Metrics Detected"", ""timestamp"": ""2021-07-31 05:32:00""}, {""event"": ""On-call Engineer Acknowledged Alert"", ""timestamp"": ""2021-07-31 05:34:00""}, {""event"": ""Mitigation Applied - Increased pod count"", ""timestamp"": ""2021-07-31 06:45:00""}, {""event"": ""Incident Resolved - System metrics stabilized"", ""timestamp"": ""2021-07-31 09:10:00""}]",Applied mitigation at 06:45:00 by rolling back production deployment DEP-0373 or applying hotfix. Monitored CPU and error rates until they returned to baseline levels.,DEP-0373,PR-0184,ADR-0045,Add deployment linting checks for mesh configurations. Implement dry-run verification steps in CI/CD pipeline before applying mesh routes.
INC-0179,Routing loop in Istio service mesh for novacommerce-ui,A misconfigured VirtualService manifest in Terraform caused traffic to cycle between the canary deployment and the main service. Latency spiked and error rates reached 100% due to maximum hop recursion.,P0,"[{""event"": ""System Alert - Anomalous Metrics Detected"", ""timestamp"": ""2021-07-31 08:07:00""}, {""event"": ""On-call Engineer Acknowledged Alert"", ""timestamp"": ""2021-07-31 08:15:00""}, {""event"": ""Mitigation Applied - Rolled back deployment"", ""timestamp"": ""2021-07-31 08:46:00""}, {""event"": ""Incident Resolved - System metrics stabilized"", ""timestamp"": ""2021-07-31 11:14:00""}]",Applied mitigation at 08:46:00 by rolling back production deployment DEP-0375 or applying hotfix. Monitored CPU and error rates until they returned to baseline levels.,DEP-0375,PR-0187,ADR-0050,Add deployment linting checks for mesh configurations. Implement dry-run verification steps in CI/CD pipeline before applying mesh routes.
INC-0180,Database connection pool exhaustion on atlaspay-portal,"The service connection pool size was set to 20, but under heavy concurrent traffic, queries blocked on database, causing requests to queue up and exhaust all worker threads. The health check endpoint also blocked, leading Kubernetes to restart pods in a loop.",P0,"[{""event"": ""System Alert - Anomalous Metrics Detected"", ""timestamp"": ""2021-08-04 12:12:00""}, {""event"": ""On-call Engineer Acknowledged Alert"", ""timestamp"": ""2021-08-04 12:15:00""}, {""event"": ""Mitigation Applied - Rolled back deployment"", ""timestamp"": ""2021-08-04 12:34:00""}, {""event"": ""Incident Resolved - System metrics stabilized"", ""timestamp"": ""2021-08-04 14:16:00""}]",Applied mitigation at 12:34:00 by rolling back production deployment DEP-0377 or applying hotfix. Monitored CPU and error rates until they returned to baseline levels.,DEP-0377,PR-0189,ADR-0048,"We must decoupled health check endpoints from primary database checks (make them shallow), increase connection pool limits, and implement rate limiting on expensive endpoints."
INC-0181,Database connection pool exhaustion on insightcrm-analytics,"The service connection pool size was set to 20, but under heavy concurrent traffic, queries blocked on database, causing requests to queue up and exhaust all worker threads. The health check endpoint also blocked, leading Kubernetes to restart pods in a loop.",P0,"[{""event"": ""System Alert - Anomalous Metrics Detected"", ""timestamp"": ""2021-08-04 20:36:00""}, {""event"": ""On-call Engineer Acknowledged Alert"", ""timestamp"": ""2021-08-04 20:45:00""}, {""event"": ""Mitigation Applied - Flushed cache"", ""timestamp"": ""2021-08-04 21:26:00""}, {""event"": ""Incident Resolved - System metrics stabilized"", ""timestamp"": ""2021-08-05 00:56:00""}]",Applied mitigation at 21:26:00 by rolling back production deployment DEP-0379 or applying hotfix. Monitored CPU and error rates until they returned to baseline levels.,DEP-0379,PR-0192,ADR-0051,"We must decoupled health check endpoints from primary database checks (make them shallow), increase connection pool limits, and implement rate limiting on expensive endpoints."
INC-0182,Out of memory (OOM) crash in novacommerce-cart pod during batch processing,A memory leak in the Go/Python worker loop processing batch uploads. The worker accumulated pointers in a global slice and did not trigger garbage collection timely. Pod reached K8s limit (1Gi) and got OOMKilled.,P1,"[{""event"": ""System Alert - Anomalous Metrics Detected"", ""timestamp"": ""2021-08-05 18:34:00""}, {""event"": ""On-call Engineer Acknowledged Alert"", ""timestamp"": ""2021-08-05 18:42:00""}, {""event"": ""Mitigation Applied - Flushed cache"", ""timestamp"": ""2021-08-05 20:04:00""}, {""event"": ""Incident Resolved - System metrics stabilized"", ""timestamp"": ""2021-08-05 21:10:00""}]",Applied mitigation at 20:04:00 by rolling back production deployment DEP-0381 or applying hotfix. Monitored CPU and error rates until they returned to baseline levels.,DEP-0381,PR-0174,ADR-0044,"Profile heap usage during batch tasks, reuse object buffers, and add strict memory limits to K8s configs with warnings at 80% usage."
INC-0183,Database connection pool exhaustion on insightcrm-analytics,"The service connection pool size was set to 20, but under heavy concurrent traffic, queries blocked on database, causing requests to queue up and exhaust all worker threads. The health check endpoint also blocked, leading Kubernetes to restart pods in a loop.",P0,"[{""event"": ""System Alert - Anomalous Metrics Detected"", ""timestamp"": ""2021-08-09 01:50:00""}, {""event"": ""On-call Engineer Acknowledged Alert"", ""timestamp"": ""2021-08-09 02:05:00""}, {""event"": ""Mitigation Applied - Rolled back deployment"", ""timestamp"": ""2021-08-09 03:19:00""}, {""event"": ""Incident Resolved - System metrics stabilized"", ""timestamp"": ""2021-08-09 06:06:00""}]",Applied mitigation at 03:19:00 by rolling back production deployment DEP-0383 or applying hotfix. Monitored CPU and error rates until they returned to baseline levels.,DEP-0383,PR-0200,ADR-0051,"We must decoupled health check endpoints from primary database checks (make them shallow), increase connection pool limits, and implement rate limiting on expensive endpoints."
INC-0184,Database connection pool exhaustion on novacommerce-ui,"The service connection pool size was set to 20, but under heavy concurrent traffic, queries blocked on database, causing requests to queue up and exhaust all worker threads. The health check endpoint also blocked, leading Kubernetes to restart pods in a loop.",P0,"[{""event"": ""System Alert - Anomalous Metrics Detected"", ""timestamp"": ""2021-08-11 14:18:00""}, {""event"": ""On-call Engineer Acknowledged Alert"", ""timestamp"": ""2021-08-11 14:33:00""}, {""event"": ""Mitigation Applied - Rolled back deployment"", ""timestamp"": ""2021-08-11 15:59:00""}, {""event"": ""Incident Resolved - System metrics stabilized"", ""timestamp"": ""2021-08-11 18:07:00""}]",Applied mitigation at 15:59:00 by rolling back production deployment DEP-0385 or applying hotfix. Monitored CPU and error rates until they returned to baseline levels.,DEP-0385,PR-0196,ADR-0050,"We must decoupled health check endpoints from primary database checks (make them shallow), increase connection pool limits, and implement rate limiting on expensive endpoints."
INC-0185,Routing loop in Istio service mesh for insightcrm-ui,A misconfigured VirtualService manifest in Terraform caused traffic to cycle between the canary deployment and the main service. Latency spiked and error rates reached 100% due to maximum hop recursion.,P0,"[{""event"": ""System Alert - Anomalous Metrics Detected"", ""timestamp"": ""2021-08-11 23:30:00""}, {""event"": ""On-call Engineer Acknowledged Alert"", ""timestamp"": ""2021-08-11 23:32:00""}, {""event"": ""Mitigation Applied - Rolled back deployment"", ""timestamp"": ""2021-08-12 00:53:00""}, {""event"": ""Incident Resolved - System metrics stabilized"", ""timestamp"": ""2021-08-12 02:44:00""}]",Applied mitigation at 00:53:00 by rolling back production deployment DEP-0387 or applying hotfix. Monitored CPU and error rates until they returned to baseline levels.,DEP-0387,PR-0199,,Add deployment linting checks for mesh configurations. Implement dry-run verification steps in CI/CD pipeline before applying mesh routes.
INC-0186,Out of memory (OOM) crash in atlaspay-portal pod during batch processing,A memory leak in the Go/Python worker loop processing batch uploads. The worker accumulated pointers in a global slice and did not trigger garbage collection timely. Pod reached K8s limit (512Mi) and got OOMKilled.,P1,"[{""event"": ""System Alert - Anomalous Metrics Detected"", ""timestamp"": ""2021-08-12 03:27:00""}, {""event"": ""On-call Engineer Acknowledged Alert"", ""timestamp"": ""2021-08-12 03:34:00""}, {""event"": ""Mitigation Applied - Flushed cache"", ""timestamp"": ""2021-08-12 04:29:00""}, {""event"": ""Incident Resolved - System metrics stabilized"", ""timestamp"": ""2021-08-12 05:14:00""}]",Applied mitigation at 04:29:00 by rolling back production deployment DEP-0389 or applying hotfix. Monitored CPU and error rates until they returned to baseline levels.,DEP-0389,PR-0178,ADR-0045,"Profile heap usage during batch tasks, reuse object buffers, and add strict memory limits to K8s configs with warnings at 80% usage."
INC-0187,Routing loop in Istio service mesh for visionai-pipeline,A misconfigured VirtualService manifest in Terraform caused traffic to cycle between the canary deployment and the main service. Latency spiked and error rates reached 100% due to maximum hop recursion.,P0,"[{""event"": ""System Alert - Anomalous Metrics Detected"", ""timestamp"": ""2021-08-13 16:39:00""}, {""event"": ""On-call Engineer Acknowledged Alert"", ""timestamp"": ""2021-08-13 16:42:00""}, {""event"": ""Mitigation Applied - Increased pod count"", ""timestamp"": ""2021-08-13 17:30:00""}, {""event"": ""Incident Resolved - System metrics stabilized"", ""timestamp"": ""2021-08-13 19:16:00""}]",Applied mitigation at 17:30:00 by rolling back production deployment DEP-0391 or applying hotfix. Monitored CPU and error rates until they returned to baseline levels.,DEP-0391,PR-0197,ADR-0049,Add deployment linting checks for mesh configurations. Implement dry-run verification steps in CI/CD pipeline before applying mesh routes.
INC-0188,Cache stampede in security-auth-proxy for metadata queries,"An eviction of high-frequency metadata cache keys in Redis occurred concurrently with a traffic spike. Thousands of pods hit the underlying database at once to re-fetch the metadata, locking tables.",P1,"[{""event"": ""System Alert - Anomalous Metrics Detected"", ""timestamp"": ""2021-08-15 23:49:00""}, {""event"": ""On-call Engineer Acknowledged Alert"", ""timestamp"": ""2021-08-15 23:55:00""}, {""event"": ""Mitigation Applied - Flushed cache"", ""timestamp"": ""2021-08-16 01:02:00""}, {""event"": ""Incident Resolved - System metrics stabilized"", ""timestamp"": ""2021-08-16 04:42:00""}]",Applied mitigation at 01:02:00 by rolling back production deployment DEP-0393 or applying hotfix. Monitored CPU and error rates until they returned to baseline levels.,DEP-0393,PR-0181,ADR-0046,Implement cache key locking/mutexes (single-flight pattern) so only one request updates the cache while others wait. Add jitter to cache TTLs.
INC-0189,Cache stampede in novacommerce-ui for metadata queries,"An eviction of high-frequency metadata cache keys in Redis occurred concurrently with a traffic spike. Thousands of pods hit the underlying database at once to re-fetch the metadata, locking tables.",P1,"[{""event"": ""System Alert - Anomalous Metrics Detected"", ""timestamp"": ""2021-08-18 00:11:00""}, {""event"": ""On-call Engineer Acknowledged Alert"", ""timestamp"": ""2021-08-18 00:15:00""}, {""event"": ""Mitigation Applied - Rolled back deployment"", ""timestamp"": ""2021-08-18 01:23:00""}, {""event"": ""Incident Resolved - System metrics stabilized"", ""timestamp"": ""2021-08-18 05:10:00""}]",Applied mitigation at 01:23:00 by rolling back production deployment DEP-0395 or applying hotfix. Monitored CPU and error rates until they returned to baseline levels.,DEP-0395,PR-0195,ADR-0050,Implement cache key locking/mutexes (single-flight pattern) so only one request updates the cache while others wait. Add jitter to cache TTLs.
INC-0190,Unoptimized query on security-scanner database after release,A new feature did a sequential scan on a table containing 10M+ rows because the foreign key index was omitted in the migration script. CPU spiked to 100% and query latency went from 5ms to 8000ms.,P2,"[{""event"": ""System Alert - Anomalous Metrics Detected"", ""timestamp"": ""2021-08-19 00:28:00""}, {""event"": ""On-call Engineer Acknowledged Alert"", ""timestamp"": ""2021-08-19 00:39:00""}, {""event"": ""Mitigation Applied - Flushed cache"", ""timestamp"": ""2021-08-19 02:00:00""}, {""event"": ""Incident Resolved - System metrics stabilized"", ""timestamp"": ""2021-08-19 02:57:00""}]",Applied mitigation at 02:00:00 by rolling back production deployment DEP-0397 or applying hotfix. Monitored CPU and error rates until they returned to baseline levels.,DEP-0397,PR-0185,ADR-0047,Require explain-plan checks in CI/CD pipelines for any new migration files. Enforce indexing guidelines for foreign keys.
INC-0191,Cache stampede in atlaspay-portal for metadata queries,"An eviction of high-frequency metadata cache keys in Redis occurred concurrently with a traffic spike. Thousands of pods hit the underlying database at once to re-fetch the metadata, locking tables.",P1,"[{""event"": ""System Alert - Anomalous Metrics Detected"", ""timestamp"": ""2021-08-19 16:23:00""}, {""event"": ""On-call Engineer Acknowledged Alert"", ""timestamp"": ""2021-08-19 16:28:00""}, {""event"": ""Mitigation Applied - Flushed cache"", ""timestamp"": ""2021-08-19 17:07:00""}, {""event"": ""Incident Resolved - System metrics stabilized"", ""timestamp"": ""2021-08-19 18:48:00""}]",Applied mitigation at 17:07:00 by rolling back production deployment DEP-0399 or applying hotfix. Monitored CPU and error rates until they returned to baseline levels.,DEP-0399,PR-0186,ADR-0048,Implement cache key locking/mutexes (single-flight pattern) so only one request updates the cache while others wait. Add jitter to cache TTLs.
INC-0192,Unoptimized query on cloudsync-desktop database after release,A new feature did a sequential scan on a table containing 10M+ rows because the foreign key index was omitted in the migration script. CPU spiked to 100% and query latency went from 5ms to 8000ms.,P2,"[{""event"": ""System Alert - Anomalous Metrics Detected"", ""timestamp"": ""2021-08-20 06:04:00""}, {""event"": ""On-call Engineer Acknowledged Alert"", ""timestamp"": ""2021-08-20 06:07:00""}, {""event"": ""Mitigation Applied - Rolled back deployment"", ""timestamp"": ""2021-08-20 07:02:00""}, {""event"": ""Incident Resolved - System metrics stabilized"", ""timestamp"": ""2021-08-20 08:58:00""}]",Applied mitigation at 07:02:00 by rolling back production deployment DEP-0401 or applying hotfix. Monitored CPU and error rates until they returned to baseline levels.,DEP-0401,PR-0201,ADR-0054,Require explain-plan checks in CI/CD pipelines for any new migration files. Enforce indexing guidelines for foreign keys.
INC-0193,Unoptimized query on novacommerce-api database after release,A new feature did a sequential scan on a table containing 10M+ rows because the foreign key index was omitted in the migration script. CPU spiked to 100% and query latency went from 5ms to 8000ms.,P2,"[{""event"": ""System Alert - Anomalous Metrics Detected"", ""timestamp"": ""2021-08-23 06:59:00""}, {""event"": ""On-call Engineer Acknowledged Alert"", ""timestamp"": ""2021-08-23 07:14:00""}, {""event"": ""Mitigation Applied - Increased pod count"", ""timestamp"": ""2021-08-23 07:49:00""}, {""event"": ""Incident Resolved - System metrics stabilized"", ""timestamp"": ""2021-08-23 10:17:00""}]",Applied mitigation at 07:49:00 by rolling back production deployment DEP-0403 or applying hotfix. Monitored CPU and error rates until they returned to baseline levels.,DEP-0403,PR-0202,ADR-0055,Require explain-plan checks in CI/CD pipelines for any new migration files. Enforce indexing guidelines for foreign keys.
INC-0194,Routing loop in Istio service mesh for novacommerce-ui,A misconfigured VirtualService manifest in Terraform caused traffic to cycle between the canary deployment and the main service. Latency spiked and error rates reached 100% due to maximum hop recursion.,P0,"[{""event"": ""System Alert - Anomalous Metrics Detected"", ""timestamp"": ""2021-08-25 15:23:00""}, {""event"": ""On-call Engineer Acknowledged Alert"", ""timestamp"": ""2021-08-25 15:26:00""}, {""event"": ""Mitigation Applied - Flushed cache"", ""timestamp"": ""2021-08-25 16:05:00""}, {""event"": ""Incident Resolved - System metrics stabilized"", ""timestamp"": ""2021-08-25 18:09:00""}]",Applied mitigation at 16:05:00 by rolling back production deployment DEP-0407 or applying hotfix. Monitored CPU and error rates until they returned to baseline levels.,DEP-0407,PR-0209,ADR-0052,Add deployment linting checks for mesh configurations. Implement dry-run verification steps in CI/CD pipeline before applying mesh routes.
INC-0195,Unoptimized query on novacommerce-checkout database after release,A new feature did a sequential scan on a table containing 10M+ rows because the foreign key index was omitted in the migration script. CPU spiked to 100% and query latency went from 5ms to 8000ms.,P2,"[{""event"": ""System Alert - Anomalous Metrics Detected"", ""timestamp"": ""2021-08-26 00:57:00""}, {""event"": ""On-call Engineer Acknowledged Alert"", ""timestamp"": ""2021-08-26 01:09:00""}, {""event"": ""Mitigation Applied - Increased pod count"", ""timestamp"": ""2021-08-26 02:16:00""}, {""event"": ""Incident Resolved - System metrics stabilized"", ""timestamp"": ""2021-08-26 03:16:00""}]",Applied mitigation at 02:16:00 by rolling back production deployment DEP-0405 or applying hotfix. Monitored CPU and error rates until they returned to baseline levels.,DEP-0405,PR-0206,,Require explain-plan checks in CI/CD pipelines for any new migration files. Enforce indexing guidelines for foreign keys.
INC-0196,Database connection pool exhaustion on novacommerce-cart,"The service connection pool size was set to 20, but under heavy concurrent traffic, queries blocked on database, causing requests to queue up and exhaust all worker threads. The health check endpoint also blocked, leading Kubernetes to restart pods in a loop.",P0,"[{""event"": ""System Alert - Anomalous Metrics Detected"", ""timestamp"": ""2021-08-26 03:29:00""}, {""event"": ""On-call Engineer Acknowledged Alert"", ""timestamp"": ""2021-08-26 03:34:00""}, {""event"": ""Mitigation Applied - Rolled back deployment"", ""timestamp"": ""2021-08-26 04:02:00""}, {""event"": ""Incident Resolved - System metrics stabilized"", ""timestamp"": ""2021-08-26 05:01:00""}]",Applied mitigation at 04:02:00 by rolling back production deployment DEP-0409 or applying hotfix. Monitored CPU and error rates until they returned to baseline levels.,DEP-0409,PR-0211,ADR-0053,"We must decoupled health check endpoints from primary database checks (make them shallow), increase connection pool limits, and implement rate limiting on expensive endpoints."
INC-0197,Message lag spike on Kafka partition for fusionerp-payroll,"A slow consumer thread due to synchronous downstream HTTP calls. As partition size grew, processing fell behind by over 50,000 messages, delaying order processing in NovaCommerce.",P1,"[{""event"": ""System Alert - Anomalous Metrics Detected"", ""timestamp"": ""2021-08-27 01:18:00""}, {""event"": ""On-call Engineer Acknowledged Alert"", ""timestamp"": ""2021-08-27 01:28:00""}, {""event"": ""Mitigation Applied - Flushed cache"", ""timestamp"": ""2021-08-27 02:39:00""}, {""event"": ""Incident Resolved - System metrics stabilized"", ""timestamp"": ""2021-08-27 03:26:00""}]",Applied mitigation at 02:39:00 by rolling back production deployment DEP-0411 or applying hotfix. Monitored CPU and error rates until they returned to baseline levels.,DEP-0411,PR-0213,,"Implement worker pool concurrency in consumer code, wrap calls in circuit breakers, and monitor consumer lag metrics to trigger auto-scaling."
INC-0198,Routing loop in Istio service mesh for cloudsync-storage,A misconfigured VirtualService manifest in Terraform caused traffic to cycle between the canary deployment and the main service. Latency spiked and error rates reached 100% due to maximum hop recursion.,P0,"[{""event"": ""System Alert - Anomalous Metrics Detected"", ""timestamp"": ""2021-08-29 00:44:00""}, {""event"": ""On-call Engineer Acknowledged Alert"", ""timestamp"": ""2021-08-29 00:58:00""}, {""event"": ""Mitigation Applied - Flushed cache"", ""timestamp"": ""2021-08-29 02:12:00""}, {""event"": ""Incident Resolved - System metrics stabilized"", ""timestamp"": ""2021-08-29 05:32:00""}]",Applied mitigation at 02:12:00 by rolling back production deployment DEP-0413 or applying hotfix. Monitored CPU and error rates until they returned to baseline levels.,DEP-0413,PR-0208,,Add deployment linting checks for mesh configurations. Implement dry-run verification steps in CI/CD pipeline before applying mesh routes.
INC-0199,Unoptimized query on visionai-inference database after release,A new feature did a sequential scan on a table containing 10M+ rows because the foreign key index was omitted in the migration script. CPU spiked to 100% and query latency went from 5ms to 8000ms.,P2,"[{""event"": ""System Alert - Anomalous Metrics Detected"", ""timestamp"": ""2021-08-29 11:22:00""}, {""event"": ""On-call Engineer Acknowledged Alert"", ""timestamp"": ""2021-08-29 11:33:00""}, {""event"": ""Mitigation Applied - Rolled back deployment"", ""timestamp"": ""2021-08-29 12:09:00""}, {""event"": ""Incident Resolved - System metrics stabilized"", ""timestamp"": ""2021-08-29 15:05:00""}]",Applied mitigation at 12:09:00 by rolling back production deployment DEP-0417 or applying hotfix. Monitored CPU and error rates until they returned to baseline levels.,DEP-0417,PR-0207,ADR-0058,Require explain-plan checks in CI/CD pipelines for any new migration files. Enforce indexing guidelines for foreign keys.
INC-0200,Database connection pool exhaustion on visionai-pipeline,"The service connection pool size was set to 20, but under heavy concurrent traffic, queries blocked on database, causing requests to queue up and exhaust all worker threads. The health check endpoint also blocked, leading Kubernetes to restart pods in a loop.",P0,"[{""event"": ""System Alert - Anomalous Metrics Detected"", ""timestamp"": ""2021-08-29 15:34:00""}, {""event"": ""On-call Engineer Acknowledged Alert"", ""timestamp"": ""2021-08-29 15:48:00""}, {""event"": ""Mitigation Applied - Rolled back deployment"", ""timestamp"": ""2021-08-29 17:00:00""}, {""event"": ""Incident Resolved - System metrics stabilized"", ""timestamp"": ""2021-08-29 19:30:00""}]",Applied mitigation at 17:00:00 by rolling back production deployment DEP-0415 or applying hotfix. Monitored CPU and error rates until they returned to baseline levels.,DEP-0415,PR-0193,ADR-0049,"We must decoupled health check endpoints from primary database checks (make them shallow), increase connection pool limits, and implement rate limiting on expensive endpoints."
INC-0201,Out of memory (OOM) crash in novacommerce-cart pod during batch processing,A memory leak in the Go/Python worker loop processing batch uploads. The worker accumulated pointers in a global slice and did not trigger garbage collection timely. Pod reached K8s limit (512Mi) and got OOMKilled.,P1,"[{""event"": ""System Alert - Anomalous Metrics Detected"", ""timestamp"": ""2021-08-29 21:01:00""}, {""event"": ""On-call Engineer Acknowledged Alert"", ""timestamp"": ""2021-08-29 21:03:00""}, {""event"": ""Mitigation Applied - Flushed cache"", ""timestamp"": ""2021-08-29 21:24:00""}, {""event"": ""Incident Resolved - System metrics stabilized"", ""timestamp"": ""2021-08-30 00:29:00""}]",Applied mitigation at 21:24:00 by rolling back production deployment DEP-0419 or applying hotfix. Monitored CPU and error rates until they returned to baseline levels.,DEP-0419,PR-0210,ADR-0053,"Profile heap usage during batch tasks, reuse object buffers, and add strict memory limits to K8s configs with warnings at 80% usage."
INC-0202,Database connection pool exhaustion on cloudsync-desktop,"The service connection pool size was set to 20, but under heavy concurrent traffic, queries blocked on database, causing requests to queue up and exhaust all worker threads. The health check endpoint also blocked, leading Kubernetes to restart pods in a loop.",P0,"[{""event"": ""System Alert - Anomalous Metrics Detected"", ""timestamp"": ""2021-08-30 10:41:00""}, {""event"": ""On-call Engineer Acknowledged Alert"", ""timestamp"": ""2021-08-30 10:53:00""}, {""event"": ""Mitigation Applied - Flushed cache"", ""timestamp"": ""2021-08-30 11:50:00""}, {""event"": ""Incident Resolved - System metrics stabilized"", ""timestamp"": ""2021-08-30 12:26:00""}]",Applied mitigation at 11:50:00 by rolling back production deployment DEP-0423 or applying hotfix. Monitored CPU and error rates until they returned to baseline levels.,DEP-0423,PR-0214,ADR-0054,"We must decoupled health check endpoints from primary database checks (make them shallow), increase connection pool limits, and implement rate limiting on expensive endpoints."
INC-0203,Out of memory (OOM) crash in novacommerce-ui pod during batch processing,A memory leak in the Go/Python worker loop processing batch uploads. The worker accumulated pointers in a global slice and did not trigger garbage collection timely. Pod reached K8s limit (2Gi) and got OOMKilled.,P1,"[{""event"": ""System Alert - Anomalous Metrics Detected"", ""timestamp"": ""2021-08-30 14:54:00""}, {""event"": ""On-call Engineer Acknowledged Alert"", ""timestamp"": ""2021-08-30 15:02:00""}, {""event"": ""Mitigation Applied - Increased pod count"", ""timestamp"": ""2021-08-30 16:07:00""}, {""event"": ""Incident Resolved - System metrics stabilized"", ""timestamp"": ""2021-08-30 16:37:00""}]",Applied mitigation at 16:07:00 by rolling back production deployment DEP-0421 or applying hotfix. Monitored CPU and error rates until they returned to baseline levels.,DEP-0421,PR-0194,ADR-0050,"Profile heap usage during batch tasks, reuse object buffers, and add strict memory limits to K8s configs with warnings at 80% usage."
INC-0204,Database connection pool exhaustion on novacommerce-api,"The service connection pool size was set to 20, but under heavy concurrent traffic, queries blocked on PostgreSQL, causing requests to queue up and exhaust all worker threads. The health check endpoint also blocked, leading Kubernetes to restart pods in a loop.",P0,"[{""event"": ""System Alert - Anomalous Metrics Detected"", ""timestamp"": ""2021-09-01 00:36:00""}, {""event"": ""On-call Engineer Acknowledged Alert"", ""timestamp"": ""2021-09-01 00:47:00""}, {""event"": ""Mitigation Applied - Rolled back deployment"", ""timestamp"": ""2021-09-01 01:05:00""}, {""event"": ""Incident Resolved - System metrics stabilized"", ""timestamp"": ""2021-09-01 05:00:00""}]",Applied mitigation at 01:05:00 by rolling back production deployment DEP-0426 or applying hotfix. Monitored CPU and error rates until they returned to baseline levels.,DEP-0426,PR-0220,ADR-0055,"We must decoupled health check endpoints from primary database checks (make them shallow), increase connection pool limits, and implement rate limiting on expensive endpoints."
INC-0205,Out of memory (OOM) crash in insightcrm-analytics pod during batch processing,A memory leak in the Go/Python worker loop processing batch uploads. The worker accumulated pointers in a global slice and did not trigger garbage collection timely. Pod reached K8s limit (512Mi) and got OOMKilled.,P1,"[{""event"": ""System Alert - Anomalous Metrics Detected"", ""timestamp"": ""2021-09-03 02:19:00""}, {""event"": ""On-call Engineer Acknowledged Alert"", ""timestamp"": ""2021-09-03 02:32:00""}, {""event"": ""Mitigation Applied - Flushed cache"", ""timestamp"": ""2021-09-03 03:07:00""}, {""event"": ""Incident Resolved - System metrics stabilized"", ""timestamp"": ""2021-09-03 05:46:00""}]",Applied mitigation at 03:07:00 by rolling back production deployment DEP-0428 or applying hotfix. Monitored CPU and error rates until they returned to baseline levels.,DEP-0428,PR-0198,ADR-0051,"Profile heap usage during batch tasks, reuse object buffers, and add strict memory limits to K8s configs with warnings at 80% usage."
INC-0206,Unoptimized query on security-auth-proxy database after release,A new feature did a sequential scan on a table containing 10M+ rows because the foreign key index was omitted in the migration script. CPU spiked to 100% and query latency went from 5ms to 8000ms.,P2,"[{""event"": ""System Alert - Anomalous Metrics Detected"", ""timestamp"": ""2021-09-03 22:41:00""}, {""event"": ""On-call Engineer Acknowledged Alert"", ""timestamp"": ""2021-09-03 22:50:00""}, {""event"": ""Mitigation Applied - Rolled back deployment"", ""timestamp"": ""2021-09-04 00:16:00""}, {""event"": ""Incident Resolved - System metrics stabilized"", ""timestamp"": ""2021-09-04 01:53:00""}]",Applied mitigation at 00:16:00 by rolling back production deployment DEP-0430 or applying hotfix. Monitored CPU and error rates until they returned to baseline levels.,DEP-0430,PR-0223,ADR-0056,Require explain-plan checks in CI/CD pipelines for any new migration files. Enforce indexing guidelines for foreign keys.
INC-0207,Routing loop in Istio service mesh for visionai-inference,A misconfigured VirtualService manifest in Terraform caused traffic to cycle between the canary deployment and the main service. Latency spiked and error rates reached 100% due to maximum hop recursion.,P0,"[{""event"": ""System Alert - Anomalous Metrics Detected"", ""timestamp"": ""2021-09-04 13:28:00""}, {""event"": ""On-call Engineer Acknowledged Alert"", ""timestamp"": ""2021-09-04 13:34:00""}, {""event"": ""Mitigation Applied - Rolled back deployment"", ""timestamp"": ""2021-09-04 14:03:00""}, {""event"": ""Incident Resolved - System metrics stabilized"", ""timestamp"": ""2021-09-04 17:01:00""}]",Applied mitigation at 14:03:00 by rolling back production deployment DEP-0436 or applying hotfix. Monitored CPU and error rates until they returned to baseline levels.,DEP-0436,PR-0226,ADR-0058,Add deployment linting checks for mesh configurations. Implement dry-run verification steps in CI/CD pipeline before applying mesh routes.
INC-0208,Cache stampede in devops-ci-cd for metadata queries,"An eviction of high-frequency metadata cache keys in Redis occurred concurrently with a traffic spike. Thousands of pods hit the underlying database at once to re-fetch the metadata, locking tables.",P1,"[{""event"": ""System Alert - Anomalous Metrics Detected"", ""timestamp"": ""2021-09-04 17:06:00""}, {""event"": ""On-call Engineer Acknowledged Alert"", ""timestamp"": ""2021-09-04 17:09:00""}, {""event"": ""Mitigation Applied - Rolled back deployment"", ""timestamp"": ""2021-09-04 18:16:00""}, {""event"": ""Incident Resolved - System metrics stabilized"", ""timestamp"": ""2021-09-04 21:39:00""}]",Applied mitigation at 18:16:00 by rolling back production deployment DEP-0432 or applying hotfix. Monitored CPU and error rates until they returned to baseline levels.,DEP-0432,PR-0222,ADR-0057,Implement cache key locking/mutexes (single-flight pattern) so only one request updates the cache while others wait. Add jitter to cache TTLs.
INC-0209,Routing loop in Istio service mesh for devops-ci-cd,A misconfigured VirtualService manifest in Terraform caused traffic to cycle between the canary deployment and the main service. Latency spiked and error rates reached 100% due to maximum hop recursion.,P0,"[{""event"": ""System Alert - Anomalous Metrics Detected"", ""timestamp"": ""2021-09-04 22:48:00""}, {""event"": ""On-call Engineer Acknowledged Alert"", ""timestamp"": ""2021-09-04 22:53:00""}, {""event"": ""Mitigation Applied - Flushed cache"", ""timestamp"": ""2021-09-05 00:11:00""}, {""event"": ""Incident Resolved - System metrics stabilized"", ""timestamp"": ""2021-09-05 03:06:00""}]",Applied mitigation at 00:11:00 by rolling back production deployment DEP-0434 or applying hotfix. Monitored CPU and error rates until they returned to baseline levels.,DEP-0434,PR-0224,ADR-0057,Add deployment linting checks for mesh configurations. Implement dry-run verification steps in CI/CD pipeline before applying mesh routes.
INC-0210,Routing loop in Istio service mesh for cloudsync-desktop,A misconfigured VirtualService manifest in Terraform caused traffic to cycle between the canary deployment and the main service. Latency spiked and error rates reached 100% due to maximum hop recursion.,P0,"[{""event"": ""System Alert - Anomalous Metrics Detected"", ""timestamp"": ""2021-09-06 08:25:00""}, {""event"": ""On-call Engineer Acknowledged Alert"", ""timestamp"": ""2021-09-06 08:36:00""}, {""event"": ""Mitigation Applied - Rolled back deployment"", ""timestamp"": ""2021-09-06 08:52:00""}, {""event"": ""Incident Resolved - System metrics stabilized"", ""timestamp"": ""2021-09-06 10:46:00""}]",Applied mitigation at 08:52:00 by rolling back production deployment DEP-0438 or applying hotfix. Monitored CPU and error rates until they returned to baseline levels.,DEP-0438,PR-0215,ADR-0054,Add deployment linting checks for mesh configurations. Implement dry-run verification steps in CI/CD pipeline before applying mesh routes.
INC-0211,Cache stampede in cloudsync-desktop for metadata queries,"An eviction of high-frequency metadata cache keys in Redis occurred concurrently with a traffic spike. Thousands of pods hit the underlying database at once to re-fetch the metadata, locking tables.",P1,"[{""event"": ""System Alert - Anomalous Metrics Detected"", ""timestamp"": ""2021-09-07 00:38:00""}, {""event"": ""On-call Engineer Acknowledged Alert"", ""timestamp"": ""2021-09-07 00:50:00""}, {""event"": ""Mitigation Applied - Increased pod count"", ""timestamp"": ""2021-09-07 02:20:00""}, {""event"": ""Incident Resolved - System metrics stabilized"", ""timestamp"": ""2021-09-07 03:31:00""}]",Applied mitigation at 02:20:00 by rolling back production deployment DEP-0440 or applying hotfix. Monitored CPU and error rates until they returned to baseline levels.,DEP-0440,PR-0217,ADR-0054,Implement cache key locking/mutexes (single-flight pattern) so only one request updates the cache while others wait. Add jitter to cache TTLs.
INC-0212,Database connection pool exhaustion on platform-k8s-mesh,"The service connection pool size was set to 20, but under heavy concurrent traffic, queries blocked on database, causing requests to queue up and exhaust all worker threads. The health check endpoint also blocked, leading Kubernetes to restart pods in a loop.",P0,"[{""event"": ""System Alert - Anomalous Metrics Detected"", ""timestamp"": ""2021-09-09 15:26:00""}, {""event"": ""On-call Engineer Acknowledged Alert"", ""timestamp"": ""2021-09-09 15:32:00""}, {""event"": ""Mitigation Applied - Increased pod count"", ""timestamp"": ""2021-09-09 16:44:00""}, {""event"": ""Incident Resolved - System metrics stabilized"", ""timestamp"": ""2021-09-09 17:19:00""}]",Applied mitigation at 16:44:00 by rolling back production deployment DEP-0444 or applying hotfix. Monitored CPU and error rates until they returned to baseline levels.,DEP-0444,PR-0227,,"We must decoupled health check endpoints from primary database checks (make them shallow), increase connection pool limits, and implement rate limiting on expensive endpoints."
INC-0213,Unoptimized query on visionai-inference database after release,A new feature did a sequential scan on a table containing 10M+ rows because the foreign key index was omitted in the migration script. CPU spiked to 100% and query latency went from 5ms to 8000ms.,P2,"[{""event"": ""System Alert - Anomalous Metrics Detected"", ""timestamp"": ""2021-09-09 23:44:00""}, {""event"": ""On-call Engineer Acknowledged Alert"", ""timestamp"": ""2021-09-09 23:58:00""}, {""event"": ""Mitigation Applied - Rolled back deployment"", ""timestamp"": ""2021-09-10 00:53:00""}, {""event"": ""Incident Resolved - System metrics stabilized"", ""timestamp"": ""2021-09-10 01:34:00""}]",Applied mitigation at 00:53:00 by rolling back production deployment DEP-0442 or applying hotfix. Monitored CPU and error rates until they returned to baseline levels.,DEP-0442,PR-0225,ADR-0058,Require explain-plan checks in CI/CD pipelines for any new migration files. Enforce indexing guidelines for foreign keys.
INC-0214,Cache stampede in visionai-inference for metadata queries,"An eviction of high-frequency metadata cache keys in Redis occurred concurrently with a traffic spike. Thousands of pods hit the underlying database at once to re-fetch the metadata, locking tables.",P1,"[{""event"": ""System Alert - Anomalous Metrics Detected"", ""timestamp"": ""2021-09-12 13:59:00""}, {""event"": ""On-call Engineer Acknowledged Alert"", ""timestamp"": ""2021-09-12 14:13:00""}, {""event"": ""Mitigation Applied - Flushed cache"", ""timestamp"": ""2021-09-12 15:25:00""}, {""event"": ""Incident Resolved - System metrics stabilized"", ""timestamp"": ""2021-09-12 19:08:00""}]",Applied mitigation at 15:25:00 by rolling back production deployment DEP-0446 or applying hotfix. Monitored CPU and error rates until they returned to baseline levels.,DEP-0446,PR-0228,ADR-0058,Implement cache key locking/mutexes (single-flight pattern) so only one request updates the cache while others wait. Add jitter to cache TTLs.
INC-0215,Out of memory (OOM) crash in devops-ci-cd pod during batch processing,A memory leak in the Go/Python worker loop processing batch uploads. The worker accumulated pointers in a global slice and did not trigger garbage collection timely. Pod reached K8s limit (512Mi) and got OOMKilled.,P1,"[{""event"": ""System Alert - Anomalous Metrics Detected"", ""timestamp"": ""2021-09-13 20:06:00""}, {""event"": ""On-call Engineer Acknowledged Alert"", ""timestamp"": ""2021-09-13 20:21:00""}, {""event"": ""Mitigation Applied - Increased pod count"", ""timestamp"": ""2021-09-13 21:38:00""}, {""event"": ""Incident Resolved - System metrics stabilized"", ""timestamp"": ""2021-09-13 22:38:00""}]",Applied mitigation at 21:38:00 by rolling back production deployment DEP-0450 or applying hotfix. Monitored CPU and error rates until they returned to baseline levels.,DEP-0450,PR-0229,ADR-0057,"Profile heap usage during batch tasks, reuse object buffers, and add strict memory limits to K8s configs with warnings at 80% usage."
INC-0216,Routing loop in Istio service mesh for novacommerce-ui,A misconfigured VirtualService manifest in Terraform caused traffic to cycle between the canary deployment and the main service. Latency spiked and error rates reached 100% due to maximum hop recursion.,P0,"[{""event"": ""System Alert - Anomalous Metrics Detected"", ""timestamp"": ""2021-09-13 22:34:00""}, {""event"": ""On-call Engineer Acknowledged Alert"", ""timestamp"": ""2021-09-13 22:39:00""}, {""event"": ""Mitigation Applied - Increased pod count"", ""timestamp"": ""2021-09-13 23:54:00""}, {""event"": ""Incident Resolved - System metrics stabilized"", ""timestamp"": ""2021-09-14 00:49:00""}]",Applied mitigation at 23:54:00 by rolling back production deployment DEP-0448 or applying hotfix. Monitored CPU and error rates until they returned to baseline levels.,DEP-0448,PR-0204,ADR-0052,Add deployment linting checks for mesh configurations. Implement dry-run verification steps in CI/CD pipeline before applying mesh routes.
INC-0217,Message lag spike on Kafka partition for cloudsync-storage,"A slow consumer thread due to synchronous downstream HTTP calls. As partition size grew, processing fell behind by over 50,000 messages, delaying order processing in NovaCommerce.",P1,"[{""event"": ""System Alert - Anomalous Metrics Detected"", ""timestamp"": ""2021-09-14 21:28:00""}, {""event"": ""On-call Engineer Acknowledged Alert"", ""timestamp"": ""2021-09-14 21:30:00""}, {""event"": ""Mitigation Applied - Flushed cache"", ""timestamp"": ""2021-09-14 22:46:00""}, {""event"": ""Incident Resolved - System metrics stabilized"", ""timestamp"": ""2021-09-15 00:21:00""}]",Applied mitigation at 22:46:00 by rolling back production deployment DEP-0452 or applying hotfix. Monitored CPU and error rates until they returned to baseline levels.,DEP-0452,PR-0236,ADR-0059,"Implement worker pool concurrency in consumer code, wrap calls in circuit breakers, and monitor consumer lag metrics to trigger auto-scaling."
INC-0218,Unoptimized query on novacommerce-cart database after release,A new feature did a sequential scan on a table containing 10M+ rows because the foreign key index was omitted in the migration script. CPU spiked to 100% and query latency went from 5ms to 8000ms.,P2,"[{""event"": ""System Alert - Anomalous Metrics Detected"", ""timestamp"": ""2021-09-15 10:25:00""}, {""event"": ""On-call Engineer Acknowledged Alert"", ""timestamp"": ""2021-09-15 10:35:00""}, {""event"": ""Mitigation Applied - Flushed cache"", ""timestamp"": ""2021-09-15 11:09:00""}, {""event"": ""Incident Resolved - System metrics stabilized"", ""timestamp"": ""2021-09-15 13:30:00""}]",Applied mitigation at 11:09:00 by rolling back production deployment DEP-0454 or applying hotfix. Monitored CPU and error rates until they returned to baseline levels.,DEP-0454,PR-0205,ADR-0053,Require explain-plan checks in CI/CD pipelines for any new migration files. Enforce indexing guidelines for foreign keys.
INC-0219,Cache stampede in platform-logging for metadata queries,"An eviction of high-frequency metadata cache keys in Redis occurred concurrently with a traffic spike. Thousands of pods hit the underlying database at once to re-fetch the metadata, locking tables.",P1,"[{""event"": ""System Alert - Anomalous Metrics Detected"", ""timestamp"": ""2021-09-16 13:22:00""}, {""event"": ""On-call Engineer Acknowledged Alert"", ""timestamp"": ""2021-09-16 13:26:00""}, {""event"": ""Mitigation Applied - Flushed cache"", ""timestamp"": ""2021-09-16 13:45:00""}, {""event"": ""Incident Resolved - System metrics stabilized"", ""timestamp"": ""2021-09-16 14:51:00""}]",Applied mitigation at 13:45:00 by rolling back production deployment DEP-0456 or applying hotfix. Monitored CPU and error rates until they returned to baseline levels.,DEP-0456,PR-0234,ADR-0060,Implement cache key locking/mutexes (single-flight pattern) so only one request updates the cache while others wait. Add jitter to cache TTLs.
INC-0220,Database connection pool exhaustion on insightcrm-analytics,"The service connection pool size was set to 20, but under heavy concurrent traffic, queries blocked on database, causing requests to queue up and exhaust all worker threads. The health check endpoint also blocked, leading Kubernetes to restart pods in a loop.",P0,"[{""event"": ""System Alert - Anomalous Metrics Detected"", ""timestamp"": ""2021-09-18 13:09:00""}, {""event"": ""On-call Engineer Acknowledged Alert"", ""timestamp"": ""2021-09-18 13:13:00""}, {""event"": ""Mitigation Applied - Rolled back deployment"", ""timestamp"": ""2021-09-18 14:19:00""}, {""event"": ""Incident Resolved - System metrics stabilized"", ""timestamp"": ""2021-09-18 15:33:00""}]",Applied mitigation at 14:19:00 by rolling back production deployment DEP-0458 or applying hotfix. Monitored CPU and error rates until they returned to baseline levels.,DEP-0458,PR-0232,,"We must decoupled health check endpoints from primary database checks (make them shallow), increase connection pool limits, and implement rate limiting on expensive endpoints."
INC-0221,Routing loop in Istio service mesh for cloudsync-desktop,A misconfigured VirtualService manifest in Terraform caused traffic to cycle between the canary deployment and the main service. Latency spiked and error rates reached 100% due to maximum hop recursion.,P0,"[{""event"": ""System Alert - Anomalous Metrics Detected"", ""timestamp"": ""2021-09-19 10:44:00""}, {""event"": ""On-call Engineer Acknowledged Alert"", ""timestamp"": ""2021-09-19 10:58:00""}, {""event"": ""Mitigation Applied - Increased pod count"", ""timestamp"": ""2021-09-19 12:07:00""}, {""event"": ""Incident Resolved - System metrics stabilized"", ""timestamp"": ""2021-09-19 15:32:00""}]",Applied mitigation at 12:07:00 by rolling back production deployment DEP-0460 or applying hotfix. Monitored CPU and error rates until they returned to baseline levels.,DEP-0460,PR-0212,ADR-0054,Add deployment linting checks for mesh configurations. Implement dry-run verification steps in CI/CD pipeline before applying mesh routes.
INC-0222,Unoptimized query on cloudsync-storage database after release,A new feature did a sequential scan on a table containing 10M+ rows because the foreign key index was omitted in the migration script. CPU spiked to 100% and query latency went from 5ms to 8000ms.,P2,"[{""event"": ""System Alert - Anomalous Metrics Detected"", ""timestamp"": ""2021-09-21 23:04:00""}, {""event"": ""On-call Engineer Acknowledged Alert"", ""timestamp"": ""2021-09-21 23:18:00""}, {""event"": ""Mitigation Applied - Flushed cache"", ""timestamp"": ""2021-09-22 00:36:00""}, {""event"": ""Incident Resolved - System metrics stabilized"", ""timestamp"": ""2021-09-22 02:26:00""}]",Applied mitigation at 00:36:00 by rolling back production deployment DEP-0462 or applying hotfix. Monitored CPU and error rates until they returned to baseline levels.,DEP-0462,PR-0235,ADR-0059,Require explain-plan checks in CI/CD pipelines for any new migration files. Enforce indexing guidelines for foreign keys.
INC-0223,Routing loop in Istio service mesh for atlaspay-gateway,A misconfigured VirtualService manifest in Terraform caused traffic to cycle between the canary deployment and the main service. Latency spiked and error rates reached 100% due to maximum hop recursion.,P0,"[{""event"": ""System Alert - Anomalous Metrics Detected"", ""timestamp"": ""2021-09-22 13:52:00""}, {""event"": ""On-call Engineer Acknowledged Alert"", ""timestamp"": ""2021-09-22 14:06:00""}, {""event"": ""Mitigation Applied - Flushed cache"", ""timestamp"": ""2021-09-22 15:25:00""}, {""event"": ""Incident Resolved - System metrics stabilized"", ""timestamp"": ""2021-09-22 17:45:00""}]",Applied mitigation at 15:25:00 by rolling back production deployment DEP-0466 or applying hotfix. Monitored CPU and error rates until they returned to baseline levels.,DEP-0466,PR-0233,ADR-0061,Add deployment linting checks for mesh configurations. Implement dry-run verification steps in CI/CD pipeline before applying mesh routes.
INC-0224,Routing loop in Istio service mesh for novacommerce-api,A misconfigured VirtualService manifest in Terraform caused traffic to cycle between the canary deployment and the main service. Latency spiked and error rates reached 100% due to maximum hop recursion.,P0,"[{""event"": ""System Alert - Anomalous Metrics Detected"", ""timestamp"": ""2021-09-23 01:08:00""}, {""event"": ""On-call Engineer Acknowledged Alert"", ""timestamp"": ""2021-09-23 01:10:00""}, {""event"": ""Mitigation Applied - Flushed cache"", ""timestamp"": ""2021-09-23 01:28:00""}, {""event"": ""Incident Resolved - System metrics stabilized"", ""timestamp"": ""2021-09-23 03:49:00""}]",Applied mitigation at 01:28:00 by rolling back production deployment DEP-0464 or applying hotfix. Monitored CPU and error rates until they returned to baseline levels.,DEP-0464,PR-0216,ADR-0055,Add deployment linting checks for mesh configurations. Implement dry-run verification steps in CI/CD pipeline before applying mesh routes.
INC-0225,Routing loop in Istio service mesh for visionai-pipeline,A misconfigured VirtualService manifest in Terraform caused traffic to cycle between the canary deployment and the main service. Latency spiked and error rates reached 100% due to maximum hop recursion.,P0,"[{""event"": ""System Alert - Anomalous Metrics Detected"", ""timestamp"": ""2021-09-23 19:13:00""}, {""event"": ""On-call Engineer Acknowledged Alert"", ""timestamp"": ""2021-09-23 19:20:00""}, {""event"": ""Mitigation Applied - Flushed cache"", ""timestamp"": ""2021-09-23 20:40:00""}, {""event"": ""Incident Resolved - System metrics stabilized"", ""timestamp"": ""2021-09-23 23:04:00""}]",Applied mitigation at 20:40:00 by rolling back production deployment DEP-0468 or applying hotfix. Monitored CPU and error rates until they returned to baseline levels.,DEP-0468,PR-0237,,Add deployment linting checks for mesh configurations. Implement dry-run verification steps in CI/CD pipeline before applying mesh routes.
INC-0226,Message lag spike on Kafka partition for security-auth-proxy,"A slow consumer thread due to synchronous downstream HTTP calls. As partition size grew, processing fell behind by over 50,000 messages, delaying order processing in NovaCommerce.",P1,"[{""event"": ""System Alert - Anomalous Metrics Detected"", ""timestamp"": ""2021-09-24 16:33:00""}, {""event"": ""On-call Engineer Acknowledged Alert"", ""timestamp"": ""2021-09-24 16:39:00""}, {""event"": ""Mitigation Applied - Rolled back deployment"", ""timestamp"": ""2021-09-24 18:09:00""}, {""event"": ""Incident Resolved - System metrics stabilized"", ""timestamp"": ""2021-09-24 21:37:00""}]",Applied mitigation at 18:09:00 by rolling back production deployment DEP-0470 or applying hotfix. Monitored CPU and error rates until they returned to baseline levels.,DEP-0470,PR-0218,ADR-0056,"Implement worker pool concurrency in consumer code, wrap calls in circuit breakers, and monitor consumer lag metrics to trigger auto-scaling."
INC-0227,Message lag spike on Kafka partition for devops-ci-cd,"A slow consumer thread due to synchronous downstream HTTP calls. As partition size grew, processing fell behind by over 50,000 messages, delaying order processing in NovaCommerce.",P1,"[{""event"": ""System Alert - Anomalous Metrics Detected"", ""timestamp"": ""2021-09-26 22:30:00""}, {""event"": ""On-call Engineer Acknowledged Alert"", ""timestamp"": ""2021-09-26 22:42:00""}, {""event"": ""Mitigation Applied - Rolled back deployment"", ""timestamp"": ""2021-09-26 23:41:00""}, {""event"": ""Incident Resolved - System metrics stabilized"", ""timestamp"": ""2021-09-27 00:38:00""}]",Applied mitigation at 23:41:00 by rolling back production deployment DEP-0472 or applying hotfix. Monitored CPU and error rates until they returned to baseline levels.,DEP-0472,PR-0219,ADR-0057,"Implement worker pool concurrency in consumer code, wrap calls in circuit breakers, and monitor consumer lag metrics to trigger auto-scaling."
INC-0228,Database connection pool exhaustion on insightcrm-api,"The service connection pool size was set to 20, but under heavy concurrent traffic, queries blocked on MongoDB, causing requests to queue up and exhaust all worker threads. The health check endpoint also blocked, leading Kubernetes to restart pods in a loop.",P0,"[{""event"": ""System Alert - Anomalous Metrics Detected"", ""timestamp"": ""2021-09-28 14:38:00""}, {""event"": ""On-call Engineer Acknowledged Alert"", ""timestamp"": ""2021-09-28 14:41:00""}, {""event"": ""Mitigation Applied - Rolled back deployment"", ""timestamp"": ""2021-09-28 15:59:00""}, {""event"": ""Incident Resolved - System metrics stabilized"", ""timestamp"": ""2021-09-28 18:40:00""}]",Applied mitigation at 15:59:00 by rolling back production deployment DEP-0476 or applying hotfix. Monitored CPU and error rates until they returned to baseline levels.,DEP-0476,PR-0238,ADR-0062,"We must decoupled health check endpoints from primary database checks (make them shallow), increase connection pool limits, and implement rate limiting on expensive endpoints."
INC-0229,Database connection pool exhaustion on visionai-inference,"The service connection pool size was set to 20, but under heavy concurrent traffic, queries blocked on database, causing requests to queue up and exhaust all worker threads. The health check endpoint also blocked, leading Kubernetes to restart pods in a loop.",P0,"[{""event"": ""System Alert - Anomalous Metrics Detected"", ""timestamp"": ""2021-09-28 23:17:00""}, {""event"": ""On-call Engineer Acknowledged Alert"", ""timestamp"": ""2021-09-28 23:32:00""}, {""event"": ""Mitigation Applied - Flushed cache"", ""timestamp"": ""2021-09-29 00:45:00""}, {""event"": ""Incident Resolved - System metrics stabilized"", ""timestamp"": ""2021-09-29 01:33:00""}]",Applied mitigation at 00:45:00 by rolling back production deployment DEP-0474 or applying hotfix. Monitored CPU and error rates until they returned to baseline levels.,DEP-0474,PR-0221,ADR-0058,"We must decoupled health check endpoints from primary database checks (make them shallow), increase connection pool limits, and implement rate limiting on expensive endpoints."
INC-0230,Database connection pool exhaustion on insightcrm-api,"The service connection pool size was set to 20, but under heavy concurrent traffic, queries blocked on MongoDB, causing requests to queue up and exhaust all worker threads. The health check endpoint also blocked, leading Kubernetes to restart pods in a loop.",P0,"[{""event"": ""System Alert - Anomalous Metrics Detected"", ""timestamp"": ""2021-10-03 09:53:00""}, {""event"": ""On-call Engineer Acknowledged Alert"", ""timestamp"": ""2021-10-03 09:58:00""}, {""event"": ""Mitigation Applied - Flushed cache"", ""timestamp"": ""2021-10-03 11:05:00""}, {""event"": ""Incident Resolved - System metrics stabilized"", ""timestamp"": ""2021-10-03 13:23:00""}]",Applied mitigation at 11:05:00 by rolling back production deployment DEP-0478 or applying hotfix. Monitored CPU and error rates until they returned to baseline levels.,DEP-0478,PR-0241,,"We must decoupled health check endpoints from primary database checks (make them shallow), increase connection pool limits, and implement rate limiting on expensive endpoints."
INC-0231,Database connection pool exhaustion on atlaspay-gateway,"The service connection pool size was set to 20, but under heavy concurrent traffic, queries blocked on PostgreSQL, causing requests to queue up and exhaust all worker threads. The health check endpoint also blocked, leading Kubernetes to restart pods in a loop.",P0,"[{""event"": ""System Alert - Anomalous Metrics Detected"", ""timestamp"": ""2021-10-04 12:45:00""}, {""event"": ""On-call Engineer Acknowledged Alert"", ""timestamp"": ""2021-10-04 12:52:00""}, {""event"": ""Mitigation Applied - Rolled back deployment"", ""timestamp"": ""2021-10-04 14:11:00""}, {""event"": ""Incident Resolved - System metrics stabilized"", ""timestamp"": ""2021-10-04 16:50:00""}]",Applied mitigation at 14:11:00 by rolling back production deployment DEP-0481 or applying hotfix. Monitored CPU and error rates until they returned to baseline levels.,DEP-0481,PR-0240,ADR-0061,"We must decoupled health check endpoints from primary database checks (make them shallow), increase connection pool limits, and implement rate limiting on expensive endpoints."
INC-0232,Routing loop in Istio service mesh for cloudsync-daemon,A misconfigured VirtualService manifest in Terraform caused traffic to cycle between the canary deployment and the main service. Latency spiked and error rates reached 100% due to maximum hop recursion.,P0,"[{""event"": ""System Alert - Anomalous Metrics Detected"", ""timestamp"": ""2021-10-06 09:24:00""}, {""event"": ""On-call Engineer Acknowledged Alert"", ""timestamp"": ""2021-10-06 09:27:00""}, {""event"": ""Mitigation Applied - Rolled back deployment"", ""timestamp"": ""2021-10-06 10:39:00""}, {""event"": ""Incident Resolved - System metrics stabilized"", ""timestamp"": ""2021-10-06 11:28:00""}]",Applied mitigation at 10:39:00 by rolling back production deployment DEP-0489 or applying hotfix. Monitored CPU and error rates until they returned to baseline levels.,DEP-0489,PR-0247,ADR-0064,Add deployment linting checks for mesh configurations. Implement dry-run verification steps in CI/CD pipeline before applying mesh routes.
INC-0233,Unoptimized query on atlaspay-gateway database after release,A new feature did a sequential scan on a table containing 10M+ rows because the foreign key index was omitted in the migration script. CPU spiked to 100% and query latency went from 5ms to 8000ms.,P2,"[{""event"": ""System Alert - Anomalous Metrics Detected"", ""timestamp"": ""2021-10-06 10:08:00""}, {""event"": ""On-call Engineer Acknowledged Alert"", ""timestamp"": ""2021-10-06 10:22:00""}, {""event"": ""Mitigation Applied - Increased pod count"", ""timestamp"": ""2021-10-06 11:07:00""}, {""event"": ""Incident Resolved - System metrics stabilized"", ""timestamp"": ""2021-10-06 15:02:00""}]",Applied mitigation at 11:07:00 by rolling back production deployment DEP-0485 or applying hotfix. Monitored CPU and error rates until they returned to baseline levels.,DEP-0485,PR-0242,ADR-0061,Require explain-plan checks in CI/CD pipelines for any new migration files. Enforce indexing guidelines for foreign keys.
INC-0234,Out of memory (OOM) crash in cloudsync-storage pod during batch processing,A memory leak in the Go/Python worker loop processing batch uploads. The worker accumulated pointers in a global slice and did not trigger garbage collection timely. Pod reached K8s limit (2Gi) and got OOMKilled.,P1,"[{""event"": ""System Alert - Anomalous Metrics Detected"", ""timestamp"": ""2021-10-06 10:50:00""}, {""event"": ""On-call Engineer Acknowledged Alert"", ""timestamp"": ""2021-10-06 10:52:00""}, {""event"": ""Mitigation Applied - Flushed cache"", ""timestamp"": ""2021-10-06 12:04:00""}, {""event"": ""Incident Resolved - System metrics stabilized"", ""timestamp"": ""2021-10-06 14:02:00""}]",Applied mitigation at 12:04:00 by rolling back production deployment DEP-0483 or applying hotfix. Monitored CPU and error rates until they returned to baseline levels.,DEP-0483,PR-0230,ADR-0059,"Profile heap usage during batch tasks, reuse object buffers, and add strict memory limits to K8s configs with warnings at 80% usage."
INC-0235,Out of memory (OOM) crash in atlaspay-gateway pod during batch processing,A memory leak in the Go/Python worker loop processing batch uploads. The worker accumulated pointers in a global slice and did not trigger garbage collection timely. Pod reached K8s limit (512Mi) and got OOMKilled.,P1,"[{""event"": ""System Alert - Anomalous Metrics Detected"", ""timestamp"": ""2021-10-06 13:52:00""}, {""event"": ""On-call Engineer Acknowledged Alert"", ""timestamp"": ""2021-10-06 14:03:00""}, {""event"": ""Mitigation Applied - Flushed cache"", ""timestamp"": ""2021-10-06 14:32:00""}, {""event"": ""Incident Resolved - System metrics stabilized"", ""timestamp"": ""2021-10-06 18:27:00""}]",Applied mitigation at 14:32:00 by rolling back production deployment DEP-0487 or applying hotfix. Monitored CPU and error rates until they returned to baseline levels.,DEP-0487,PR-0245,ADR-0061,"Profile heap usage during batch tasks, reuse object buffers, and add strict memory limits to K8s configs with warnings at 80% usage."
INC-0236,Routing loop in Istio service mesh for platform-logging,A misconfigured VirtualService manifest in Terraform caused traffic to cycle between the canary deployment and the main service. Latency spiked and error rates reached 100% due to maximum hop recursion.,P0,"[{""event"": ""System Alert - Anomalous Metrics Detected"", ""timestamp"": ""2021-10-07 07:41:00""}, {""event"": ""On-call Engineer Acknowledged Alert"", ""timestamp"": ""2021-10-07 07:56:00""}, {""event"": ""Mitigation Applied - Rolled back deployment"", ""timestamp"": ""2021-10-07 09:04:00""}, {""event"": ""Incident Resolved - System metrics stabilized"", ""timestamp"": ""2021-10-07 10:42:00""}]",Applied mitigation at 09:04:00 by rolling back production deployment DEP-0491 or applying hotfix. Monitored CPU and error rates until they returned to baseline levels.,DEP-0491,PR-0231,ADR-0060,Add deployment linting checks for mesh configurations. Implement dry-run verification steps in CI/CD pipeline before applying mesh routes.
INC-0237,Unoptimized query on atlaspay-ledger database after release,A new feature did a sequential scan on a table containing 10M+ rows because the foreign key index was omitted in the migration script. CPU spiked to 100% and query latency went from 5ms to 8000ms.,P2,"[{""event"": ""System Alert - Anomalous Metrics Detected"", ""timestamp"": ""2021-10-07 23:06:00""}, {""event"": ""On-call Engineer Acknowledged Alert"", ""timestamp"": ""2021-10-07 23:18:00""}, {""event"": ""Mitigation Applied - Rolled back deployment"", ""timestamp"": ""2021-10-08 00:07:00""}, {""event"": ""Incident Resolved - System metrics stabilized"", ""timestamp"": ""2021-10-08 01:55:00""}]",Applied mitigation at 00:07:00 by rolling back production deployment DEP-0493 or applying hotfix. Monitored CPU and error rates until they returned to baseline levels.,DEP-0493,PR-0250,ADR-0063,Require explain-plan checks in CI/CD pipelines for any new migration files. Enforce indexing guidelines for foreign keys.
INC-0238,Out of memory (OOM) crash in novacommerce-api pod during batch processing,A memory leak in the Go/Python worker loop processing batch uploads. The worker accumulated pointers in a global slice and did not trigger garbage collection timely. Pod reached K8s limit (1Gi) and got OOMKilled.,P1,"[{""event"": ""System Alert - Anomalous Metrics Detected"", ""timestamp"": ""2021-10-08 08:54:00""}, {""event"": ""On-call Engineer Acknowledged Alert"", ""timestamp"": ""2021-10-08 09:04:00""}, {""event"": ""Mitigation Applied - Flushed cache"", ""timestamp"": ""2021-10-08 10:25:00""}, {""event"": ""Incident Resolved - System metrics stabilized"", ""timestamp"": ""2021-10-08 12:20:00""}]",Applied mitigation at 10:25:00 by rolling back production deployment DEP-0495 or applying hotfix. Monitored CPU and error rates until they returned to baseline levels.,DEP-0495,PR-0253,,"Profile heap usage during batch tasks, reuse object buffers, and add strict memory limits to K8s configs with warnings at 80% usage."
INC-0239,Out of memory (OOM) crash in insightcrm-analytics pod during batch processing,A memory leak in the Go/Python worker loop processing batch uploads. The worker accumulated pointers in a global slice and did not trigger garbage collection timely. Pod reached K8s limit (512Mi) and got OOMKilled.,P1,"[{""event"": ""System Alert - Anomalous Metrics Detected"", ""timestamp"": ""2021-10-09 17:26:00""}, {""event"": ""On-call Engineer Acknowledged Alert"", ""timestamp"": ""2021-10-09 17:29:00""}, {""event"": ""Mitigation Applied - Increased pod count"", ""timestamp"": ""2021-10-09 17:51:00""}, {""event"": ""Incident Resolved - System metrics stabilized"", ""timestamp"": ""2021-10-09 20:31:00""}]",Applied mitigation at 17:51:00 by rolling back production deployment DEP-0497 or applying hotfix. Monitored CPU and error rates until they returned to baseline levels.,DEP-0497,PR-0243,,"Profile heap usage during batch tasks, reuse object buffers, and add strict memory limits to K8s configs with warnings at 80% usage."
INC-0240,Routing loop in Istio service mesh for security-auth-proxy,A misconfigured VirtualService manifest in Terraform caused traffic to cycle between the canary deployment and the main service. Latency spiked and error rates reached 100% due to maximum hop recursion.,P0,"[{""event"": ""System Alert - Anomalous Metrics Detected"", ""timestamp"": ""2021-10-10 10:18:00""}, {""event"": ""On-call Engineer Acknowledged Alert"", ""timestamp"": ""2021-10-10 10:25:00""}, {""event"": ""Mitigation Applied - Flushed cache"", ""timestamp"": ""2021-10-10 11:35:00""}, {""event"": ""Incident Resolved - System metrics stabilized"", ""timestamp"": ""2021-10-10 13:41:00""}]",Applied mitigation at 11:35:00 by rolling back production deployment DEP-0499 or applying hotfix. Monitored CPU and error rates until they returned to baseline levels.,DEP-0499,PR-0254,,Add deployment linting checks for mesh configurations. Implement dry-run verification steps in CI/CD pipeline before applying mesh routes.
INC-0241,Message lag spike on Kafka partition for cloudsync-daemon,"A slow consumer thread due to synchronous downstream HTTP calls. As partition size grew, processing fell behind by over 50,000 messages, delaying order processing in NovaCommerce.",P1,"[{""event"": ""System Alert - Anomalous Metrics Detected"", ""timestamp"": ""2021-10-12 05:56:00""}, {""event"": ""On-call Engineer Acknowledged Alert"", ""timestamp"": ""2021-10-12 06:05:00""}, {""event"": ""Mitigation Applied - Rolled back deployment"", ""timestamp"": ""2021-10-12 07:34:00""}, {""event"": ""Incident Resolved - System metrics stabilized"", ""timestamp"": ""2021-10-12 08:04:00""}]",Applied mitigation at 07:34:00 by rolling back production deployment DEP-0505 or applying hotfix. Monitored CPU and error rates until they returned to baseline levels.,DEP-0505,PR-0262,ADR-0064,"Implement worker pool concurrency in consumer code, wrap calls in circuit breakers, and monitor consumer lag metrics to trigger auto-scaling."
INC-0242,Message lag spike on Kafka partition for atlaspay-ledger,"A slow consumer thread due to synchronous downstream HTTP calls. As partition size grew, processing fell behind by over 50,000 messages, delaying order processing in NovaCommerce.",P1,"[{""event"": ""System Alert - Anomalous Metrics Detected"", ""timestamp"": ""2021-10-12 08:29:00""}, {""event"": ""On-call Engineer Acknowledged Alert"", ""timestamp"": ""2021-10-12 08:39:00""}, {""event"": ""Mitigation Applied - Flushed cache"", ""timestamp"": ""2021-10-12 09:48:00""}, {""event"": ""Incident Resolved - System metrics stabilized"", ""timestamp"": ""2021-10-12 13:32:00""}]",Applied mitigation at 09:48:00 by rolling back production deployment DEP-0503 or applying hotfix. Monitored CPU and error rates until they returned to baseline levels.,DEP-0503,PR-0251,ADR-0063,"Implement worker pool concurrency in consumer code, wrap calls in circuit breakers, and monitor consumer lag metrics to trigger auto-scaling."
INC-0243,Cache stampede in insightcrm-api for metadata queries,"An eviction of high-frequency metadata cache keys in Redis occurred concurrently with a traffic spike. Thousands of pods hit the underlying database at once to re-fetch the metadata, locking tables.",P1,"[{""event"": ""System Alert - Anomalous Metrics Detected"", ""timestamp"": ""2021-10-12 10:20:00""}, {""event"": ""On-call Engineer Acknowledged Alert"", ""timestamp"": ""2021-10-12 10:22:00""}, {""event"": ""Mitigation Applied - Rolled back deployment"", ""timestamp"": ""2021-10-12 11:36:00""}, {""event"": ""Incident Resolved - System metrics stabilized"", ""timestamp"": ""2021-10-12 15:13:00""}]",Applied mitigation at 11:36:00 by rolling back production deployment DEP-0501 or applying hotfix. Monitored CPU and error rates until they returned to baseline levels.,DEP-0501,PR-0249,ADR-0062,Implement cache key locking/mutexes (single-flight pattern) so only one request updates the cache while others wait. Add jitter to cache TTLs.
INC-0244,Unoptimized query on atlaspay-ledger database after release,A new feature did a sequential scan on a table containing 10M+ rows because the foreign key index was omitted in the migration script. CPU spiked to 100% and query latency went from 5ms to 8000ms.,P2,"[{""event"": ""System Alert - Anomalous Metrics Detected"", ""timestamp"": ""2021-10-13 09:40:00""}, {""event"": ""On-call Engineer Acknowledged Alert"", ""timestamp"": ""2021-10-13 09:48:00""}, {""event"": ""Mitigation Applied - Rolled back deployment"", ""timestamp"": ""2021-10-13 10:45:00""}, {""event"": ""Incident Resolved - System metrics stabilized"", ""timestamp"": ""2021-10-13 12:29:00""}]",Applied mitigation at 10:45:00 by rolling back production deployment DEP-0507 or applying hotfix. Monitored CPU and error rates until they returned to baseline levels.,DEP-0507,PR-0252,ADR-0063,Require explain-plan checks in CI/CD pipelines for any new migration files. Enforce indexing guidelines for foreign keys.
INC-0245,Routing loop in Istio service mesh for cloudsync-daemon,A misconfigured VirtualService manifest in Terraform caused traffic to cycle between the canary deployment and the main service. Latency spiked and error rates reached 100% due to maximum hop recursion.,P0,"[{""event"": ""System Alert - Anomalous Metrics Detected"", ""timestamp"": ""2021-10-14 13:26:00""}, {""event"": ""On-call Engineer Acknowledged Alert"", ""timestamp"": ""2021-10-14 13:29:00""}, {""event"": ""Mitigation Applied - Flushed cache"", ""timestamp"": ""2021-10-14 14:00:00""}, {""event"": ""Incident Resolved - System metrics stabilized"", ""timestamp"": ""2021-10-14 16:10:00""}]",Applied mitigation at 14:00:00 by rolling back production deployment DEP-0509 or applying hotfix. Monitored CPU and error rates until they returned to baseline levels.,DEP-0509,PR-0261,ADR-0064,Add deployment linting checks for mesh configurations. Implement dry-run verification steps in CI/CD pipeline before applying mesh routes.
INC-0246,Unoptimized query on novacommerce-checkout database after release,A new feature did a sequential scan on a table containing 10M+ rows because the foreign key index was omitted in the migration script. CPU spiked to 100% and query latency went from 5ms to 8000ms.,P2,"[{""event"": ""System Alert - Anomalous Metrics Detected"", ""timestamp"": ""2021-10-16 09:36:00""}, {""event"": ""On-call Engineer Acknowledged Alert"", ""timestamp"": ""2021-10-16 09:47:00""}, {""event"": ""Mitigation Applied - Rolled back deployment"", ""timestamp"": ""2021-10-16 11:00:00""}, {""event"": ""Incident Resolved - System metrics stabilized"", ""timestamp"": ""2021-10-16 14:15:00""}]",Applied mitigation at 11:00:00 by rolling back production deployment DEP-0511 or applying hotfix. Monitored CPU and error rates until they returned to baseline levels.,DEP-0511,PR-0255,,Require explain-plan checks in CI/CD pipelines for any new migration files. Enforce indexing guidelines for foreign keys.
INC-0247,Cache stampede in cloudsync-daemon for metadata queries,"An eviction of high-frequency metadata cache keys in Redis occurred concurrently with a traffic spike. Thousands of pods hit the underlying database at once to re-fetch the metadata, locking tables.",P1,"[{""event"": ""System Alert - Anomalous Metrics Detected"", ""timestamp"": ""2021-10-18 11:33:00""}, {""event"": ""On-call Engineer Acknowledged Alert"", ""timestamp"": ""2021-10-18 11:42:00""}, {""event"": ""Mitigation Applied - Flushed cache"", ""timestamp"": ""2021-10-18 12:49:00""}, {""event"": ""Incident Resolved - System metrics stabilized"", ""timestamp"": ""2021-10-18 13:42:00""}]",Applied mitigation at 12:49:00 by rolling back production deployment DEP-0513 or applying hotfix. Monitored CPU and error rates until they returned to baseline levels.,DEP-0513,PR-0266,,Implement cache key locking/mutexes (single-flight pattern) so only one request updates the cache while others wait. Add jitter to cache TTLs.
INC-0248,Message lag spike on Kafka partition for visionai-inference,"A slow consumer thread due to synchronous downstream HTTP calls. As partition size grew, processing fell behind by over 50,000 messages, delaying order processing in NovaCommerce.",P1,"[{""event"": ""System Alert - Anomalous Metrics Detected"", ""timestamp"": ""2021-10-19 09:06:00""}, {""event"": ""On-call Engineer Acknowledged Alert"", ""timestamp"": ""2021-10-19 09:21:00""}, {""event"": ""Mitigation Applied - Increased pod count"", ""timestamp"": ""2021-10-19 10:44:00""}, {""event"": ""Incident Resolved - System metrics stabilized"", ""timestamp"": ""2021-10-19 13:20:00""}]",Applied mitigation at 10:44:00 by rolling back production deployment DEP-0515 or applying hotfix. Monitored CPU and error rates until they returned to baseline levels.,DEP-0515,PR-0267,,"Implement worker pool concurrency in consumer code, wrap calls in circuit breakers, and monitor consumer lag metrics to trigger auto-scaling."
INC-0249,Message lag spike on Kafka partition for cloudsync-daemon,"A slow consumer thread due to synchronous downstream HTTP calls. As partition size grew, processing fell behind by over 50,000 messages, delaying order processing in NovaCommerce.",P1,"[{""event"": ""System Alert - Anomalous Metrics Detected"", ""timestamp"": ""2021-10-20 21:17:00""}, {""event"": ""On-call Engineer Acknowledged Alert"", ""timestamp"": ""2021-10-20 21:19:00""}, {""event"": ""Mitigation Applied - Rolled back deployment"", ""timestamp"": ""2021-10-20 21:46:00""}, {""event"": ""Incident Resolved - System metrics stabilized"", ""timestamp"": ""2021-10-20 23:12:00""}]",Applied mitigation at 21:46:00 by rolling back production deployment DEP-0517 or applying hotfix. Monitored CPU and error rates until they returned to baseline levels.,DEP-0517,PR-0257,ADR-0064,"Implement worker pool concurrency in consumer code, wrap calls in circuit breakers, and monitor consumer lag metrics to trigger auto-scaling."
INC-0250,Database connection pool exhaustion on platform-monitoring,"The service connection pool size was set to 20, but under heavy concurrent traffic, queries blocked on database, causing requests to queue up and exhaust all worker threads. The health check endpoint also blocked, leading Kubernetes to restart pods in a loop.",P0,"[{""event"": ""System Alert - Anomalous Metrics Detected"", ""timestamp"": ""2021-10-21 15:54:00""}, {""event"": ""On-call Engineer Acknowledged Alert"", ""timestamp"": ""2021-10-21 16:04:00""}, {""event"": ""Mitigation Applied - Increased pod count"", ""timestamp"": ""2021-10-21 17:13:00""}, {""event"": ""Incident Resolved - System metrics stabilized"", ""timestamp"": ""2021-10-21 18:16:00""}]",Applied mitigation at 17:13:00 by rolling back production deployment DEP-0519 or applying hotfix. Monitored CPU and error rates until they returned to baseline levels.,DEP-0519,PR-0264,ADR-0065,"We must decoupled health check endpoints from primary database checks (make them shallow), increase connection pool limits, and implement rate limiting on expensive endpoints."
INC-0251,Out of memory (OOM) crash in atlaspay-gateway pod during batch processing,A memory leak in the Go/Python worker loop processing batch uploads. The worker accumulated pointers in a global slice and did not trigger garbage collection timely. Pod reached K8s limit (1Gi) and got OOMKilled.,P1,"[{""event"": ""System Alert - Anomalous Metrics Detected"", ""timestamp"": ""2021-10-22 12:40:00""}, {""event"": ""On-call Engineer Acknowledged Alert"", ""timestamp"": ""2021-10-22 12:43:00""}, {""event"": ""Mitigation Applied - Increased pod count"", ""timestamp"": ""2021-10-22 13:38:00""}, {""event"": ""Incident Resolved - System metrics stabilized"", ""timestamp"": ""2021-10-22 17:21:00""}]",Applied mitigation at 13:38:00 by rolling back production deployment DEP-0521 or applying hotfix. Monitored CPU and error rates until they returned to baseline levels.,DEP-0521,PR-0239,ADR-0061,"Profile heap usage during batch tasks, reuse object buffers, and add strict memory limits to K8s configs with warnings at 80% usage."
INC-0252,Database connection pool exhaustion on security-auth-proxy,"The service connection pool size was set to 20, but under heavy concurrent traffic, queries blocked on database, causing requests to queue up and exhaust all worker threads. The health check endpoint also blocked, leading Kubernetes to restart pods in a loop.",P0,"[{""event"": ""System Alert - Anomalous Metrics Detected"", ""timestamp"": ""2021-10-22 15:26:00""}, {""event"": ""On-call Engineer Acknowledged Alert"", ""timestamp"": ""2021-10-22 15:40:00""}, {""event"": ""Mitigation Applied - Rolled back deployment"", ""timestamp"": ""2021-10-22 16:44:00""}, {""event"": ""Incident Resolved - System metrics stabilized"", ""timestamp"": ""2021-10-22 18:39:00""}]",Applied mitigation at 16:44:00 by rolling back production deployment DEP-0526 or applying hotfix. Monitored CPU and error rates until they returned to baseline levels.,DEP-0526,PR-0265,,"We must decoupled health check endpoints from primary database checks (make them shallow), increase connection pool limits, and implement rate limiting on expensive endpoints."
INC-0253,Cache stampede in platform-monitoring for metadata queries,"An eviction of high-frequency metadata cache keys in Redis occurred concurrently with a traffic spike. Thousands of pods hit the underlying database at once to re-fetch the metadata, locking tables.",P1,"[{""event"": ""System Alert - Anomalous Metrics Detected"", ""timestamp"": ""2021-10-22 22:37:00""}, {""event"": ""On-call Engineer Acknowledged Alert"", ""timestamp"": ""2021-10-22 22:50:00""}, {""event"": ""Mitigation Applied - Flushed cache"", ""timestamp"": ""2021-10-22 23:06:00""}, {""event"": ""Incident Resolved - System metrics stabilized"", ""timestamp"": ""2021-10-23 01:19:00""}]",Applied mitigation at 23:06:00 by rolling back production deployment DEP-0523 or applying hotfix. Monitored CPU and error rates until they returned to baseline levels.,DEP-0523,PR-0259,ADR-0065,Implement cache key locking/mutexes (single-flight pattern) so only one request updates the cache while others wait. Add jitter to cache TTLs.
INC-0254,Out of memory (OOM) crash in platform-monitoring pod during batch processing,A memory leak in the Go/Python worker loop processing batch uploads. The worker accumulated pointers in a global slice and did not trigger garbage collection timely. Pod reached K8s limit (2Gi) and got OOMKilled.,P1,"[{""event"": ""System Alert - Anomalous Metrics Detected"", ""timestamp"": ""2021-10-23 02:08:00""}, {""event"": ""On-call Engineer Acknowledged Alert"", ""timestamp"": ""2021-10-23 02:23:00""}, {""event"": ""Mitigation Applied - Increased pod count"", ""timestamp"": ""2021-10-23 03:33:00""}, {""event"": ""Incident Resolved - System metrics stabilized"", ""timestamp"": ""2021-10-23 05:34:00""}]",Applied mitigation at 03:33:00 by rolling back production deployment DEP-0528 or applying hotfix. Monitored CPU and error rates until they returned to baseline levels.,DEP-0528,PR-0260,ADR-0065,"Profile heap usage during batch tasks, reuse object buffers, and add strict memory limits to K8s configs with warnings at 80% usage."
INC-0255,Out of memory (OOM) crash in novacommerce-ui pod during batch processing,A memory leak in the Go/Python worker loop processing batch uploads. The worker accumulated pointers in a global slice and did not trigger garbage collection timely. Pod reached K8s limit (512Mi) and got OOMKilled.,P1,"[{""event"": ""System Alert - Anomalous Metrics Detected"", ""timestamp"": ""2021-10-23 12:47:00""}, {""event"": ""On-call Engineer Acknowledged Alert"", ""timestamp"": ""2021-10-23 12:49:00""}, {""event"": ""Mitigation Applied - Flushed cache"", ""timestamp"": ""2021-10-23 13:40:00""}, {""event"": ""Incident Resolved - System metrics stabilized"", ""timestamp"": ""2021-10-23 14:57:00""}]",Applied mitigation at 13:40:00 by rolling back production deployment DEP-0530 or applying hotfix. Monitored CPU and error rates until they returned to baseline levels.,DEP-0530,PR-0268,,"Profile heap usage during batch tasks, reuse object buffers, and add strict memory limits to K8s configs with warnings at 80% usage."
INC-0256,Message lag spike on Kafka partition for security-auth-proxy,"A slow consumer thread due to synchronous downstream HTTP calls. As partition size grew, processing fell behind by over 50,000 messages, delaying order processing in NovaCommerce.",P1,"[{""event"": ""System Alert - Anomalous Metrics Detected"", ""timestamp"": ""2021-10-24 02:34:00""}, {""event"": ""On-call Engineer Acknowledged Alert"", ""timestamp"": ""2021-10-24 02:46:00""}, {""event"": ""Mitigation Applied - Increased pod count"", ""timestamp"": ""2021-10-24 03:08:00""}, {""event"": ""Incident Resolved - System metrics stabilized"", ""timestamp"": ""2021-10-24 04:33:00""}]",Applied mitigation at 03:08:00 by rolling back production deployment DEP-0532 or applying hotfix. Monitored CPU and error rates until they returned to baseline levels.,DEP-0532,PR-0263,,"Implement worker pool concurrency in consumer code, wrap calls in circuit breakers, and monitor consumer lag metrics to trigger auto-scaling."
INC-0257,Out of memory (OOM) crash in fusionerp-core pod during batch processing,A memory leak in the Go/Python worker loop processing batch uploads. The worker accumulated pointers in a global slice and did not trigger garbage collection timely. Pod reached K8s limit (512Mi) and got OOMKilled.,P1,"[{""event"": ""System Alert - Anomalous Metrics Detected"", ""timestamp"": ""2021-10-27 00:18:00""}, {""event"": ""On-call Engineer Acknowledged Alert"", ""timestamp"": ""2021-10-27 00:23:00""}, {""event"": ""Mitigation Applied - Increased pod count"", ""timestamp"": ""2021-10-27 01:32:00""}, {""event"": ""Incident Resolved - System metrics stabilized"", ""timestamp"": ""2021-10-27 03:18:00""}]",Applied mitigation at 01:32:00 by rolling back production deployment DEP-0534 or applying hotfix. Monitored CPU and error rates until they returned to baseline levels.,DEP-0534,PR-0269,,"Profile heap usage during batch tasks, reuse object buffers, and add strict memory limits to K8s configs with warnings at 80% usage."
INC-0258,Routing loop in Istio service mesh for insightcrm-api,A misconfigured VirtualService manifest in Terraform caused traffic to cycle between the canary deployment and the main service. Latency spiked and error rates reached 100% due to maximum hop recursion.,P0,"[{""event"": ""System Alert - Anomalous Metrics Detected"", ""timestamp"": ""2021-10-28 15:22:00""}, {""event"": ""On-call Engineer Acknowledged Alert"", ""timestamp"": ""2021-10-28 15:26:00""}, {""event"": ""Mitigation Applied - Rolled back deployment"", ""timestamp"": ""2021-10-28 15:51:00""}, {""event"": ""Incident Resolved - System metrics stabilized"", ""timestamp"": ""2021-10-28 19:20:00""}]",Applied mitigation at 15:51:00 by rolling back production deployment DEP-0538 or applying hotfix. Monitored CPU and error rates until they returned to baseline levels.,DEP-0538,PR-0248,ADR-0062,Add deployment linting checks for mesh configurations. Implement dry-run verification steps in CI/CD pipeline before applying mesh routes.
INC-0259,Out of memory (OOM) crash in atlaspay-ledger pod during batch processing,A memory leak in the Go/Python worker loop processing batch uploads. The worker accumulated pointers in a global slice and did not trigger garbage collection timely. Pod reached K8s limit (512Mi) and got OOMKilled.,P1,"[{""event"": ""System Alert - Anomalous Metrics Detected"", ""timestamp"": ""2021-10-28 21:22:00""}, {""event"": ""On-call Engineer Acknowledged Alert"", ""timestamp"": ""2021-10-28 21:35:00""}, {""event"": ""Mitigation Applied - Flushed cache"", ""timestamp"": ""2021-10-28 22:47:00""}, {""event"": ""Incident Resolved - System metrics stabilized"", ""timestamp"": ""2021-10-29 01:07:00""}]",Applied mitigation at 22:47:00 by rolling back production deployment DEP-0536 or applying hotfix. Monitored CPU and error rates until they returned to baseline levels.,DEP-0536,PR-0246,ADR-0063,"Profile heap usage during batch tasks, reuse object buffers, and add strict memory limits to K8s configs with warnings at 80% usage."
INC-0260,Out of memory (OOM) crash in security-auth-proxy pod during batch processing,A memory leak in the Go/Python worker loop processing batch uploads. The worker accumulated pointers in a global slice and did not trigger garbage collection timely. Pod reached K8s limit (1Gi) and got OOMKilled.,P1,"[{""event"": ""System Alert - Anomalous Metrics Detected"", ""timestamp"": ""2021-10-31 20:11:00""}, {""event"": ""On-call Engineer Acknowledged Alert"", ""timestamp"": ""2021-10-31 20:18:00""}, {""event"": ""Mitigation Applied - Flushed cache"", ""timestamp"": ""2021-10-31 21:33:00""}, {""event"": ""Incident Resolved - System metrics stabilized"", ""timestamp"": ""2021-11-01 01:13:00""}]",Applied mitigation at 21:33:00 by rolling back production deployment DEP-0540 or applying hotfix. Monitored CPU and error rates until they returned to baseline levels.,DEP-0540,PR-0270,ADR-0069,"Profile heap usage during batch tasks, reuse object buffers, and add strict memory limits to K8s configs with warnings at 80% usage."
INC-0261,Cache stampede in insightcrm-api for metadata queries,"An eviction of high-frequency metadata cache keys in Redis occurred concurrently with a traffic spike. Thousands of pods hit the underlying database at once to re-fetch the metadata, locking tables.",P1,"[{""event"": ""System Alert - Anomalous Metrics Detected"", ""timestamp"": ""2021-11-02 15:57:00""}, {""event"": ""On-call Engineer Acknowledged Alert"", ""timestamp"": ""2021-11-02 16:02:00""}, {""event"": ""Mitigation Applied - Flushed cache"", ""timestamp"": ""2021-11-02 16:25:00""}, {""event"": ""Incident Resolved - System metrics stabilized"", ""timestamp"": ""2021-11-02 19:53:00""}]",Applied mitigation at 16:25:00 by rolling back production deployment DEP-0542 or applying hotfix. Monitored CPU and error rates until they returned to baseline levels.,DEP-0542,PR-0271,ADR-0071,Implement cache key locking/mutexes (single-flight pattern) so only one request updates the cache while others wait. Add jitter to cache TTLs.
INC-0262,Database connection pool exhaustion on visionai-pipeline,"The service connection pool size was set to 20, but under heavy concurrent traffic, queries blocked on database, causing requests to queue up and exhaust all worker threads. The health check endpoint also blocked, leading Kubernetes to restart pods in a loop.",P0,"[{""event"": ""System Alert - Anomalous Metrics Detected"", ""timestamp"": ""2021-11-04 07:41:00""}, {""event"": ""On-call Engineer Acknowledged Alert"", ""timestamp"": ""2021-11-04 07:49:00""}, {""event"": ""Mitigation Applied - Flushed cache"", ""timestamp"": ""2021-11-04 09:11:00""}, {""event"": ""Incident Resolved - System metrics stabilized"", ""timestamp"": ""2021-11-04 10:42:00""}]",Applied mitigation at 09:11:00 by rolling back production deployment DEP-0544 or applying hotfix. Monitored CPU and error rates until they returned to baseline levels.,DEP-0544,PR-0280,ADR-0066,"We must decoupled health check endpoints from primary database checks (make them shallow), increase connection pool limits, and implement rate limiting on expensive endpoints."
INC-0263,Message lag spike on Kafka partition for cloudsync-daemon,"A slow consumer thread due to synchronous downstream HTTP calls. As partition size grew, processing fell behind by over 50,000 messages, delaying order processing in NovaCommerce.",P1,"[{""event"": ""System Alert - Anomalous Metrics Detected"", ""timestamp"": ""2021-11-05 23:35:00""}, {""event"": ""On-call Engineer Acknowledged Alert"", ""timestamp"": ""2021-11-05 23:49:00""}, {""event"": ""Mitigation Applied - Flushed cache"", ""timestamp"": ""2021-11-06 01:08:00""}, {""event"": ""Incident Resolved - System metrics stabilized"", ""timestamp"": ""2021-11-06 02:18:00""}]",Applied mitigation at 01:08:00 by rolling back production deployment DEP-0546 or applying hotfix. Monitored CPU and error rates until they returned to baseline levels.,DEP-0546,PR-0256,ADR-0064,"Implement worker pool concurrency in consumer code, wrap calls in circuit breakers, and monitor consumer lag metrics to trigger auto-scaling."
INC-0264,Routing loop in Istio service mesh for platform-k8s-mesh,A misconfigured VirtualService manifest in Terraform caused traffic to cycle between the canary deployment and the main service. Latency spiked and error rates reached 100% due to maximum hop recursion.,P0,"[{""event"": ""System Alert - Anomalous Metrics Detected"", ""timestamp"": ""2021-11-07 05:22:00""}, {""event"": ""On-call Engineer Acknowledged Alert"", ""timestamp"": ""2021-11-07 05:35:00""}, {""event"": ""Mitigation Applied - Rolled back deployment"", ""timestamp"": ""2021-11-07 06:12:00""}, {""event"": ""Incident Resolved - System metrics stabilized"", ""timestamp"": ""2021-11-07 07:27:00""}]",Applied mitigation at 06:12:00 by rolling back production deployment DEP-0552 or applying hotfix. Monitored CPU and error rates until they returned to baseline levels.,DEP-0552,PR-0273,,Add deployment linting checks for mesh configurations. Implement dry-run verification steps in CI/CD pipeline before applying mesh routes.
INC-0265,Routing loop in Istio service mesh for atlaspay-ledger,A misconfigured VirtualService manifest in Terraform caused traffic to cycle between the canary deployment and the main service. Latency spiked and error rates reached 100% due to maximum hop recursion.,P0,"[{""event"": ""System Alert - Anomalous Metrics Detected"", ""timestamp"": ""2021-11-07 12:56:00""}, {""event"": ""On-call Engineer Acknowledged Alert"", ""timestamp"": ""2021-11-07 13:08:00""}, {""event"": ""Mitigation Applied - Increased pod count"", ""timestamp"": ""2021-11-07 13:32:00""}, {""event"": ""Incident Resolved - System metrics stabilized"", ""timestamp"": ""2021-11-07 14:57:00""}]",Applied mitigation at 13:32:00 by rolling back production deployment DEP-0550 or applying hotfix. Monitored CPU and error rates until they returned to baseline levels.,DEP-0550,PR-0272,,Add deployment linting checks for mesh configurations. Implement dry-run verification steps in CI/CD pipeline before applying mesh routes.
INC-0266,Database connection pool exhaustion on platform-monitoring,"The service connection pool size was set to 20, but under heavy concurrent traffic, queries blocked on database, causing requests to queue up and exhaust all worker threads. The health check endpoint also blocked, leading Kubernetes to restart pods in a loop.",P0,"[{""event"": ""System Alert - Anomalous Metrics Detected"", ""timestamp"": ""2021-11-07 14:41:00""}, {""event"": ""On-call Engineer Acknowledged Alert"", ""timestamp"": ""2021-11-07 14:46:00""}, {""event"": ""Mitigation Applied - Increased pod count"", ""timestamp"": ""2021-11-07 15:25:00""}, {""event"": ""Incident Resolved - System metrics stabilized"", ""timestamp"": ""2021-11-07 17:39:00""}]",Applied mitigation at 15:25:00 by rolling back production deployment DEP-0548 or applying hotfix. Monitored CPU and error rates until they returned to baseline levels.,DEP-0548,PR-0258,ADR-0065,"We must decoupled health check endpoints from primary database checks (make them shallow), increase connection pool limits, and implement rate limiting on expensive endpoints."
INC-0267,Unoptimized query on visionai-pipeline database after release,A new feature did a sequential scan on a table containing 10M+ rows because the foreign key index was omitted in the migration script. CPU spiked to 100% and query latency went from 5ms to 8000ms.,P2,"[{""event"": ""System Alert - Anomalous Metrics Detected"", ""timestamp"": ""2021-11-07 18:46:00""}, {""event"": ""On-call Engineer Acknowledged Alert"", ""timestamp"": ""2021-11-07 19:01:00""}, {""event"": ""Mitigation Applied - Rolled back deployment"", ""timestamp"": ""2021-11-07 19:52:00""}, {""event"": ""Incident Resolved - System metrics stabilized"", ""timestamp"": ""2021-11-07 22:56:00""}]",Applied mitigation at 19:52:00 by rolling back production deployment DEP-0554 or applying hotfix. Monitored CPU and error rates until they returned to baseline levels.,DEP-0554,PR-0279,ADR-0066,Require explain-plan checks in CI/CD pipelines for any new migration files. Enforce indexing guidelines for foreign keys.
INC-0268,Routing loop in Istio service mesh for security-scanner,A misconfigured VirtualService manifest in Terraform caused traffic to cycle between the canary deployment and the main service. Latency spiked and error rates reached 100% due to maximum hop recursion.,P0,"[{""event"": ""System Alert - Anomalous Metrics Detected"", ""timestamp"": ""2021-11-08 08:48:00""}, {""event"": ""On-call Engineer Acknowledged Alert"", ""timestamp"": ""2021-11-08 08:56:00""}, {""event"": ""Mitigation Applied - Increased pod count"", ""timestamp"": ""2021-11-08 10:11:00""}, {""event"": ""Incident Resolved - System metrics stabilized"", ""timestamp"": ""2021-11-08 12:44:00""}]",Applied mitigation at 10:11:00 by rolling back production deployment DEP-0560 or applying hotfix. Monitored CPU and error rates until they returned to baseline levels.,DEP-0560,PR-0288,ADR-0070,Add deployment linting checks for mesh configurations. Implement dry-run verification steps in CI/CD pipeline before applying mesh routes.
INC-0269,Out of memory (OOM) crash in platform-k8s-mesh pod during batch processing,A memory leak in the Go/Python worker loop processing batch uploads. The worker accumulated pointers in a global slice and did not trigger garbage collection timely. Pod reached K8s limit (2Gi) and got OOMKilled.,P1,"[{""event"": ""System Alert - Anomalous Metrics Detected"", ""timestamp"": ""2021-11-08 11:36:00""}, {""event"": ""On-call Engineer Acknowledged Alert"", ""timestamp"": ""2021-11-08 11:40:00""}, {""event"": ""Mitigation Applied - Increased pod count"", ""timestamp"": ""2021-11-08 12:32:00""}, {""event"": ""Incident Resolved - System metrics stabilized"", ""timestamp"": ""2021-11-08 14:26:00""}]",Applied mitigation at 12:32:00 by rolling back production deployment DEP-0556 or applying hotfix. Monitored CPU and error rates until they returned to baseline levels.,DEP-0556,PR-0282,ADR-0068,"Profile heap usage during batch tasks, reuse object buffers, and add strict memory limits to K8s configs with warnings at 80% usage."
INC-0270,Database connection pool exhaustion on insightcrm-api,"The service connection pool size was set to 20, but under heavy concurrent traffic, queries blocked on MongoDB, causing requests to queue up and exhaust all worker threads. The health check endpoint also blocked, leading Kubernetes to restart pods in a loop.",P0,"[{""event"": ""System Alert - Anomalous Metrics Detected"", ""timestamp"": ""2021-11-08 17:11:00""}, {""event"": ""On-call Engineer Acknowledged Alert"", ""timestamp"": ""2021-11-08 17:26:00""}, {""event"": ""Mitigation Applied - Flushed cache"", ""timestamp"": ""2021-11-08 18:27:00""}, {""event"": ""Incident Resolved - System metrics stabilized"", ""timestamp"": ""2021-11-08 20:06:00""}]",Applied mitigation at 18:27:00 by rolling back production deployment DEP-0558 or applying hotfix. Monitored CPU and error rates until they returned to baseline levels.,DEP-0558,PR-0287,ADR-0071,"We must decoupled health check endpoints from primary database checks (make them shallow), increase connection pool limits, and implement rate limiting on expensive endpoints."
INC-0271,Routing loop in Istio service mesh for security-auth-proxy,A misconfigured VirtualService manifest in Terraform caused traffic to cycle between the canary deployment and the main service. Latency spiked and error rates reached 100% due to maximum hop recursion.,P0,"[{""event"": ""System Alert - Anomalous Metrics Detected"", ""timestamp"": ""2021-11-08 20:48:00""}, {""event"": ""On-call Engineer Acknowledged Alert"", ""timestamp"": ""2021-11-08 20:57:00""}, {""event"": ""Mitigation Applied - Flushed cache"", ""timestamp"": ""2021-11-08 21:32:00""}, {""event"": ""Incident Resolved - System metrics stabilized"", ""timestamp"": ""2021-11-08 23:58:00""}]",Applied mitigation at 21:32:00 by rolling back production deployment DEP-0562 or applying hotfix. Monitored CPU and error rates until they returned to baseline levels.,DEP-0562,PR-0292,ADR-0069,Add deployment linting checks for mesh configurations. Implement dry-run verification steps in CI/CD pipeline before applying mesh routes.
INC-0272,Routing loop in Istio service mesh for platform-k8s-mesh,A misconfigured VirtualService manifest in Terraform caused traffic to cycle between the canary deployment and the main service. Latency spiked and error rates reached 100% due to maximum hop recursion.,P0,"[{""event"": ""System Alert - Anomalous Metrics Detected"", ""timestamp"": ""2021-11-09 07:57:00""}, {""event"": ""On-call Engineer Acknowledged Alert"", ""timestamp"": ""2021-11-09 08:00:00""}, {""event"": ""Mitigation Applied - Rolled back deployment"", ""timestamp"": ""2021-11-09 08:37:00""}, {""event"": ""Incident Resolved - System metrics stabilized"", ""timestamp"": ""2021-11-09 11:26:00""}]",Applied mitigation at 08:37:00 by rolling back production deployment DEP-0564 or applying hotfix. Monitored CPU and error rates until they returned to baseline levels.,DEP-0564,PR-0289,ADR-0068,Add deployment linting checks for mesh configurations. Implement dry-run verification steps in CI/CD pipeline before applying mesh routes.
INC-0273,Routing loop in Istio service mesh for insightcrm-api,A misconfigured VirtualService manifest in Terraform caused traffic to cycle between the canary deployment and the main service. Latency spiked and error rates reached 100% due to maximum hop recursion.,P0,"[{""event"": ""System Alert - Anomalous Metrics Detected"", ""timestamp"": ""2021-11-10 09:43:00""}, {""event"": ""On-call Engineer Acknowledged Alert"", ""timestamp"": ""2021-11-10 09:52:00""}, {""event"": ""Mitigation Applied - Flushed cache"", ""timestamp"": ""2021-11-10 10:18:00""}, {""event"": ""Incident Resolved - System metrics stabilized"", ""timestamp"": ""2021-11-10 12:26:00""}]",Applied mitigation at 10:18:00 by rolling back production deployment DEP-0568 or applying hotfix. Monitored CPU and error rates until they returned to baseline levels.,DEP-0568,PR-0286,ADR-0071,Add deployment linting checks for mesh configurations. Implement dry-run verification steps in CI/CD pipeline before applying mesh routes.
INC-0274,Unoptimized query on visionai-inference database after release,A new feature did a sequential scan on a table containing 10M+ rows because the foreign key index was omitted in the migration script. CPU spiked to 100% and query latency went from 5ms to 8000ms.,P2,"[{""event"": ""System Alert - Anomalous Metrics Detected"", ""timestamp"": ""2021-11-10 22:00:00""}, {""event"": ""On-call Engineer Acknowledged Alert"", ""timestamp"": ""2021-11-10 22:06:00""}, {""event"": ""Mitigation Applied - Flushed cache"", ""timestamp"": ""2021-11-10 22:44:00""}, {""event"": ""Incident Resolved - System metrics stabilized"", ""timestamp"": ""2021-11-11 01:59:00""}]",Applied mitigation at 22:44:00 by rolling back production deployment DEP-0566 or applying hotfix. Monitored CPU and error rates until they returned to baseline levels.,DEP-0566,PR-0277,ADR-0067,Require explain-plan checks in CI/CD pipelines for any new migration files. Enforce indexing guidelines for foreign keys.
INC-0275,Cache stampede in security-auth-proxy for metadata queries,"An eviction of high-frequency metadata cache keys in Redis occurred concurrently with a traffic spike. Thousands of pods hit the underlying database at once to re-fetch the metadata, locking tables.",P1,"[{""event"": ""System Alert - Anomalous Metrics Detected"", ""timestamp"": ""2021-11-12 20:09:00""}, {""event"": ""On-call Engineer Acknowledged Alert"", ""timestamp"": ""2021-11-12 20:14:00""}, {""event"": ""Mitigation Applied - Increased pod count"", ""timestamp"": ""2021-11-12 20:51:00""}, {""event"": ""Incident Resolved - System metrics stabilized"", ""timestamp"": ""2021-11-12 22:30:00""}]",Applied mitigation at 20:51:00 by rolling back production deployment DEP-0570 or applying hotfix. Monitored CPU and error rates until they returned to baseline levels.,DEP-0570,PR-0290,ADR-0069,Implement cache key locking/mutexes (single-flight pattern) so only one request updates the cache while others wait. Add jitter to cache TTLs.
INC-0276,Database connection pool exhaustion on insightcrm-api,"The service connection pool size was set to 20, but under heavy concurrent traffic, queries blocked on MongoDB, causing requests to queue up and exhaust all worker threads. The health check endpoint also blocked, leading Kubernetes to restart pods in a loop.",P0,"[{""event"": ""System Alert - Anomalous Metrics Detected"", ""timestamp"": ""2021-11-13 10:13:00""}, {""event"": ""On-call Engineer Acknowledged Alert"", ""timestamp"": ""2021-11-13 10:17:00""}, {""event"": ""Mitigation Applied - Flushed cache"", ""timestamp"": ""2021-11-13 11:46:00""}, {""event"": ""Incident Resolved - System metrics stabilized"", ""timestamp"": ""2021-11-13 15:10:00""}]",Applied mitigation at 11:46:00 by rolling back production deployment DEP-0572 or applying hotfix. Monitored CPU and error rates until they returned to baseline levels.,DEP-0572,PR-0291,ADR-0071,"We must decoupled health check endpoints from primary database checks (make them shallow), increase connection pool limits, and implement rate limiting on expensive endpoints."
INC-0277,Out of memory (OOM) crash in visionai-pipeline pod during batch processing,A memory leak in the Go/Python worker loop processing batch uploads. The worker accumulated pointers in a global slice and did not trigger garbage collection timely. Pod reached K8s limit (2Gi) and got OOMKilled.,P1,"[{""event"": ""System Alert - Anomalous Metrics Detected"", ""timestamp"": ""2021-11-15 02:02:00""}, {""event"": ""On-call Engineer Acknowledged Alert"", ""timestamp"": ""2021-11-15 02:15:00""}, {""event"": ""Mitigation Applied - Rolled back deployment"", ""timestamp"": ""2021-11-15 03:04:00""}, {""event"": ""Incident Resolved - System metrics stabilized"", ""timestamp"": ""2021-11-15 05:34:00""}]",Applied mitigation at 03:04:00 by rolling back production deployment DEP-0574 or applying hotfix. Monitored CPU and error rates until they returned to baseline levels.,DEP-0574,PR-0283,ADR-0066,"Profile heap usage during batch tasks, reuse object buffers, and add strict memory limits to K8s configs with warnings at 80% usage."
INC-0278,Cache stampede in platform-k8s-mesh for metadata queries,"An eviction of high-frequency metadata cache keys in Redis occurred concurrently with a traffic spike. Thousands of pods hit the underlying database at once to re-fetch the metadata, locking tables.",P1,"[{""event"": ""System Alert - Anomalous Metrics Detected"", ""timestamp"": ""2021-11-15 12:14:00""}, {""event"": ""On-call Engineer Acknowledged Alert"", ""timestamp"": ""2021-11-15 12:23:00""}, {""event"": ""Mitigation Applied - Increased pod count"", ""timestamp"": ""2021-11-15 13:07:00""}, {""event"": ""Incident Resolved - System metrics stabilized"", ""timestamp"": ""2021-11-15 13:59:00""}]",Applied mitigation at 13:07:00 by rolling back production deployment DEP-0576 or applying hotfix. Monitored CPU and error rates until they returned to baseline levels.,DEP-0576,PR-0284,ADR-0068,Implement cache key locking/mutexes (single-flight pattern) so only one request updates the cache while others wait. Add jitter to cache TTLs.
INC-0279,Unoptimized query on security-auth-proxy database after release,A new feature did a sequential scan on a table containing 10M+ rows because the foreign key index was omitted in the migration script. CPU spiked to 100% and query latency went from 5ms to 8000ms.,P2,"[{""event"": ""System Alert - Anomalous Metrics Detected"", ""timestamp"": ""2021-11-15 16:42:00""}, {""event"": ""On-call Engineer Acknowledged Alert"", ""timestamp"": ""2021-11-15 16:44:00""}, {""event"": ""Mitigation Applied - Flushed cache"", ""timestamp"": ""2021-11-15 17:47:00""}, {""event"": ""Incident Resolved - System metrics stabilized"", ""timestamp"": ""2021-11-15 21:39:00""}]",Applied mitigation at 17:47:00 by rolling back production deployment DEP-0578 or applying hotfix. Monitored CPU and error rates until they returned to baseline levels.,DEP-0578,PR-0293,,Require explain-plan checks in CI/CD pipelines for any new migration files. Enforce indexing guidelines for foreign keys.
INC-0280,Cache stampede in cloudsync-daemon for metadata queries,"An eviction of high-frequency metadata cache keys in Redis occurred concurrently with a traffic spike. Thousands of pods hit the underlying database at once to re-fetch the metadata, locking tables.",P1,"[{""event"": ""System Alert - Anomalous Metrics Detected"", ""timestamp"": ""2021-11-17 17:37:00""}, {""event"": ""On-call Engineer Acknowledged Alert"", ""timestamp"": ""2021-11-17 17:42:00""}, {""event"": ""Mitigation Applied - Increased pod count"", ""timestamp"": ""2021-11-17 18:57:00""}, {""event"": ""Incident Resolved - System metrics stabilized"", ""timestamp"": ""2021-11-17 22:10:00""}]",Applied mitigation at 18:57:00 by rolling back production deployment DEP-0580 or applying hotfix. Monitored CPU and error rates until they returned to baseline levels.,DEP-0580,PR-0294,,Implement cache key locking/mutexes (single-flight pattern) so only one request updates the cache while others wait. Add jitter to cache TTLs.
INC-0281,Routing loop in Istio service mesh for fusionerp-frontend,A misconfigured VirtualService manifest in Terraform caused traffic to cycle between the canary deployment and the main service. Latency spiked and error rates reached 100% due to maximum hop recursion.,P0,"[{""event"": ""System Alert - Anomalous Metrics Detected"", ""timestamp"": ""2021-11-18 16:27:00""}, {""event"": ""On-call Engineer Acknowledged Alert"", ""timestamp"": ""2021-11-18 16:34:00""}, {""event"": ""Mitigation Applied - Flushed cache"", ""timestamp"": ""2021-11-18 17:14:00""}, {""event"": ""Incident Resolved - System metrics stabilized"", ""timestamp"": ""2021-11-18 18:16:00""}]",Applied mitigation at 17:14:00 by rolling back production deployment DEP-0582 or applying hotfix. Monitored CPU and error rates until they returned to baseline levels.,DEP-0582,PR-0300,,Add deployment linting checks for mesh configurations. Implement dry-run verification steps in CI/CD pipeline before applying mesh routes.
INC-0282,Unoptimized query on insightcrm-api database after release,A new feature did a sequential scan on a table containing 10M+ rows because the foreign key index was omitted in the migration script. CPU spiked to 100% and query latency went from 5ms to 8000ms.,P2,"[{""event"": ""System Alert - Anomalous Metrics Detected"", ""timestamp"": ""2021-11-18 22:18:00""}, {""event"": ""On-call Engineer Acknowledged Alert"", ""timestamp"": ""2021-11-18 22:23:00""}, {""event"": ""Mitigation Applied - Flushed cache"", ""timestamp"": ""2021-11-18 23:51:00""}, {""event"": ""Incident Resolved - System metrics stabilized"", ""timestamp"": ""2021-11-19 00:46:00""}]",Applied mitigation at 23:51:00 by rolling back production deployment DEP-0584 or applying hotfix. Monitored CPU and error rates until they returned to baseline levels.,DEP-0584,PR-0301,,Require explain-plan checks in CI/CD pipelines for any new migration files. Enforce indexing guidelines for foreign keys.
INC-0283,Routing loop in Istio service mesh for devops-ci-cd,A misconfigured VirtualService manifest in Terraform caused traffic to cycle between the canary deployment and the main service. Latency spiked and error rates reached 100% due to maximum hop recursion.,P0,"[{""event"": ""System Alert - Anomalous Metrics Detected"", ""timestamp"": ""2021-11-19 04:10:00""}, {""event"": ""On-call Engineer Acknowledged Alert"", ""timestamp"": ""2021-11-19 04:21:00""}, {""event"": ""Mitigation Applied - Increased pod count"", ""timestamp"": ""2021-11-19 05:49:00""}, {""event"": ""Incident Resolved - System metrics stabilized"", ""timestamp"": ""2021-11-19 06:32:00""}]",Applied mitigation at 05:49:00 by rolling back production deployment DEP-0586 or applying hotfix. Monitored CPU and error rates until they returned to baseline levels.,DEP-0586,PR-0299,,Add deployment linting checks for mesh configurations. Implement dry-run verification steps in CI/CD pipeline before applying mesh routes.
INC-0284,Unoptimized query on atlaspay-portal database after release,A new feature did a sequential scan on a table containing 10M+ rows because the foreign key index was omitted in the migration script. CPU spiked to 100% and query latency went from 5ms to 8000ms.,P2,"[{""event"": ""System Alert - Anomalous Metrics Detected"", ""timestamp"": ""2021-11-22 04:05:00""}, {""event"": ""On-call Engineer Acknowledged Alert"", ""timestamp"": ""2021-11-22 04:08:00""}, {""event"": ""Mitigation Applied - Flushed cache"", ""timestamp"": ""2021-11-22 05:37:00""}, {""event"": ""Incident Resolved - System metrics stabilized"", ""timestamp"": ""2021-11-22 09:21:00""}]",Applied mitigation at 05:37:00 by rolling back production deployment DEP-0588 or applying hotfix. Monitored CPU and error rates until they returned to baseline levels.,DEP-0588,PR-0303,ADR-0073,Require explain-plan checks in CI/CD pipelines for any new migration files. Enforce indexing guidelines for foreign keys.
INC-0285,Message lag spike on Kafka partition for visionai-training,"A slow consumer thread due to synchronous downstream HTTP calls. As partition size grew, processing fell behind by over 50,000 messages, delaying order processing in NovaCommerce.",P1,"[{""event"": ""System Alert - Anomalous Metrics Detected"", ""timestamp"": ""2021-11-23 05:39:00""}, {""event"": ""On-call Engineer Acknowledged Alert"", ""timestamp"": ""2021-11-23 05:43:00""}, {""event"": ""Mitigation Applied - Increased pod count"", ""timestamp"": ""2021-11-23 06:33:00""}, {""event"": ""Incident Resolved - System metrics stabilized"", ""timestamp"": ""2021-11-23 08:49:00""}]",Applied mitigation at 06:33:00 by rolling back production deployment DEP-0590 or applying hotfix. Monitored CPU and error rates until they returned to baseline levels.,DEP-0590,PR-0297,ADR-0072,"Implement worker pool concurrency in consumer code, wrap calls in circuit breakers, and monitor consumer lag metrics to trigger auto-scaling."
INC-0286,Message lag spike on Kafka partition for visionai-training,"A slow consumer thread due to synchronous downstream HTTP calls. As partition size grew, processing fell behind by over 50,000 messages, delaying order processing in NovaCommerce.",P1,"[{""event"": ""System Alert - Anomalous Metrics Detected"", ""timestamp"": ""2021-11-25 08:41:00""}, {""event"": ""On-call Engineer Acknowledged Alert"", ""timestamp"": ""2021-11-25 08:56:00""}, {""event"": ""Mitigation Applied - Rolled back deployment"", ""timestamp"": ""2021-11-25 10:18:00""}, {""event"": ""Incident Resolved - System metrics stabilized"", ""timestamp"": ""2021-11-25 13:01:00""}]",Applied mitigation at 10:18:00 by rolling back production deployment DEP-0592 or applying hotfix. Monitored CPU and error rates until they returned to baseline levels.,DEP-0592,PR-0298,ADR-0072,"Implement worker pool concurrency in consumer code, wrap calls in circuit breakers, and monitor consumer lag metrics to trigger auto-scaling."
INC-0287,Cache stampede in fusionerp-core for metadata queries,"An eviction of high-frequency metadata cache keys in Redis occurred concurrently with a traffic spike. Thousands of pods hit the underlying database at once to re-fetch the metadata, locking tables.",P1,"[{""event"": ""System Alert - Anomalous Metrics Detected"", ""timestamp"": ""2021-11-27 08:56:00""}, {""event"": ""On-call Engineer Acknowledged Alert"", ""timestamp"": ""2021-11-27 09:04:00""}, {""event"": ""Mitigation Applied - Flushed cache"", ""timestamp"": ""2021-11-27 10:16:00""}, {""event"": ""Incident Resolved - System metrics stabilized"", ""timestamp"": ""2021-11-27 10:57:00""}]",Applied mitigation at 10:16:00 by rolling back production deployment DEP-0594 or applying hotfix. Monitored CPU and error rates until they returned to baseline levels.,DEP-0594,PR-0304,,Implement cache key locking/mutexes (single-flight pattern) so only one request updates the cache while others wait. Add jitter to cache TTLs.
INC-0288,Database connection pool exhaustion on atlaspay-portal,"The service connection pool size was set to 20, but under heavy concurrent traffic, queries blocked on database, causing requests to queue up and exhaust all worker threads. The health check endpoint also blocked, leading Kubernetes to restart pods in a loop.",P0,"[{""event"": ""System Alert - Anomalous Metrics Detected"", ""timestamp"": ""2021-11-27 22:23:00""}, {""event"": ""On-call Engineer Acknowledged Alert"", ""timestamp"": ""2021-11-27 22:37:00""}, {""event"": ""Mitigation Applied - Rolled back deployment"", ""timestamp"": ""2021-11-27 23:46:00""}, {""event"": ""Incident Resolved - System metrics stabilized"", ""timestamp"": ""2021-11-28 02:50:00""}]",Applied mitigation at 23:46:00 by rolling back production deployment DEP-0596 or applying hotfix. Monitored CPU and error rates until they returned to baseline levels.,DEP-0596,PR-0307,ADR-0073,"We must decoupled health check endpoints from primary database checks (make them shallow), increase connection pool limits, and implement rate limiting on expensive endpoints."
INC-0289,Unoptimized query on visionai-pipeline database after release,A new feature did a sequential scan on a table containing 10M+ rows because the foreign key index was omitted in the migration script. CPU spiked to 100% and query latency went from 5ms to 8000ms.,P2,"[{""event"": ""System Alert - Anomalous Metrics Detected"", ""timestamp"": ""2021-11-28 12:26:00""}, {""event"": ""On-call Engineer Acknowledged Alert"", ""timestamp"": ""2021-11-28 12:31:00""}, {""event"": ""Mitigation Applied - Rolled back deployment"", ""timestamp"": ""2021-11-28 13:51:00""}, {""event"": ""Incident Resolved - System metrics stabilized"", ""timestamp"": ""2021-11-28 14:39:00""}]",Applied mitigation at 13:51:00 by rolling back production deployment DEP-0600 or applying hotfix. Monitored CPU and error rates until they returned to baseline levels.,DEP-0600,PR-0275,ADR-0066,Require explain-plan checks in CI/CD pipelines for any new migration files. Enforce indexing guidelines for foreign keys.
INC-0290,Message lag spike on Kafka partition for visionai-inference,"A slow consumer thread due to synchronous downstream HTTP calls. As partition size grew, processing fell behind by over 50,000 messages, delaying order processing in NovaCommerce.",P1,"[{""event"": ""System Alert - Anomalous Metrics Detected"", ""timestamp"": ""2021-11-28 12:59:00""}, {""event"": ""On-call Engineer Acknowledged Alert"", ""timestamp"": ""2021-11-28 13:08:00""}, {""event"": ""Mitigation Applied - Increased pod count"", ""timestamp"": ""2021-11-28 13:23:00""}, {""event"": ""Incident Resolved - System metrics stabilized"", ""timestamp"": ""2021-11-28 16:48:00""}]",Applied mitigation at 13:23:00 by rolling back production deployment DEP-0598 or applying hotfix. Monitored CPU and error rates until they returned to baseline levels.,DEP-0598,PR-0274,ADR-0067,"Implement worker pool concurrency in consumer code, wrap calls in circuit breakers, and monitor consumer lag metrics to trigger auto-scaling."
INC-0291,Cache stampede in platform-k8s-mesh for metadata queries,"An eviction of high-frequency metadata cache keys in Redis occurred concurrently with a traffic spike. Thousands of pods hit the underlying database at once to re-fetch the metadata, locking tables.",P1,"[{""event"": ""System Alert - Anomalous Metrics Detected"", ""timestamp"": ""2021-11-29 07:20:00""}, {""event"": ""On-call Engineer Acknowledged Alert"", ""timestamp"": ""2021-11-29 07:27:00""}, {""event"": ""Mitigation Applied - Rolled back deployment"", ""timestamp"": ""2021-11-29 07:46:00""}, {""event"": ""Incident Resolved - System metrics stabilized"", ""timestamp"": ""2021-11-29 10:39:00""}]",Applied mitigation at 07:46:00 by rolling back production deployment DEP-0603 or applying hotfix. Monitored CPU and error rates until they returned to baseline levels.,DEP-0603,PR-0276,ADR-0068,Implement cache key locking/mutexes (single-flight pattern) so only one request updates the cache while others wait. Add jitter to cache TTLs.
INC-0292,Cache stampede in devops-ci-cd for metadata queries,"An eviction of high-frequency metadata cache keys in Redis occurred concurrently with a traffic spike. Thousands of pods hit the underlying database at once to re-fetch the metadata, locking tables.",P1,"[{""event"": ""System Alert - Anomalous Metrics Detected"", ""timestamp"": ""2021-11-29 16:37:00""}, {""event"": ""On-call Engineer Acknowledged Alert"", ""timestamp"": ""2021-11-29 16:45:00""}, {""event"": ""Mitigation Applied - Rolled back deployment"", ""timestamp"": ""2021-11-29 17:31:00""}, {""event"": ""Incident Resolved - System metrics stabilized"", ""timestamp"": ""2021-11-29 19:19:00""}]",Applied mitigation at 17:31:00 by rolling back production deployment DEP-0605 or applying hotfix. Monitored CPU and error rates until they returned to baseline levels.,DEP-0605,PR-0302,,Implement cache key locking/mutexes (single-flight pattern) so only one request updates the cache while others wait. Add jitter to cache TTLs.
INC-0293,Out of memory (OOM) crash in security-auth-proxy pod during batch processing,A memory leak in the Go/Python worker loop processing batch uploads. The worker accumulated pointers in a global slice and did not trigger garbage collection timely. Pod reached K8s limit (2Gi) and got OOMKilled.,P1,"[{""event"": ""System Alert - Anomalous Metrics Detected"", ""timestamp"": ""2021-11-30 15:20:00""}, {""event"": ""On-call Engineer Acknowledged Alert"", ""timestamp"": ""2021-11-30 15:26:00""}, {""event"": ""Mitigation Applied - Flushed cache"", ""timestamp"": ""2021-11-30 16:45:00""}, {""event"": ""Incident Resolved - System metrics stabilized"", ""timestamp"": ""2021-11-30 18:38:00""}]",Applied mitigation at 16:45:00 by rolling back production deployment DEP-0607 or applying hotfix. Monitored CPU and error rates until they returned to baseline levels.,DEP-0607,PR-0278,ADR-0069,"Profile heap usage during batch tasks, reuse object buffers, and add strict memory limits to K8s configs with warnings at 80% usage."
INC-0294,Database connection pool exhaustion on security-scanner,"The service connection pool size was set to 20, but under heavy concurrent traffic, queries blocked on database, causing requests to queue up and exhaust all worker threads. The health check endpoint also blocked, leading Kubernetes to restart pods in a loop.",P0,"[{""event"": ""System Alert - Anomalous Metrics Detected"", ""timestamp"": ""2021-12-01 09:22:00""}, {""event"": ""On-call Engineer Acknowledged Alert"", ""timestamp"": ""2021-12-01 09:29:00""}, {""event"": ""Mitigation Applied - Increased pod count"", ""timestamp"": ""2021-12-01 10:05:00""}, {""event"": ""Incident Resolved - System metrics stabilized"", ""timestamp"": ""2021-12-01 14:05:00""}]",Applied mitigation at 10:05:00 by rolling back production deployment DEP-0609 or applying hotfix. Monitored CPU and error rates until they returned to baseline levels.,DEP-0609,PR-0281,ADR-0070,"We must decoupled health check endpoints from primary database checks (make them shallow), increase connection pool limits, and implement rate limiting on expensive endpoints."
INC-0295,Database connection pool exhaustion on insightcrm-api,"The service connection pool size was set to 20, but under heavy concurrent traffic, queries blocked on MongoDB, causing requests to queue up and exhaust all worker threads. The health check endpoint also blocked, leading Kubernetes to restart pods in a loop.",P0,"[{""event"": ""System Alert - Anomalous Metrics Detected"", ""timestamp"": ""2021-12-02 02:23:00""}, {""event"": ""On-call Engineer Acknowledged Alert"", ""timestamp"": ""2021-12-02 02:26:00""}, {""event"": ""Mitigation Applied - Increased pod count"", ""timestamp"": ""2021-12-02 03:39:00""}, {""event"": ""Incident Resolved - System metrics stabilized"", ""timestamp"": ""2021-12-02 05:42:00""}]",Applied mitigation at 03:39:00 by rolling back production deployment DEP-0611 or applying hotfix. Monitored CPU and error rates until they returned to baseline levels.,DEP-0611,PR-0285,ADR-0071,"We must decoupled health check endpoints from primary database checks (make them shallow), increase connection pool limits, and implement rate limiting on expensive endpoints."
INC-0296,Database connection pool exhaustion on atlaspay-ledger,"The service connection pool size was set to 20, but under heavy concurrent traffic, queries blocked on PostgreSQL, causing requests to queue up and exhaust all worker threads. The health check endpoint also blocked, leading Kubernetes to restart pods in a loop.",P0,"[{""event"": ""System Alert - Anomalous Metrics Detected"", ""timestamp"": ""2021-12-03 07:43:00""}, {""event"": ""On-call Engineer Acknowledged Alert"", ""timestamp"": ""2021-12-03 07:55:00""}, {""event"": ""Mitigation Applied - Increased pod count"", ""timestamp"": ""2021-12-03 08:40:00""}, {""event"": ""Incident Resolved - System metrics stabilized"", ""timestamp"": ""2021-12-03 10:33:00""}]",Applied mitigation at 08:40:00 by rolling back production deployment DEP-0613 or applying hotfix. Monitored CPU and error rates until they returned to baseline levels.,DEP-0613,PR-0310,ADR-0074,"We must decoupled health check endpoints from primary database checks (make them shallow), increase connection pool limits, and implement rate limiting on expensive endpoints."
INC-0297,Unoptimized query on devops-ci-cd database after release,A new feature did a sequential scan on a table containing 10M+ rows because the foreign key index was omitted in the migration script. CPU spiked to 100% and query latency went from 5ms to 8000ms.,P2,"[{""event"": ""System Alert - Anomalous Metrics Detected"", ""timestamp"": ""2021-12-04 20:53:00""}, {""event"": ""On-call Engineer Acknowledged Alert"", ""timestamp"": ""2021-12-04 20:56:00""}, {""event"": ""Mitigation Applied - Increased pod count"", ""timestamp"": ""2021-12-04 21:30:00""}, {""event"": ""Incident Resolved - System metrics stabilized"", ""timestamp"": ""2021-12-05 00:00:00""}]",Applied mitigation at 21:30:00 by rolling back production deployment DEP-0615 or applying hotfix. Monitored CPU and error rates until they returned to baseline levels.,DEP-0615,PR-0308,,Require explain-plan checks in CI/CD pipelines for any new migration files. Enforce indexing guidelines for foreign keys.
INC-0298,Database connection pool exhaustion on atlaspay-portal,"The service connection pool size was set to 20, but under heavy concurrent traffic, queries blocked on database, causing requests to queue up and exhaust all worker threads. The health check endpoint also blocked, leading Kubernetes to restart pods in a loop.",P0,"[{""event"": ""System Alert - Anomalous Metrics Detected"", ""timestamp"": ""2021-12-06 08:59:00""}, {""event"": ""On-call Engineer Acknowledged Alert"", ""timestamp"": ""2021-12-06 09:13:00""}, {""event"": ""Mitigation Applied - Rolled back deployment"", ""timestamp"": ""2021-12-06 10:14:00""}, {""event"": ""Incident Resolved - System metrics stabilized"", ""timestamp"": ""2021-12-06 11:45:00""}]",Applied mitigation at 10:14:00 by rolling back production deployment DEP-0617 or applying hotfix. Monitored CPU and error rates until they returned to baseline levels.,DEP-0617,PR-0306,ADR-0073,"We must decoupled health check endpoints from primary database checks (make them shallow), increase connection pool limits, and implement rate limiting on expensive endpoints."
INC-0299,Unoptimized query on visionai-training database after release,A new feature did a sequential scan on a table containing 10M+ rows because the foreign key index was omitted in the migration script. CPU spiked to 100% and query latency went from 5ms to 8000ms.,P2,"[{""event"": ""System Alert - Anomalous Metrics Detected"", ""timestamp"": ""2021-12-09 01:40:00""}, {""event"": ""On-call Engineer Acknowledged Alert"", ""timestamp"": ""2021-12-09 01:44:00""}, {""event"": ""Mitigation Applied - Flushed cache"", ""timestamp"": ""2021-12-09 03:07:00""}, {""event"": ""Incident Resolved - System metrics stabilized"", ""timestamp"": ""2021-12-09 04:38:00""}]",Applied mitigation at 03:07:00 by rolling back production deployment DEP-0619 or applying hotfix. Monitored CPU and error rates until they returned to baseline levels.,DEP-0619,PR-0295,ADR-0072,Require explain-plan checks in CI/CD pipelines for any new migration files. Enforce indexing guidelines for foreign keys.
INC-0300,Cache stampede in platform-monitoring for metadata queries,"An eviction of high-frequency metadata cache keys in Redis occurred concurrently with a traffic spike. Thousands of pods hit the underlying database at once to re-fetch the metadata, locking tables.",P1,"[{""event"": ""System Alert - Anomalous Metrics Detected"", ""timestamp"": ""2021-12-09 15:48:00""}, {""event"": ""On-call Engineer Acknowledged Alert"", ""timestamp"": ""2021-12-09 15:52:00""}, {""event"": ""Mitigation Applied - Flushed cache"", ""timestamp"": ""2021-12-09 16:37:00""}, {""event"": ""Incident Resolved - System metrics stabilized"", ""timestamp"": ""2021-12-09 19:15:00""}]",Applied mitigation at 16:37:00 by rolling back production deployment DEP-0622 or applying hotfix. Monitored CPU and error rates until they returned to baseline levels.,DEP-0622,PR-0313,ADR-0077,Implement cache key locking/mutexes (single-flight pattern) so only one request updates the cache while others wait. Add jitter to cache TTLs.
INC-0301,Database connection pool exhaustion on novacommerce-cart,"The service connection pool size was set to 20, but under heavy concurrent traffic, queries blocked on database, causing requests to queue up and exhaust all worker threads. The health check endpoint also blocked, leading Kubernetes to restart pods in a loop.",P0,"[{""event"": ""System Alert - Anomalous Metrics Detected"", ""timestamp"": ""2021-12-11 09:11:00""}, {""event"": ""On-call Engineer Acknowledged Alert"", ""timestamp"": ""2021-12-11 09:14:00""}, {""event"": ""Mitigation Applied - Increased pod count"", ""timestamp"": ""2021-12-11 10:39:00""}, {""event"": ""Incident Resolved - System metrics stabilized"", ""timestamp"": ""2021-12-11 13:14:00""}]",Applied mitigation at 10:39:00 by rolling back production deployment DEP-0624 or applying hotfix. Monitored CPU and error rates until they returned to baseline levels.,DEP-0624,PR-0311,ADR-0078,"We must decoupled health check endpoints from primary database checks (make them shallow), increase connection pool limits, and implement rate limiting on expensive endpoints."
INC-0302,Message lag spike on Kafka partition for atlaspay-gateway,"A slow consumer thread due to synchronous downstream HTTP calls. As partition size grew, processing fell behind by over 50,000 messages, delaying order processing in NovaCommerce.",P1,"[{""event"": ""System Alert - Anomalous Metrics Detected"", ""timestamp"": ""2021-12-11 12:38:00""}, {""event"": ""On-call Engineer Acknowledged Alert"", ""timestamp"": ""2021-12-11 12:52:00""}, {""event"": ""Mitigation Applied - Rolled back deployment"", ""timestamp"": ""2021-12-11 14:10:00""}, {""event"": ""Incident Resolved - System metrics stabilized"", ""timestamp"": ""2021-12-11 15:44:00""}]",Applied mitigation at 14:10:00 by rolling back production deployment DEP-0626 or applying hotfix. Monitored CPU and error rates until they returned to baseline levels.,DEP-0626,PR-0314,ADR-0079,"Implement worker pool concurrency in consumer code, wrap calls in circuit breakers, and monitor consumer lag metrics to trigger auto-scaling."
INC-0303,Cache stampede in novacommerce-cart for metadata queries,"An eviction of high-frequency metadata cache keys in Redis occurred concurrently with a traffic spike. Thousands of pods hit the underlying database at once to re-fetch the metadata, locking tables.",P1,"[{""event"": ""System Alert - Anomalous Metrics Detected"", ""timestamp"": ""2021-12-11 13:52:00""}, {""event"": ""On-call Engineer Acknowledged Alert"", ""timestamp"": ""2021-12-11 14:02:00""}, {""event"": ""Mitigation Applied - Rolled back deployment"", ""timestamp"": ""2021-12-11 14:49:00""}, {""event"": ""Incident Resolved - System metrics stabilized"", ""timestamp"": ""2021-12-11 16:13:00""}]",Applied mitigation at 14:49:00 by rolling back production deployment DEP-0628 or applying hotfix. Monitored CPU and error rates until they returned to baseline levels.,DEP-0628,PR-0317,ADR-0076,Implement cache key locking/mutexes (single-flight pattern) so only one request updates the cache while others wait. Add jitter to cache TTLs.
INC-0304,Cache stampede in platform-monitoring for metadata queries,"An eviction of high-frequency metadata cache keys in Redis occurred concurrently with a traffic spike. Thousands of pods hit the underlying database at once to re-fetch the metadata, locking tables.",P1,"[{""event"": ""System Alert - Anomalous Metrics Detected"", ""timestamp"": ""2021-12-14 07:24:00""}, {""event"": ""On-call Engineer Acknowledged Alert"", ""timestamp"": ""2021-12-14 07:32:00""}, {""event"": ""Mitigation Applied - Flushed cache"", ""timestamp"": ""2021-12-14 07:52:00""}, {""event"": ""Incident Resolved - System metrics stabilized"", ""timestamp"": ""2021-12-14 11:28:00""}]",Applied mitigation at 07:52:00 by rolling back production deployment DEP-0633 or applying hotfix. Monitored CPU and error rates until they returned to baseline levels.,DEP-0633,PR-0322,ADR-0077,Implement cache key locking/mutexes (single-flight pattern) so only one request updates the cache while others wait. Add jitter to cache TTLs.
INC-0305,Cache stampede in novacommerce-ui for metadata queries,"An eviction of high-frequency metadata cache keys in Redis occurred concurrently with a traffic spike. Thousands of pods hit the underlying database at once to re-fetch the metadata, locking tables.",P1,"[{""event"": ""System Alert - Anomalous Metrics Detected"", ""timestamp"": ""2021-12-14 15:22:00""}, {""event"": ""On-call Engineer Acknowledged Alert"", ""timestamp"": ""2021-12-14 15:31:00""}, {""event"": ""Mitigation Applied - Increased pod count"", ""timestamp"": ""2021-12-14 16:03:00""}, {""event"": ""Incident Resolved - System metrics stabilized"", ""timestamp"": ""2021-12-14 19:04:00""}]",Applied mitigation at 16:03:00 by rolling back production deployment DEP-0631 or applying hotfix. Monitored CPU and error rates until they returned to baseline levels.,DEP-0631,PR-0321,,Implement cache key locking/mutexes (single-flight pattern) so only one request updates the cache while others wait. Add jitter to cache TTLs.
INC-0306,Out of memory (OOM) crash in novacommerce-cart pod during batch processing,A memory leak in the Go/Python worker loop processing batch uploads. The worker accumulated pointers in a global slice and did not trigger garbage collection timely. Pod reached K8s limit (1Gi) and got OOMKilled.,P1,"[{""event"": ""System Alert - Anomalous Metrics Detected"", ""timestamp"": ""2021-12-15 17:10:00""}, {""event"": ""On-call Engineer Acknowledged Alert"", ""timestamp"": ""2021-12-15 17:25:00""}, {""event"": ""Mitigation Applied - Rolled back deployment"", ""timestamp"": ""2021-12-15 18:41:00""}, {""event"": ""Incident Resolved - System metrics stabilized"", ""timestamp"": ""2021-12-15 19:55:00""}]",Applied mitigation at 18:41:00 by rolling back production deployment DEP-0635 or applying hotfix. Monitored CPU and error rates until they returned to baseline levels.,DEP-0635,PR-0318,ADR-0076,"Profile heap usage during batch tasks, reuse object buffers, and add strict memory limits to K8s configs with warnings at 80% usage."
INC-0307,Cache stampede in platform-monitoring for metadata queries,"An eviction of high-frequency metadata cache keys in Redis occurred concurrently with a traffic spike. Thousands of pods hit the underlying database at once to re-fetch the metadata, locking tables.",P1,"[{""event"": ""System Alert - Anomalous Metrics Detected"", ""timestamp"": ""2021-12-16 15:00:00""}, {""event"": ""On-call Engineer Acknowledged Alert"", ""timestamp"": ""2021-12-16 15:09:00""}, {""event"": ""Mitigation Applied - Rolled back deployment"", ""timestamp"": ""2021-12-16 15:43:00""}, {""event"": ""Incident Resolved - System metrics stabilized"", ""timestamp"": ""2021-12-16 18:21:00""}]",Applied mitigation at 15:43:00 by rolling back production deployment DEP-0637 or applying hotfix. Monitored CPU and error rates until they returned to baseline levels.,DEP-0637,PR-0330,ADR-0077,Implement cache key locking/mutexes (single-flight pattern) so only one request updates the cache while others wait. Add jitter to cache TTLs.
INC-0308,Message lag spike on Kafka partition for novacommerce-cart,"A slow consumer thread due to synchronous downstream HTTP calls. As partition size grew, processing fell behind by over 50,000 messages, delaying order processing in NovaCommerce.",P1,"[{""event"": ""System Alert - Anomalous Metrics Detected"", ""timestamp"": ""2021-12-18 14:53:00""}, {""event"": ""On-call Engineer Acknowledged Alert"", ""timestamp"": ""2021-12-18 14:59:00""}, {""event"": ""Mitigation Applied - Flushed cache"", ""timestamp"": ""2021-12-18 15:44:00""}, {""event"": ""Incident Resolved - System metrics stabilized"", ""timestamp"": ""2021-12-18 16:54:00""}]",Applied mitigation at 15:44:00 by rolling back production deployment DEP-0641 or applying hotfix. Monitored CPU and error rates until they returned to baseline levels.,DEP-0641,PR-0329,ADR-0078,"Implement worker pool concurrency in consumer code, wrap calls in circuit breakers, and monitor consumer lag metrics to trigger auto-scaling."
INC-0309,Routing loop in Istio service mesh for atlaspay-gateway,A misconfigured VirtualService manifest in Terraform caused traffic to cycle between the canary deployment and the main service. Latency spiked and error rates reached 100% due to maximum hop recursion.,P0,"[{""event"": ""System Alert - Anomalous Metrics Detected"", ""timestamp"": ""2021-12-18 17:49:00""}, {""event"": ""On-call Engineer Acknowledged Alert"", ""timestamp"": ""2021-12-18 18:01:00""}, {""event"": ""Mitigation Applied - Rolled back deployment"", ""timestamp"": ""2021-12-18 18:43:00""}, {""event"": ""Incident Resolved - System metrics stabilized"", ""timestamp"": ""2021-12-18 19:59:00""}]",Applied mitigation at 18:43:00 by rolling back production deployment DEP-0639 or applying hotfix. Monitored CPU and error rates until they returned to baseline levels.,DEP-0639,PR-0328,ADR-0079,Add deployment linting checks for mesh configurations. Implement dry-run verification steps in CI/CD pipeline before applying mesh routes.
INC-0310,Cache stampede in platform-monitoring for metadata queries,"An eviction of high-frequency metadata cache keys in Redis occurred concurrently with a traffic spike. Thousands of pods hit the underlying database at once to re-fetch the metadata, locking tables.",P1,"[{""event"": ""System Alert - Anomalous Metrics Detected"", ""timestamp"": ""2021-12-19 01:05:00""}, {""event"": ""On-call Engineer Acknowledged Alert"", ""timestamp"": ""2021-12-19 01:12:00""}, {""event"": ""Mitigation Applied - Increased pod count"", ""timestamp"": ""2021-12-19 02:15:00""}, {""event"": ""Incident Resolved - System metrics stabilized"", ""timestamp"": ""2021-12-19 03:10:00""}]",Applied mitigation at 02:15:00 by rolling back production deployment DEP-0644 or applying hotfix. Monitored CPU and error rates until they returned to baseline levels.,DEP-0644,PR-0332,ADR-0077,Implement cache key locking/mutexes (single-flight pattern) so only one request updates the cache while others wait. Add jitter to cache TTLs.
INC-0311,Message lag spike on Kafka partition for novacommerce-cart,"A slow consumer thread due to synchronous downstream HTTP calls. As partition size grew, processing fell behind by over 50,000 messages, delaying order processing in NovaCommerce.",P1,"[{""event"": ""System Alert - Anomalous Metrics Detected"", ""timestamp"": ""2021-12-19 07:20:00""}, {""event"": ""On-call Engineer Acknowledged Alert"", ""timestamp"": ""2021-12-19 07:25:00""}, {""event"": ""Mitigation Applied - Increased pod count"", ""timestamp"": ""2021-12-19 08:19:00""}, {""event"": ""Incident Resolved - System metrics stabilized"", ""timestamp"": ""2021-12-19 11:43:00""}]",Applied mitigation at 08:19:00 by rolling back production deployment DEP-0646 or applying hotfix. Monitored CPU and error rates until they returned to baseline levels.,DEP-0646,PR-0319,ADR-0076,"Implement worker pool concurrency in consumer code, wrap calls in circuit breakers, and monitor consumer lag metrics to trigger auto-scaling."
INC-0312,Message lag spike on Kafka partition for insightcrm-analytics,"A slow consumer thread due to synchronous downstream HTTP calls. As partition size grew, processing fell behind by over 50,000 messages, delaying order processing in NovaCommerce.",P1,"[{""event"": ""System Alert - Anomalous Metrics Detected"", ""timestamp"": ""2021-12-19 13:02:00""}, {""event"": ""On-call Engineer Acknowledged Alert"", ""timestamp"": ""2021-12-19 13:11:00""}, {""event"": ""Mitigation Applied - Flushed cache"", ""timestamp"": ""2021-12-19 13:54:00""}, {""event"": ""Incident Resolved - System metrics stabilized"", ""timestamp"": ""2021-12-19 14:30:00""}]",Applied mitigation at 13:54:00 by rolling back production deployment DEP-0648 or applying hotfix. Monitored CPU and error rates until they returned to baseline levels.,DEP-0648,PR-0323,ADR-0080,"Implement worker pool concurrency in consumer code, wrap calls in circuit breakers, and monitor consumer lag metrics to trigger auto-scaling."
INC-0313,Unoptimized query on cloudsync-storage database after release,A new feature did a sequential scan on a table containing 10M+ rows because the foreign key index was omitted in the migration script. CPU spiked to 100% and query latency went from 5ms to 8000ms.,P2,"[{""event"": ""System Alert - Anomalous Metrics Detected"", ""timestamp"": ""2021-12-20 14:42:00""}, {""event"": ""On-call Engineer Acknowledged Alert"", ""timestamp"": ""2021-12-20 14:55:00""}, {""event"": ""Mitigation Applied - Rolled back deployment"", ""timestamp"": ""2021-12-20 16:15:00""}, {""event"": ""Incident Resolved - System metrics stabilized"", ""timestamp"": ""2021-12-20 19:57:00""}]",Applied mitigation at 16:15:00 by rolling back production deployment DEP-0650 or applying hotfix. Monitored CPU and error rates until they returned to baseline levels.,DEP-0650,PR-0316,ADR-0075,Require explain-plan checks in CI/CD pipelines for any new migration files. Enforce indexing guidelines for foreign keys.
INC-0314,Message lag spike on Kafka partition for atlaspay-portal,"A slow consumer thread due to synchronous downstream HTTP calls. As partition size grew, processing fell behind by over 50,000 messages, delaying order processing in NovaCommerce.",P1,"[{""event"": ""System Alert - Anomalous Metrics Detected"", ""timestamp"": ""2021-12-21 04:26:00""}, {""event"": ""On-call Engineer Acknowledged Alert"", ""timestamp"": ""2021-12-21 04:39:00""}, {""event"": ""Mitigation Applied - Flushed cache"", ""timestamp"": ""2021-12-21 05:12:00""}, {""event"": ""Incident Resolved - System metrics stabilized"", ""timestamp"": ""2021-12-21 06:55:00""}]",Applied mitigation at 05:12:00 by rolling back production deployment DEP-0652 or applying hotfix. Monitored CPU and error rates until they returned to baseline levels.,DEP-0652,PR-0333,,"Implement worker pool concurrency in consumer code, wrap calls in circuit breakers, and monitor consumer lag metrics to trigger auto-scaling."
INC-0315,Message lag spike on Kafka partition for atlaspay-portal,"A slow consumer thread due to synchronous downstream HTTP calls. As partition size grew, processing fell behind by over 50,000 messages, delaying order processing in NovaCommerce.",P1,"[{""event"": ""System Alert - Anomalous Metrics Detected"", ""timestamp"": ""2021-12-22 09:00:00""}, {""event"": ""On-call Engineer Acknowledged Alert"", ""timestamp"": ""2021-12-22 09:03:00""}, {""event"": ""Mitigation Applied - Increased pod count"", ""timestamp"": ""2021-12-22 09:39:00""}, {""event"": ""Incident Resolved - System metrics stabilized"", ""timestamp"": ""2021-12-22 12:42:00""}]",Applied mitigation at 09:39:00 by rolling back production deployment DEP-0654 or applying hotfix. Monitored CPU and error rates until they returned to baseline levels.,DEP-0654,PR-0305,ADR-0073,"Implement worker pool concurrency in consumer code, wrap calls in circuit breakers, and monitor consumer lag metrics to trigger auto-scaling."
INC-0316,Cache stampede in atlaspay-gateway for metadata queries,"An eviction of high-frequency metadata cache keys in Redis occurred concurrently with a traffic spike. Thousands of pods hit the underlying database at once to re-fetch the metadata, locking tables.",P1,"[{""event"": ""System Alert - Anomalous Metrics Detected"", ""timestamp"": ""2021-12-22 13:53:00""}, {""event"": ""On-call Engineer Acknowledged Alert"", ""timestamp"": ""2021-12-22 14:04:00""}, {""event"": ""Mitigation Applied - Rolled back deployment"", ""timestamp"": ""2021-12-22 15:22:00""}, {""event"": ""Incident Resolved - System metrics stabilized"", ""timestamp"": ""2021-12-22 17:26:00""}]",Applied mitigation at 15:22:00 by rolling back production deployment DEP-0656 or applying hotfix. Monitored CPU and error rates until they returned to baseline levels.,DEP-0656,PR-0326,ADR-0079,Implement cache key locking/mutexes (single-flight pattern) so only one request updates the cache while others wait. Add jitter to cache TTLs.
INC-0317,Cache stampede in atlaspay-ledger for metadata queries,"An eviction of high-frequency metadata cache keys in Redis occurred concurrently with a traffic spike. Thousands of pods hit the underlying database at once to re-fetch the metadata, locking tables.",P1,"[{""event"": ""System Alert - Anomalous Metrics Detected"", ""timestamp"": ""2021-12-25 23:39:00""}, {""event"": ""On-call Engineer Acknowledged Alert"", ""timestamp"": ""2021-12-25 23:49:00""}, {""event"": ""Mitigation Applied - Rolled back deployment"", ""timestamp"": ""2021-12-26 00:33:00""}, {""event"": ""Incident Resolved - System metrics stabilized"", ""timestamp"": ""2021-12-26 01:41:00""}]",Applied mitigation at 00:33:00 by rolling back production deployment DEP-0658 or applying hotfix. Monitored CPU and error rates until they returned to baseline levels.,DEP-0658,PR-0309,ADR-0074,Implement cache key locking/mutexes (single-flight pattern) so only one request updates the cache while others wait. Add jitter to cache TTLs.
INC-0318,Unoptimized query on fusionerp-frontend database after release,A new feature did a sequential scan on a table containing 10M+ rows because the foreign key index was omitted in the migration script. CPU spiked to 100% and query latency went from 5ms to 8000ms.,P2,"[{""event"": ""System Alert - Anomalous Metrics Detected"", ""timestamp"": ""2021-12-26 14:44:00""}, {""event"": ""On-call Engineer Acknowledged Alert"", ""timestamp"": ""2021-12-26 14:53:00""}, {""event"": ""Mitigation Applied - Flushed cache"", ""timestamp"": ""2021-12-26 15:41:00""}, {""event"": ""Incident Resolved - System metrics stabilized"", ""timestamp"": ""2021-12-26 18:49:00""}]",Applied mitigation at 15:41:00 by rolling back production deployment DEP-0660 or applying hotfix. Monitored CPU and error rates until they returned to baseline levels.,DEP-0660,PR-0327,ADR-0082,Require explain-plan checks in CI/CD pipelines for any new migration files. Enforce indexing guidelines for foreign keys.
INC-0319,Database connection pool exhaustion on atlaspay-gateway,"The service connection pool size was set to 20, but under heavy concurrent traffic, queries blocked on PostgreSQL, causing requests to queue up and exhaust all worker threads. The health check endpoint also blocked, leading Kubernetes to restart pods in a loop.",P0,"[{""event"": ""System Alert - Anomalous Metrics Detected"", ""timestamp"": ""2021-12-27 02:57:00""}, {""event"": ""On-call Engineer Acknowledged Alert"", ""timestamp"": ""2021-12-27 03:11:00""}, {""event"": ""Mitigation Applied - Rolled back deployment"", ""timestamp"": ""2021-12-27 03:48:00""}, {""event"": ""Incident Resolved - System metrics stabilized"", ""timestamp"": ""2021-12-27 06:54:00""}]",Applied mitigation at 03:48:00 by rolling back production deployment DEP-0663 or applying hotfix. Monitored CPU and error rates until they returned to baseline levels.,DEP-0663,PR-0331,ADR-0079,"We must decoupled health check endpoints from primary database checks (make them shallow), increase connection pool limits, and implement rate limiting on expensive endpoints."
INC-0320,Routing loop in Istio service mesh for insightcrm-analytics,A misconfigured VirtualService manifest in Terraform caused traffic to cycle between the canary deployment and the main service. Latency spiked and error rates reached 100% due to maximum hop recursion.,P0,"[{""event"": ""System Alert - Anomalous Metrics Detected"", ""timestamp"": ""2021-12-28 16:12:00""}, {""event"": ""On-call Engineer Acknowledged Alert"", ""timestamp"": ""2021-12-28 16:22:00""}, {""event"": ""Mitigation Applied - Increased pod count"", ""timestamp"": ""2021-12-28 17:24:00""}, {""event"": ""Incident Resolved - System metrics stabilized"", ""timestamp"": ""2021-12-28 18:15:00""}]",Applied mitigation at 17:24:00 by rolling back production deployment DEP-0665 or applying hotfix. Monitored CPU and error rates until they returned to baseline levels.,DEP-0665,PR-0336,ADR-0080,Add deployment linting checks for mesh configurations. Implement dry-run verification steps in CI/CD pipeline before applying mesh routes.
INC-0321,Out of memory (OOM) crash in fusionerp-core pod during batch processing,A memory leak in the Go/Python worker loop processing batch uploads. The worker accumulated pointers in a global slice and did not trigger garbage collection timely. Pod reached K8s limit (2Gi) and got OOMKilled.,P1,"[{""event"": ""System Alert - Anomalous Metrics Detected"", ""timestamp"": ""2021-12-30 09:50:00""}, {""event"": ""On-call Engineer Acknowledged Alert"", ""timestamp"": ""2021-12-30 10:04:00""}, {""event"": ""Mitigation Applied - Increased pod count"", ""timestamp"": ""2021-12-30 10:58:00""}, {""event"": ""Incident Resolved - System metrics stabilized"", ""timestamp"": ""2021-12-30 12:40:00""}]",Applied mitigation at 10:58:00 by rolling back production deployment DEP-0667 or applying hotfix. Monitored CPU and error rates until they returned to baseline levels.,DEP-0667,PR-0334,ADR-0084,"Profile heap usage during batch tasks, reuse object buffers, and add strict memory limits to K8s configs with warnings at 80% usage."
INC-0322,Message lag spike on Kafka partition for cloudsync-storage,"A slow consumer thread due to synchronous downstream HTTP calls. As partition size grew, processing fell behind by over 50,000 messages, delaying order processing in NovaCommerce.",P1,"[{""event"": ""System Alert - Anomalous Metrics Detected"", ""timestamp"": ""2021-12-31 22:26:00""}, {""event"": ""On-call Engineer Acknowledged Alert"", ""timestamp"": ""2021-12-31 22:40:00""}, {""event"": ""Mitigation Applied - Increased pod count"", ""timestamp"": ""2021-12-31 23:54:00""}, {""event"": ""Incident Resolved - System metrics stabilized"", ""timestamp"": ""2022-01-01 01:20:00""}]",Applied mitigation at 23:54:00 by rolling back production deployment DEP-0670 or applying hotfix. Monitored CPU and error rates until they returned to baseline levels.,DEP-0670,PR-0312,ADR-0075,"Implement worker pool concurrency in consumer code, wrap calls in circuit breakers, and monitor consumer lag metrics to trigger auto-scaling."
INC-0323,Cache stampede in visionai-training for metadata queries,"An eviction of high-frequency metadata cache keys in Redis occurred concurrently with a traffic spike. Thousands of pods hit the underlying database at once to re-fetch the metadata, locking tables.",P1,"[{""event"": ""System Alert - Anomalous Metrics Detected"", ""timestamp"": ""2022-01-01 11:46:00""}, {""event"": ""On-call Engineer Acknowledged Alert"", ""timestamp"": ""2022-01-01 11:51:00""}, {""event"": ""Mitigation Applied - Rolled back deployment"", ""timestamp"": ""2022-01-01 12:26:00""}, {""event"": ""Incident Resolved - System metrics stabilized"", ""timestamp"": ""2022-01-01 16:18:00""}]",Applied mitigation at 12:26:00 by rolling back production deployment DEP-0672 or applying hotfix. Monitored CPU and error rates until they returned to baseline levels.,DEP-0672,PR-0340,ADR-0085,Implement cache key locking/mutexes (single-flight pattern) so only one request updates the cache while others wait. Add jitter to cache TTLs.
INC-0324,Cache stampede in visionai-training for metadata queries,"An eviction of high-frequency metadata cache keys in Redis occurred concurrently with a traffic spike. Thousands of pods hit the underlying database at once to re-fetch the metadata, locking tables.",P1,"[{""event"": ""System Alert - Anomalous Metrics Detected"", ""timestamp"": ""2022-01-01 18:31:00""}, {""event"": ""On-call Engineer Acknowledged Alert"", ""timestamp"": ""2022-01-01 18:36:00""}, {""event"": ""Mitigation Applied - Flushed cache"", ""timestamp"": ""2022-01-01 19:16:00""}, {""event"": ""Incident Resolved - System metrics stabilized"", ""timestamp"": ""2022-01-01 21:50:00""}]",Applied mitigation at 19:16:00 by rolling back production deployment DEP-0674 or applying hotfix. Monitored CPU and error rates until they returned to baseline levels.,DEP-0674,PR-0344,ADR-0083,Implement cache key locking/mutexes (single-flight pattern) so only one request updates the cache while others wait. Add jitter to cache TTLs.
INC-0325,Out of memory (OOM) crash in insightcrm-analytics pod during batch processing,A memory leak in the Go/Python worker loop processing batch uploads. The worker accumulated pointers in a global slice and did not trigger garbage collection timely. Pod reached K8s limit (2Gi) and got OOMKilled.,P1,"[{""event"": ""System Alert - Anomalous Metrics Detected"", ""timestamp"": ""2022-01-02 07:49:00""}, {""event"": ""On-call Engineer Acknowledged Alert"", ""timestamp"": ""2022-01-02 07:58:00""}, {""event"": ""Mitigation Applied - Flushed cache"", ""timestamp"": ""2022-01-02 08:41:00""}, {""event"": ""Incident Resolved - System metrics stabilized"", ""timestamp"": ""2022-01-02 11:17:00""}]",Applied mitigation at 08:41:00 by rolling back production deployment DEP-0678 or applying hotfix. Monitored CPU and error rates until they returned to baseline levels.,DEP-0678,PR-0339,ADR-0081,"Profile heap usage during batch tasks, reuse object buffers, and add strict memory limits to K8s configs with warnings at 80% usage."
INC-0326,Out of memory (OOM) crash in novacommerce-checkout pod during batch processing,A memory leak in the Go/Python worker loop processing batch uploads. The worker accumulated pointers in a global slice and did not trigger garbage collection timely. Pod reached K8s limit (1Gi) and got OOMKilled.,P1,"[{""event"": ""System Alert - Anomalous Metrics Detected"", ""timestamp"": ""2022-01-02 09:39:00""}, {""event"": ""On-call Engineer Acknowledged Alert"", ""timestamp"": ""2022-01-02 09:50:00""}, {""event"": ""Mitigation Applied - Rolled back deployment"", ""timestamp"": ""2022-01-02 10:30:00""}, {""event"": ""Incident Resolved - System metrics stabilized"", ""timestamp"": ""2022-01-02 11:19:00""}]",Applied mitigation at 10:30:00 by rolling back production deployment DEP-0676 or applying hotfix. Monitored CPU and error rates until they returned to baseline levels.,DEP-0676,PR-0338,ADR-0086,"Profile heap usage during batch tasks, reuse object buffers, and add strict memory limits to K8s configs with warnings at 80% usage."
INC-0327,Routing loop in Istio service mesh for visionai-training,A misconfigured VirtualService manifest in Terraform caused traffic to cycle between the canary deployment and the main service. Latency spiked and error rates reached 100% due to maximum hop recursion.,P0,"[{""event"": ""System Alert - Anomalous Metrics Detected"", ""timestamp"": ""2022-01-03 01:45:00""}, {""event"": ""On-call Engineer Acknowledged Alert"", ""timestamp"": ""2022-01-03 01:48:00""}, {""event"": ""Mitigation Applied - Increased pod count"", ""timestamp"": ""2022-01-03 02:21:00""}, {""event"": ""Incident Resolved - System metrics stabilized"", ""timestamp"": ""2022-01-03 04:38:00""}]",Applied mitigation at 02:21:00 by rolling back production deployment DEP-0684 or applying hotfix. Monitored CPU and error rates until they returned to baseline levels.,DEP-0684,PR-0346,ADR-0083,Add deployment linting checks for mesh configurations. Implement dry-run verification steps in CI/CD pipeline before applying mesh routes.
INC-0328,Out of memory (OOM) crash in fusionerp-frontend pod during batch processing,A memory leak in the Go/Python worker loop processing batch uploads. The worker accumulated pointers in a global slice and did not trigger garbage collection timely. Pod reached K8s limit (2Gi) and got OOMKilled.,P1,"[{""event"": ""System Alert - Anomalous Metrics Detected"", ""timestamp"": ""2022-01-03 11:56:00""}, {""event"": ""On-call Engineer Acknowledged Alert"", ""timestamp"": ""2022-01-03 12:09:00""}, {""event"": ""Mitigation Applied - Increased pod count"", ""timestamp"": ""2022-01-03 13:12:00""}, {""event"": ""Incident Resolved - System metrics stabilized"", ""timestamp"": ""2022-01-03 15:35:00""}]",Applied mitigation at 13:12:00 by rolling back production deployment DEP-0682 or applying hotfix. Monitored CPU and error rates until they returned to baseline levels.,DEP-0682,PR-0343,ADR-0082,"Profile heap usage during batch tasks, reuse object buffers, and add strict memory limits to K8s configs with warnings at 80% usage."
INC-0329,Routing loop in Istio service mesh for novacommerce-cart,A misconfigured VirtualService manifest in Terraform caused traffic to cycle between the canary deployment and the main service. Latency spiked and error rates reached 100% due to maximum hop recursion.,P0,"[{""event"": ""System Alert - Anomalous Metrics Detected"", ""timestamp"": ""2022-01-03 21:09:00""}, {""event"": ""On-call Engineer Acknowledged Alert"", ""timestamp"": ""2022-01-03 21:18:00""}, {""event"": ""Mitigation Applied - Increased pod count"", ""timestamp"": ""2022-01-03 21:46:00""}, {""event"": ""Incident Resolved - System metrics stabilized"", ""timestamp"": ""2022-01-04 01:46:00""}]",Applied mitigation at 21:46:00 by rolling back production deployment DEP-0680 or applying hotfix. Monitored CPU and error rates until they returned to baseline levels.,DEP-0680,PR-0315,ADR-0076,Add deployment linting checks for mesh configurations. Implement dry-run verification steps in CI/CD pipeline before applying mesh routes.
INC-0330,Database connection pool exhaustion on fusionerp-frontend,"The service connection pool size was set to 20, but under heavy concurrent traffic, queries blocked on database, causing requests to queue up and exhaust all worker threads. The health check endpoint also blocked, leading Kubernetes to restart pods in a loop.",P0,"[{""event"": ""System Alert - Anomalous Metrics Detected"", ""timestamp"": ""2022-01-08 01:49:00""}, {""event"": ""On-call Engineer Acknowledged Alert"", ""timestamp"": ""2022-01-08 02:01:00""}, {""event"": ""Mitigation Applied - Flushed cache"", ""timestamp"": ""2022-01-08 02:27:00""}, {""event"": ""Incident Resolved - System metrics stabilized"", ""timestamp"": ""2022-01-08 05:43:00""}]",Applied mitigation at 02:27:00 by rolling back production deployment DEP-0686 or applying hotfix. Monitored CPU and error rates until they returned to baseline levels.,DEP-0686,PR-0349,ADR-0082,"We must decoupled health check endpoints from primary database checks (make them shallow), increase connection pool limits, and implement rate limiting on expensive endpoints."
INC-0331,Cache stampede in platform-k8s-mesh for metadata queries,"An eviction of high-frequency metadata cache keys in Redis occurred concurrently with a traffic spike. Thousands of pods hit the underlying database at once to re-fetch the metadata, locking tables.",P1,"[{""event"": ""System Alert - Anomalous Metrics Detected"", ""timestamp"": ""2022-01-08 16:00:00""}, {""event"": ""On-call Engineer Acknowledged Alert"", ""timestamp"": ""2022-01-08 16:05:00""}, {""event"": ""Mitigation Applied - Increased pod count"", ""timestamp"": ""2022-01-08 16:49:00""}, {""event"": ""Incident Resolved - System metrics stabilized"", ""timestamp"": ""2022-01-08 18:52:00""}]",Applied mitigation at 16:49:00 by rolling back production deployment DEP-0690 or applying hotfix. Monitored CPU and error rates until they returned to baseline levels.,DEP-0690,PR-0360,,Implement cache key locking/mutexes (single-flight pattern) so only one request updates the cache while others wait. Add jitter to cache TTLs.
INC-0332,Cache stampede in platform-monitoring for metadata queries,"An eviction of high-frequency metadata cache keys in Redis occurred concurrently with a traffic spike. Thousands of pods hit the underlying database at once to re-fetch the metadata, locking tables.",P1,"[{""event"": ""System Alert - Anomalous Metrics Detected"", ""timestamp"": ""2022-01-08 23:35:00""}, {""event"": ""On-call Engineer Acknowledged Alert"", ""timestamp"": ""2022-01-08 23:49:00""}, {""event"": ""Mitigation Applied - Rolled back deployment"", ""timestamp"": ""2022-01-09 00:51:00""}, {""event"": ""Incident Resolved - System metrics stabilized"", ""timestamp"": ""2022-01-09 02:47:00""}]",Applied mitigation at 00:51:00 by rolling back production deployment DEP-0688 or applying hotfix. Monitored CPU and error rates until they returned to baseline levels.,DEP-0688,PR-0320,ADR-0077,Implement cache key locking/mutexes (single-flight pattern) so only one request updates the cache while others wait. Add jitter to cache TTLs.
INC-0333,Database connection pool exhaustion on fusionerp-frontend,"The service connection pool size was set to 20, but under heavy concurrent traffic, queries blocked on database, causing requests to queue up and exhaust all worker threads. The health check endpoint also blocked, leading Kubernetes to restart pods in a loop.",P0,"[{""event"": ""System Alert - Anomalous Metrics Detected"", ""timestamp"": ""2022-01-09 15:03:00""}, {""event"": ""On-call Engineer Acknowledged Alert"", ""timestamp"": ""2022-01-09 15:17:00""}, {""event"": ""Mitigation Applied - Rolled back deployment"", ""timestamp"": ""2022-01-09 16:42:00""}, {""event"": ""Incident Resolved - System metrics stabilized"", ""timestamp"": ""2022-01-09 18:30:00""}]",Applied mitigation at 16:42:00 by rolling back production deployment DEP-0692 or applying hotfix. Monitored CPU and error rates until they returned to baseline levels.,DEP-0692,PR-0347,,"We must decoupled health check endpoints from primary database checks (make them shallow), increase connection pool limits, and implement rate limiting on expensive endpoints."
INC-0334,Database connection pool exhaustion on fusionerp-frontend,"The service connection pool size was set to 20, but under heavy concurrent traffic, queries blocked on database, causing requests to queue up and exhaust all worker threads. The health check endpoint also blocked, leading Kubernetes to restart pods in a loop.",P0,"[{""event"": ""System Alert - Anomalous Metrics Detected"", ""timestamp"": ""2022-01-10 05:44:00""}, {""event"": ""On-call Engineer Acknowledged Alert"", ""timestamp"": ""2022-01-10 05:49:00""}, {""event"": ""Mitigation Applied - Rolled back deployment"", ""timestamp"": ""2022-01-10 06:37:00""}, {""event"": ""Incident Resolved - System metrics stabilized"", ""timestamp"": ""2022-01-10 07:28:00""}]",Applied mitigation at 06:37:00 by rolling back production deployment DEP-0698 or applying hotfix. Monitored CPU and error rates until they returned to baseline levels.,DEP-0698,PR-0345,ADR-0082,"We must decoupled health check endpoints from primary database checks (make them shallow), increase connection pool limits, and implement rate limiting on expensive endpoints."
INC-0335,Cache stampede in novacommerce-cart for metadata queries,"An eviction of high-frequency metadata cache keys in Redis occurred concurrently with a traffic spike. Thousands of pods hit the underlying database at once to re-fetch the metadata, locking tables.",P1,"[{""event"": ""System Alert - Anomalous Metrics Detected"", ""timestamp"": ""2022-01-10 08:52:00""}, {""event"": ""On-call Engineer Acknowledged Alert"", ""timestamp"": ""2022-01-10 09:07:00""}, {""event"": ""Mitigation Applied - Flushed cache"", ""timestamp"": ""2022-01-10 09:39:00""}, {""event"": ""Incident Resolved - System metrics stabilized"", ""timestamp"": ""2022-01-10 10:15:00""}]",Applied mitigation at 09:39:00 by rolling back production deployment DEP-0694 or applying hotfix. Monitored CPU and error rates until they returned to baseline levels.,DEP-0694,PR-0324,ADR-0078,Implement cache key locking/mutexes (single-flight pattern) so only one request updates the cache while others wait. Add jitter to cache TTLs.
INC-0336,Message lag spike on Kafka partition for atlaspay-gateway,"A slow consumer thread due to synchronous downstream HTTP calls. As partition size grew, processing fell behind by over 50,000 messages, delaying order processing in NovaCommerce.",P1,"[{""event"": ""System Alert - Anomalous Metrics Detected"", ""timestamp"": ""2022-01-10 13:37:00""}, {""event"": ""On-call Engineer Acknowledged Alert"", ""timestamp"": ""2022-01-10 13:41:00""}, {""event"": ""Mitigation Applied - Increased pod count"", ""timestamp"": ""2022-01-10 14:00:00""}, {""event"": ""Incident Resolved - System metrics stabilized"", ""timestamp"": ""2022-01-10 14:51:00""}]",Applied mitigation at 14:00:00 by rolling back production deployment DEP-0696 or applying hotfix. Monitored CPU and error rates until they returned to baseline levels.,DEP-0696,PR-0325,ADR-0079,"Implement worker pool concurrency in consumer code, wrap calls in circuit breakers, and monitor consumer lag metrics to trigger auto-scaling."
INC-0337,Cache stampede in fusionerp-payroll for metadata queries,"An eviction of high-frequency metadata cache keys in Redis occurred concurrently with a traffic spike. Thousands of pods hit the underlying database at once to re-fetch the metadata, locking tables.",P1,"[{""event"": ""System Alert - Anomalous Metrics Detected"", ""timestamp"": ""2022-01-12 20:40:00""}, {""event"": ""On-call Engineer Acknowledged Alert"", ""timestamp"": ""2022-01-12 20:55:00""}, {""event"": ""Mitigation Applied - Increased pod count"", ""timestamp"": ""2022-01-12 21:26:00""}, {""event"": ""Incident Resolved - System metrics stabilized"", ""timestamp"": ""2022-01-13 00:37:00""}]",Applied mitigation at 21:26:00 by rolling back production deployment DEP-0700 or applying hotfix. Monitored CPU and error rates until they returned to baseline levels.,DEP-0700,PR-0358,ADR-0089,Implement cache key locking/mutexes (single-flight pattern) so only one request updates the cache while others wait. Add jitter to cache TTLs.
INC-0338,Database connection pool exhaustion on visionai-training,"The service connection pool size was set to 20, but under heavy concurrent traffic, queries blocked on database, causing requests to queue up and exhaust all worker threads. The health check endpoint also blocked, leading Kubernetes to restart pods in a loop.",P0,"[{""event"": ""System Alert - Anomalous Metrics Detected"", ""timestamp"": ""2022-01-13 08:23:00""}, {""event"": ""On-call Engineer Acknowledged Alert"", ""timestamp"": ""2022-01-13 08:31:00""}, {""event"": ""Mitigation Applied - Flushed cache"", ""timestamp"": ""2022-01-13 09:57:00""}, {""event"": ""Incident Resolved - System metrics stabilized"", ""timestamp"": ""2022-01-13 13:25:00""}]",Applied mitigation at 09:57:00 by rolling back production deployment DEP-0702 or applying hotfix. Monitored CPU and error rates until they returned to baseline levels.,DEP-0702,PR-0356,ADR-0085,"We must decoupled health check endpoints from primary database checks (make them shallow), increase connection pool limits, and implement rate limiting on expensive endpoints."
INC-0339,Message lag spike on Kafka partition for cloudsync-desktop,"A slow consumer thread due to synchronous downstream HTTP calls. As partition size grew, processing fell behind by over 50,000 messages, delaying order processing in NovaCommerce.",P1,"[{""event"": ""System Alert - Anomalous Metrics Detected"", ""timestamp"": ""2022-01-14 03:28:00""}, {""event"": ""On-call Engineer Acknowledged Alert"", ""timestamp"": ""2022-01-14 03:33:00""}, {""event"": ""Mitigation Applied - Increased pod count"", ""timestamp"": ""2022-01-14 03:48:00""}, {""event"": ""Incident Resolved - System metrics stabilized"", ""timestamp"": ""2022-01-14 07:30:00""}]",Applied mitigation at 03:48:00 by rolling back production deployment DEP-0708 or applying hotfix. Monitored CPU and error rates until they returned to baseline levels.,DEP-0708,PR-0364,ADR-0090,"Implement worker pool concurrency in consumer code, wrap calls in circuit breakers, and monitor consumer lag metrics to trigger auto-scaling."
INC-0340,Database connection pool exhaustion on insightcrm-analytics,"The service connection pool size was set to 20, but under heavy concurrent traffic, queries blocked on database, causing requests to queue up and exhaust all worker threads. The health check endpoint also blocked, leading Kubernetes to restart pods in a loop.",P0,"[{""event"": ""System Alert - Anomalous Metrics Detected"", ""timestamp"": ""2022-01-14 09:41:00""}, {""event"": ""On-call Engineer Acknowledged Alert"", ""timestamp"": ""2022-01-14 09:49:00""}, {""event"": ""Mitigation Applied - Flushed cache"", ""timestamp"": ""2022-01-14 10:40:00""}, {""event"": ""Incident Resolved - System metrics stabilized"", ""timestamp"": ""2022-01-14 13:29:00""}]",Applied mitigation at 10:40:00 by rolling back production deployment DEP-0710 or applying hotfix. Monitored CPU and error rates until they returned to baseline levels.,DEP-0710,PR-0365,ADR-0088,"We must decoupled health check endpoints from primary database checks (make them shallow), increase connection pool limits, and implement rate limiting on expensive endpoints."
INC-0341,Routing loop in Istio service mesh for visionai-inference,A misconfigured VirtualService manifest in Terraform caused traffic to cycle between the canary deployment and the main service. Latency spiked and error rates reached 100% due to maximum hop recursion.,P0,"[{""event"": ""System Alert - Anomalous Metrics Detected"", ""timestamp"": ""2022-01-14 14:33:00""}, {""event"": ""On-call Engineer Acknowledged Alert"", ""timestamp"": ""2022-01-14 14:46:00""}, {""event"": ""Mitigation Applied - Increased pod count"", ""timestamp"": ""2022-01-14 16:06:00""}, {""event"": ""Incident Resolved - System metrics stabilized"", ""timestamp"": ""2022-01-14 18:31:00""}]",Applied mitigation at 16:06:00 by rolling back production deployment DEP-0706 or applying hotfix. Monitored CPU and error rates until they returned to baseline levels.,DEP-0706,PR-0357,ADR-0087,Add deployment linting checks for mesh configurations. Implement dry-run verification steps in CI/CD pipeline before applying mesh routes.
INC-0342,Routing loop in Istio service mesh for insightcrm-analytics,A misconfigured VirtualService manifest in Terraform caused traffic to cycle between the canary deployment and the main service. Latency spiked and error rates reached 100% due to maximum hop recursion.,P0,"[{""event"": ""System Alert - Anomalous Metrics Detected"", ""timestamp"": ""2022-01-14 16:34:00""}, {""event"": ""On-call Engineer Acknowledged Alert"", ""timestamp"": ""2022-01-14 16:45:00""}, {""event"": ""Mitigation Applied - Flushed cache"", ""timestamp"": ""2022-01-14 17:21:00""}, {""event"": ""Incident Resolved - System metrics stabilized"", ""timestamp"": ""2022-01-14 20:30:00""}]",Applied mitigation at 17:21:00 by rolling back production deployment DEP-0712 or applying hotfix. Monitored CPU and error rates until they returned to baseline levels.,DEP-0712,PR-0367,ADR-0088,Add deployment linting checks for mesh configurations. Implement dry-run verification steps in CI/CD pipeline before applying mesh routes.
INC-0343,Out of memory (OOM) crash in novacommerce-ui pod during batch processing,A memory leak in the Go/Python worker loop processing batch uploads. The worker accumulated pointers in a global slice and did not trigger garbage collection timely. Pod reached K8s limit (512Mi) and got OOMKilled.,P1,"[{""event"": ""System Alert - Anomalous Metrics Detected"", ""timestamp"": ""2022-01-14 18:14:00""}, {""event"": ""On-call Engineer Acknowledged Alert"", ""timestamp"": ""2022-01-14 18:17:00""}, {""event"": ""Mitigation Applied - Rolled back deployment"", ""timestamp"": ""2022-01-14 18:43:00""}, {""event"": ""Incident Resolved - System metrics stabilized"", ""timestamp"": ""2022-01-14 19:17:00""}]",Applied mitigation at 18:43:00 by rolling back production deployment DEP-0704 or applying hotfix. Monitored CPU and error rates until they returned to baseline levels.,DEP-0704,PR-0354,,"Profile heap usage during batch tasks, reuse object buffers, and add strict memory limits to K8s configs with warnings at 80% usage."
INC-0344,Unoptimized query on novacommerce-checkout database after release,A new feature did a sequential scan on a table containing 10M+ rows because the foreign key index was omitted in the migration script. CPU spiked to 100% and query latency went from 5ms to 8000ms.,P2,"[{""event"": ""System Alert - Anomalous Metrics Detected"", ""timestamp"": ""2022-01-15 10:06:00""}, {""event"": ""On-call Engineer Acknowledged Alert"", ""timestamp"": ""2022-01-15 10:17:00""}, {""event"": ""Mitigation Applied - Rolled back deployment"", ""timestamp"": ""2022-01-15 10:58:00""}, {""event"": ""Incident Resolved - System metrics stabilized"", ""timestamp"": ""2022-01-15 13:42:00""}]",Applied mitigation at 10:58:00 by rolling back production deployment DEP-0714 or applying hotfix. Monitored CPU and error rates until they returned to baseline levels.,DEP-0714,PR-0359,ADR-0086,Require explain-plan checks in CI/CD pipelines for any new migration files. Enforce indexing guidelines for foreign keys.
INC-0345,Out of memory (OOM) crash in novacommerce-checkout pod during batch processing,A memory leak in the Go/Python worker loop processing batch uploads. The worker accumulated pointers in a global slice and did not trigger garbage collection timely. Pod reached K8s limit (1Gi) and got OOMKilled.,P1,"[{""event"": ""System Alert - Anomalous Metrics Detected"", ""timestamp"": ""2022-01-17 10:08:00""}, {""event"": ""On-call Engineer Acknowledged Alert"", ""timestamp"": ""2022-01-17 10:19:00""}, {""event"": ""Mitigation Applied - Increased pod count"", ""timestamp"": ""2022-01-17 11:05:00""}, {""event"": ""Incident Resolved - System metrics stabilized"", ""timestamp"": ""2022-01-17 12:12:00""}]",Applied mitigation at 11:05:00 by rolling back production deployment DEP-0719 or applying hotfix. Monitored CPU and error rates until they returned to baseline levels.,DEP-0719,PR-0355,ADR-0086,"Profile heap usage during batch tasks, reuse object buffers, and add strict memory limits to K8s configs with warnings at 80% usage."
INC-0346,Out of memory (OOM) crash in fusionerp-core pod during batch processing,A memory leak in the Go/Python worker loop processing batch uploads. The worker accumulated pointers in a global slice and did not trigger garbage collection timely. Pod reached K8s limit (1Gi) and got OOMKilled.,P1,"[{""event"": ""System Alert - Anomalous Metrics Detected"", ""timestamp"": ""2022-01-17 16:50:00""}, {""event"": ""On-call Engineer Acknowledged Alert"", ""timestamp"": ""2022-01-17 17:01:00""}, {""event"": ""Mitigation Applied - Increased pod count"", ""timestamp"": ""2022-01-17 18:05:00""}, {""event"": ""Incident Resolved - System metrics stabilized"", ""timestamp"": ""2022-01-17 21:10:00""}]",Applied mitigation at 18:05:00 by rolling back production deployment DEP-0716 or applying hotfix. Monitored CPU and error rates until they returned to baseline levels.,DEP-0716,PR-0352,ADR-0084,"Profile heap usage during batch tasks, reuse object buffers, and add strict memory limits to K8s configs with warnings at 80% usage."
INC-0347,Unoptimized query on visionai-inference database after release,A new feature did a sequential scan on a table containing 10M+ rows because the foreign key index was omitted in the migration script. CPU spiked to 100% and query latency went from 5ms to 8000ms.,P2,"[{""event"": ""System Alert - Anomalous Metrics Detected"", ""timestamp"": ""2022-01-18 07:06:00""}, {""event"": ""On-call Engineer Acknowledged Alert"", ""timestamp"": ""2022-01-18 07:11:00""}, {""event"": ""Mitigation Applied - Flushed cache"", ""timestamp"": ""2022-01-18 07:42:00""}, {""event"": ""Incident Resolved - System metrics stabilized"", ""timestamp"": ""2022-01-18 08:26:00""}]",Applied mitigation at 07:42:00 by rolling back production deployment DEP-0724 or applying hotfix. Monitored CPU and error rates until they returned to baseline levels.,DEP-0724,PR-0361,ADR-0087,Require explain-plan checks in CI/CD pipelines for any new migration files. Enforce indexing guidelines for foreign keys.
INC-0348,Database connection pool exhaustion on insightcrm-analytics,"The service connection pool size was set to 20, but under heavy concurrent traffic, queries blocked on database, causing requests to queue up and exhaust all worker threads. The health check endpoint also blocked, leading Kubernetes to restart pods in a loop.",P0,"[{""event"": ""System Alert - Anomalous Metrics Detected"", ""timestamp"": ""2022-01-19 00:38:00""}, {""event"": ""On-call Engineer Acknowledged Alert"", ""timestamp"": ""2022-01-19 00:52:00""}, {""event"": ""Mitigation Applied - Increased pod count"", ""timestamp"": ""2022-01-19 01:08:00""}, {""event"": ""Incident Resolved - System metrics stabilized"", ""timestamp"": ""2022-01-19 03:19:00""}]",Applied mitigation at 01:08:00 by rolling back production deployment DEP-0722 or applying hotfix. Monitored CPU and error rates until they returned to baseline levels.,DEP-0722,PR-0335,ADR-0080,"We must decoupled health check endpoints from primary database checks (make them shallow), increase connection pool limits, and implement rate limiting on expensive endpoints."
INC-0349,Cache stampede in fusionerp-payroll for metadata queries,"An eviction of high-frequency metadata cache keys in Redis occurred concurrently with a traffic spike. Thousands of pods hit the underlying database at once to re-fetch the metadata, locking tables.",P1,"[{""event"": ""System Alert - Anomalous Metrics Detected"", ""timestamp"": ""2022-01-20 02:31:00""}, {""event"": ""On-call Engineer Acknowledged Alert"", ""timestamp"": ""2022-01-20 02:36:00""}, {""event"": ""Mitigation Applied - Rolled back deployment"", ""timestamp"": ""2022-01-20 03:41:00""}, {""event"": ""Incident Resolved - System metrics stabilized"", ""timestamp"": ""2022-01-20 06:46:00""}]",Applied mitigation at 03:41:00 by rolling back production deployment DEP-0729 or applying hotfix. Monitored CPU and error rates until they returned to baseline levels.,DEP-0729,PR-0371,ADR-0089,Implement cache key locking/mutexes (single-flight pattern) so only one request updates the cache while others wait. Add jitter to cache TTLs.
INC-0350,Database connection pool exhaustion on novacommerce-checkout,"The service connection pool size was set to 20, but under heavy concurrent traffic, queries blocked on database, causing requests to queue up and exhaust all worker threads. The health check endpoint also blocked, leading Kubernetes to restart pods in a loop.",P0,"[{""event"": ""System Alert - Anomalous Metrics Detected"", ""timestamp"": ""2022-01-20 22:03:00""}, {""event"": ""On-call Engineer Acknowledged Alert"", ""timestamp"": ""2022-01-20 22:11:00""}, {""event"": ""Mitigation Applied - Flushed cache"", ""timestamp"": ""2022-01-20 23:14:00""}, {""event"": ""Incident Resolved - System metrics stabilized"", ""timestamp"": ""2022-01-21 01:03:00""}]",Applied mitigation at 23:14:00 by rolling back production deployment DEP-0727 or applying hotfix. Monitored CPU and error rates until they returned to baseline levels.,DEP-0727,PR-0362,ADR-0086,"We must decoupled health check endpoints from primary database checks (make them shallow), increase connection pool limits, and implement rate limiting on expensive endpoints."
INC-0351,Database connection pool exhaustion on insightcrm-analytics,"The service connection pool size was set to 20, but under heavy concurrent traffic, queries blocked on database, causing requests to queue up and exhaust all worker threads. The health check endpoint also blocked, leading Kubernetes to restart pods in a loop.",P0,"[{""event"": ""System Alert - Anomalous Metrics Detected"", ""timestamp"": ""2022-01-21 06:03:00""}, {""event"": ""On-call Engineer Acknowledged Alert"", ""timestamp"": ""2022-01-21 06:06:00""}, {""event"": ""Mitigation Applied - Flushed cache"", ""timestamp"": ""2022-01-21 07:10:00""}, {""event"": ""Incident Resolved - System metrics stabilized"", ""timestamp"": ""2022-01-21 08:55:00""}]",Applied mitigation at 07:10:00 by rolling back production deployment DEP-0731 or applying hotfix. Monitored CPU and error rates until they returned to baseline levels.,DEP-0731,PR-0337,ADR-0081,"We must decoupled health check endpoints from primary database checks (make them shallow), increase connection pool limits, and implement rate limiting on expensive endpoints."
INC-0352,Message lag spike on Kafka partition for insightcrm-analytics,"A slow consumer thread due to synchronous downstream HTTP calls. As partition size grew, processing fell behind by over 50,000 messages, delaying order processing in NovaCommerce.",P1,"[{""event"": ""System Alert - Anomalous Metrics Detected"", ""timestamp"": ""2022-01-22 01:22:00""}, {""event"": ""On-call Engineer Acknowledged Alert"", ""timestamp"": ""2022-01-22 01:36:00""}, {""event"": ""Mitigation Applied - Rolled back deployment"", ""timestamp"": ""2022-01-22 02:33:00""}, {""event"": ""Incident Resolved - System metrics stabilized"", ""timestamp"": ""2022-01-22 05:37:00""}]",Applied mitigation at 02:33:00 by rolling back production deployment DEP-0733 or applying hotfix. Monitored CPU and error rates until they returned to baseline levels.,DEP-0733,PR-0368,ADR-0088,"Implement worker pool concurrency in consumer code, wrap calls in circuit breakers, and monitor consumer lag metrics to trigger auto-scaling."
INC-0353,Cache stampede in visionai-inference for metadata queries,"An eviction of high-frequency metadata cache keys in Redis occurred concurrently with a traffic spike. Thousands of pods hit the underlying database at once to re-fetch the metadata, locking tables.",P1,"[{""event"": ""System Alert - Anomalous Metrics Detected"", ""timestamp"": ""2022-01-22 09:08:00""}, {""event"": ""On-call Engineer Acknowledged Alert"", ""timestamp"": ""2022-01-22 09:22:00""}, {""event"": ""Mitigation Applied - Increased pod count"", ""timestamp"": ""2022-01-22 10:24:00""}, {""event"": ""Incident Resolved - System metrics stabilized"", ""timestamp"": ""2022-01-22 13:26:00""}]",Applied mitigation at 10:24:00 by rolling back production deployment DEP-0735 or applying hotfix. Monitored CPU and error rates until they returned to baseline levels.,DEP-0735,PR-0366,ADR-0087,Implement cache key locking/mutexes (single-flight pattern) so only one request updates the cache while others wait. Add jitter to cache TTLs.
INC-0354,Unoptimized query on cloudsync-desktop database after release,A new feature did a sequential scan on a table containing 10M+ rows because the foreign key index was omitted in the migration script. CPU spiked to 100% and query latency went from 5ms to 8000ms.,P2,"[{""event"": ""System Alert - Anomalous Metrics Detected"", ""timestamp"": ""2022-01-25 02:05:00""}, {""event"": ""On-call Engineer Acknowledged Alert"", ""timestamp"": ""2022-01-25 02:16:00""}, {""event"": ""Mitigation Applied - Flushed cache"", ""timestamp"": ""2022-01-25 02:33:00""}, {""event"": ""Incident Resolved - System metrics stabilized"", ""timestamp"": ""2022-01-25 03:16:00""}]",Applied mitigation at 02:33:00 by rolling back production deployment DEP-0742 or applying hotfix. Monitored CPU and error rates until they returned to baseline levels.,DEP-0742,PR-0378,ADR-0092,Require explain-plan checks in CI/CD pipelines for any new migration files. Enforce indexing guidelines for foreign keys.
INC-0355,Database connection pool exhaustion on fusionerp-frontend,"The service connection pool size was set to 20, but under heavy concurrent traffic, queries blocked on database, causing requests to queue up and exhaust all worker threads. The health check endpoint also blocked, leading Kubernetes to restart pods in a loop.",P0,"[{""event"": ""System Alert - Anomalous Metrics Detected"", ""timestamp"": ""2022-01-25 19:27:00""}, {""event"": ""On-call Engineer Acknowledged Alert"", ""timestamp"": ""2022-01-25 19:36:00""}, {""event"": ""Mitigation Applied - Rolled back deployment"", ""timestamp"": ""2022-01-25 19:51:00""}, {""event"": ""Incident Resolved - System metrics stabilized"", ""timestamp"": ""2022-01-25 21:11:00""}]",Applied mitigation at 19:51:00 by rolling back production deployment DEP-0740 or applying hotfix. Monitored CPU and error rates until they returned to baseline levels.,DEP-0740,PR-0342,ADR-0082,"We must decoupled health check endpoints from primary database checks (make them shallow), increase connection pool limits, and implement rate limiting on expensive endpoints."
INC-0356,Cache stampede in visionai-training for metadata queries,"An eviction of high-frequency metadata cache keys in Redis occurred concurrently with a traffic spike. Thousands of pods hit the underlying database at once to re-fetch the metadata, locking tables.",P1,"[{""event"": ""System Alert - Anomalous Metrics Detected"", ""timestamp"": ""2022-01-26 00:26:00""}, {""event"": ""On-call Engineer Acknowledged Alert"", ""timestamp"": ""2022-01-26 00:39:00""}, {""event"": ""Mitigation Applied - Flushed cache"", ""timestamp"": ""2022-01-26 00:55:00""}, {""event"": ""Incident Resolved - System metrics stabilized"", ""timestamp"": ""2022-01-26 03:40:00""}]",Applied mitigation at 00:55:00 by rolling back production deployment DEP-0737 or applying hotfix. Monitored CPU and error rates until they returned to baseline levels.,DEP-0737,PR-0341,ADR-0083,Implement cache key locking/mutexes (single-flight pattern) so only one request updates the cache while others wait. Add jitter to cache TTLs.
INC-0357,Unoptimized query on atlaspay-ledger database after release,A new feature did a sequential scan on a table containing 10M+ rows because the foreign key index was omitted in the migration script. CPU spiked to 100% and query latency went from 5ms to 8000ms.,P2,"[{""event"": ""System Alert - Anomalous Metrics Detected"", ""timestamp"": ""2022-01-26 10:24:00""}, {""event"": ""On-call Engineer Acknowledged Alert"", ""timestamp"": ""2022-01-26 10:36:00""}, {""event"": ""Mitigation Applied - Rolled back deployment"", ""timestamp"": ""2022-01-26 11:15:00""}, {""event"": ""Incident Resolved - System metrics stabilized"", ""timestamp"": ""2022-01-26 14:09:00""}]",Applied mitigation at 11:15:00 by rolling back production deployment DEP-0744 or applying hotfix. Monitored CPU and error rates until they returned to baseline levels.,DEP-0744,PR-0382,ADR-0093,Require explain-plan checks in CI/CD pipelines for any new migration files. Enforce indexing guidelines for foreign keys.
INC-0358,Cache stampede in cloudsync-desktop for metadata queries,"An eviction of high-frequency metadata cache keys in Redis occurred concurrently with a traffic spike. Thousands of pods hit the underlying database at once to re-fetch the metadata, locking tables.",P1,"[{""event"": ""System Alert - Anomalous Metrics Detected"", ""timestamp"": ""2022-01-28 23:00:00""}, {""event"": ""On-call Engineer Acknowledged Alert"", ""timestamp"": ""2022-01-28 23:11:00""}, {""event"": ""Mitigation Applied - Rolled back deployment"", ""timestamp"": ""2022-01-29 00:24:00""}, {""event"": ""Incident Resolved - System metrics stabilized"", ""timestamp"": ""2022-01-29 01:56:00""}]",Applied mitigation at 00:24:00 by rolling back production deployment DEP-0746 or applying hotfix. Monitored CPU and error rates until they returned to baseline levels.,DEP-0746,PR-0374,ADR-0092,Implement cache key locking/mutexes (single-flight pattern) so only one request updates the cache while others wait. Add jitter to cache TTLs.
INC-0359,Database connection pool exhaustion on fusionerp-core,"The service connection pool size was set to 20, but under heavy concurrent traffic, queries blocked on Oracle, causing requests to queue up and exhaust all worker threads. The health check endpoint also blocked, leading Kubernetes to restart pods in a loop.",P0,"[{""event"": ""System Alert - Anomalous Metrics Detected"", ""timestamp"": ""2022-01-29 07:00:00""}, {""event"": ""On-call Engineer Acknowledged Alert"", ""timestamp"": ""2022-01-29 07:10:00""}, {""event"": ""Mitigation Applied - Flushed cache"", ""timestamp"": ""2022-01-29 08:31:00""}, {""event"": ""Incident Resolved - System metrics stabilized"", ""timestamp"": ""2022-01-29 11:16:00""}]",Applied mitigation at 08:31:00 by rolling back production deployment DEP-0748 or applying hotfix. Monitored CPU and error rates until they returned to baseline levels.,DEP-0748,PR-0348,ADR-0084,"We must decoupled health check endpoints from primary database checks (make them shallow), increase connection pool limits, and implement rate limiting on expensive endpoints."
INC-0360,Message lag spike on Kafka partition for visionai-training,"A slow consumer thread due to synchronous downstream HTTP calls. As partition size grew, processing fell behind by over 50,000 messages, delaying order processing in NovaCommerce.",P1,"[{""event"": ""System Alert - Anomalous Metrics Detected"", ""timestamp"": ""2022-01-31 09:54:00""}, {""event"": ""On-call Engineer Acknowledged Alert"", ""timestamp"": ""2022-01-31 09:57:00""}, {""event"": ""Mitigation Applied - Flushed cache"", ""timestamp"": ""2022-01-31 10:32:00""}, {""event"": ""Incident Resolved - System metrics stabilized"", ""timestamp"": ""2022-01-31 13:41:00""}]",Applied mitigation at 10:32:00 by rolling back production deployment DEP-0750 or applying hotfix. Monitored CPU and error rates until they returned to baseline levels.,DEP-0750,PR-0350,ADR-0085,"Implement worker pool concurrency in consumer code, wrap calls in circuit breakers, and monitor consumer lag metrics to trigger auto-scaling."
